2024-10-30 00:17:42,307 [INFO] McuFinderGlobals:63 - Set McuFinder mode to 2 (CubeIDE integrated)
2024-10-30 00:17:42,312 [INFO] MainUpdater:2873 - connection check result : 10
2024-10-30 00:17:42,312 [INFO] MainUpdater:2873 - connection check result : 10
2024-10-30 00:17:42,361 [INFO] RulesReader:64 - Compatibility file has been processed (297 Rules)
2024-10-30 00:17:42,372 [INFO] RulesReader:64 - Compatibility file has been processed (297 Rules)
2024-10-30 00:17:42,376 [INFO] MicroXplorer:468 - Change Database Path : 
2024-10-30 00:17:42,376 [INFO] MicroXplorer:498 - Change Database Version : DB.6.0.121
2024-10-30 00:17:42,382 [WARN] ThirdParty:871 - waiting for thirdparty lock release [close project]
2024-10-30 00:17:42,382 [INFO] ThirdParty:873 - entering critical section [close project]
2024-10-30 00:17:42,383 [INFO] ThirdParty:883 - exiting critical section [close project]
2024-10-30 00:17:42,385 [INFO] PinOutPanel:1561 - setPackage(No Configuration,No Configuration)
2024-10-30 00:17:42,390 [INFO] UtilMem:75 - Begin LoadConfig() Used Memory: 323716024 Bytes (618659840)
2024-10-30 00:17:42,391 [INFO] MicroXplorer:468 - Change Database Path : 
2024-10-30 00:17:42,391 [INFO] MicroXplorer:498 - Change Database Version : DB.6.0.121
2024-10-30 00:17:42,391 [INFO] OpenFileManager:332 - Change cursor
2024-10-30 00:17:42,419 [INFO] Mcu:2032 - Initializing MCU STM32G474R(B-C-E)Tx STM32G474RETx STM32G474RET6
2024-10-30 00:17:46,712 [INFO] Context:742 - Trying to add GPIOservice into a context  which must be forbidden
2024-10-30 00:17:49,094 [INFO] ApiDbMcu:508 - Load IP Config File for NUCLEO-G474RE
2024-10-30 00:17:49,391 [INFO] RtosManager:555 - Registered RTOS mode: class=CMSIS, group=RTOS, mode=CMSIS_V1, owner=FREERTOS
2024-10-30 00:17:49,392 [INFO] RtosManager:555 - Registered RTOS mode: class=CMSIS, group=RTOS2, mode=CMSIS_V2, owner=FREERTOS
2024-10-30 00:17:49,392 [INFO] RtosManager:555 - Registered RTOS mode: class=RTOS, group=Core, mode=CMSIS_V1, owner=FREERTOS
2024-10-30 00:17:49,392 [INFO] RtosManager:555 - Registered RTOS mode: class=RTOS, group=Core, mode=CMSIS_V2, owner=FREERTOS
2024-10-30 00:17:49,392 [WARN] ModelIntegratedComponent:184 - Missing modes for component STMicroelectronics:FreeRTOS:0.0.1:STMicroelectronics:RTOS:FreeRTOS:Core:::10.2.0:
2024-10-30 00:17:49,401 [WARN] ModelIntegratedComponent:63 - No mode defined for component null
2024-10-30 00:17:49,401 [WARN] ModelIntegratedComponent:63 - No mode defined for component null
2024-10-30 00:17:49,401 [WARN] ModelIntegratedComponent:63 - No mode defined for component null
2024-10-30 00:17:49,402 [WARN] ModelIntegratedComponent:63 - No mode defined for component null
2024-10-30 00:17:49,402 [WARN] ModelIntegratedComponent:63 - No mode defined for component null
2024-10-30 00:17:49,402 [WARN] ModelIntegratedComponent:63 - No mode defined for component null
2024-10-30 00:17:49,402 [WARN] ModelIntegratedComponent:63 - No mode defined for component null
2024-10-30 00:17:49,402 [WARN] ModelIntegratedComponent:63 - No mode defined for component null
2024-10-30 00:17:49,402 [WARN] ModelIntegratedComponent:63 - No mode defined for component null
2024-10-30 00:17:49,402 [WARN] ModelIntegratedComponent:63 - No mode defined for component null
2024-10-30 00:17:49,402 [WARN] ModelIntegratedComponent:63 - No mode defined for component null
2024-10-30 00:17:49,402 [WARN] ModelIntegratedComponent:63 - No mode defined for component null
2024-10-30 00:17:49,402 [WARN] ModelIntegratedComponent:63 - No mode defined for component null
2024-10-30 00:17:49,402 [WARN] ModelIntegratedComponent:63 - No mode defined for component null
2024-10-30 00:17:49,402 [WARN] ModelIntegratedComponent:63 - No mode defined for component null
2024-10-30 00:17:49,402 [WARN] ModelIntegratedComponent:63 - No mode defined for component null
2024-10-30 00:17:49,402 [WARN] ModelIntegratedComponent:63 - No mode defined for component null
2024-10-30 00:17:49,402 [WARN] ModelIntegratedComponent:63 - No mode defined for component null
2024-10-30 00:17:49,402 [WARN] ModelIntegratedComponent:63 - No mode defined for component null
2024-10-30 00:17:49,402 [WARN] ModelIntegratedComponent:63 - No mode defined for component null
2024-10-30 00:17:49,402 [WARN] ModelIntegratedComponent:63 - No mode defined for component null
2024-10-30 00:17:49,402 [WARN] ModelIntegratedComponent:63 - No mode defined for component null
2024-10-30 00:17:49,402 [WARN] ModelIntegratedComponent:63 - No mode defined for component null
2024-10-30 00:17:49,402 [WARN] ModelIntegratedComponent:63 - No mode defined for component null
2024-10-30 00:17:49,403 [WARN] ModelIntegratedComponent:63 - No mode defined for component null
2024-10-30 00:17:49,403 [WARN] ModelIntegratedComponent:63 - No mode defined for component null
2024-10-30 00:17:49,403 [WARN] ModelIntegratedComponent:63 - No mode defined for component null
2024-10-30 00:17:49,403 [WARN] ModelIntegratedComponent:63 - No mode defined for component null
2024-10-30 00:17:49,403 [WARN] ModelIntegratedComponent:63 - No mode defined for component null
2024-10-30 00:17:49,403 [WARN] ModelIntegratedComponent:63 - No mode defined for component null
2024-10-30 00:17:49,403 [WARN] ModelIntegratedComponent:63 - No mode defined for component null
2024-10-30 00:17:49,403 [WARN] ModelIntegratedComponent:63 - No mode defined for component null
2024-10-30 00:17:49,403 [WARN] ModelIntegratedComponent:63 - No mode defined for component null
2024-10-30 00:17:49,403 [WARN] ModelIntegratedComponent:63 - No mode defined for component null
2024-10-30 00:17:49,403 [WARN] ModelIntegratedComponent:63 - No mode defined for component null
2024-10-30 00:17:49,403 [WARN] ModelPack:524 - Component already loaded: STMicroelectronics:HAL Drivers:0.0.0:STMicroelectronics:Device:STMicro_Driver:XSPI:HAL::0.0.1:HAL_XSPI
2024-10-30 00:17:49,433 [INFO] ThirdPartyModel:298 - Start build external matchings
2024-10-30 00:17:49,872 [INFO] ThirdPartyModel:316 - End build external matchings
2024-10-30 00:17:49,884 [INFO] RtosManager:919 - Current active RTOS is FREERTOS [Cortex-M4NS]
2024-10-30 00:17:49,903 [INFO] ImportTextPane:205 - (OptionalMessage_ERROR) IP (DMA) : Parameter (Instance) has Id (LPUART1_RX) currently not set
2024-10-30 00:17:49,903 [INFO] ImportTextPane:205 - (OptionalMessage_ERROR) IP (DMA) : Parameter (Request) has Id (LPUART1_RX) currently not set
2024-10-30 00:17:49,903 [INFO] ImportTextPane:205 - (OptionalMessage_ERROR) IP (DMA) : Parameter (Direction) has Id (LPUART1_RX) currently not set
2024-10-30 00:17:49,903 [INFO] ImportTextPane:205 - (OptionalMessage_ERROR) IP (DMA) : Parameter (PeriphInc) has Id (LPUART1_RX) currently not set
2024-10-30 00:17:49,903 [INFO] ImportTextPane:205 - (OptionalMessage_ERROR) IP (DMA) : Parameter (MemInc) has Id (LPUART1_RX) currently not set
2024-10-30 00:17:49,904 [INFO] ImportTextPane:205 - (OptionalMessage_ERROR) IP (DMA) : Parameter (PeriphDataAlignment) has Id (LPUART1_RX) currently not set
2024-10-30 00:17:49,905 [INFO] ImportTextPane:205 - (OptionalMessage_ERROR) IP (DMA) : Parameter (MemDataAlignment) has Id (LPUART1_RX) currently not set
2024-10-30 00:17:49,905 [INFO] ImportTextPane:205 - (OptionalMessage_ERROR) IP (DMA) : Parameter (Mode) has Id (LPUART1_RX) currently not set
2024-10-30 00:17:49,905 [INFO] ImportTextPane:205 - (OptionalMessage_ERROR) IP (DMA) : Parameter (Priority) has Id (LPUART1_RX) currently not set
2024-10-30 00:17:49,905 [INFO] ImportTextPane:205 - (OptionalMessage_ERROR) IP (DMA) : Parameter (SignalID) has Id (LPUART1_RX) currently not set
2024-10-30 00:17:49,905 [INFO] ImportTextPane:205 - (OptionalMessage_ERROR) IP (DMA) : Parameter (Polarity) has Id (LPUART1_RX) currently not set
2024-10-30 00:17:49,905 [INFO] ImportTextPane:205 - (OptionalMessage_ERROR) IP (DMA) : Parameter (RequestNumber) has Id (LPUART1_RX) currently not set
2024-10-30 00:17:49,906 [INFO] ImportTextPane:205 - (OptionalMessage_ERROR) IP (DMA) : Parameter (SyncSignalID) has Id (LPUART1_RX) currently not set
2024-10-30 00:17:49,906 [INFO] ImportTextPane:205 - (OptionalMessage_ERROR) IP (DMA) : Parameter (SyncPolarity) has Id (LPUART1_RX) currently not set
2024-10-30 00:17:49,906 [INFO] ImportTextPane:205 - (OptionalMessage_ERROR) IP (DMA) : Parameter (SyncEnable) has Id (LPUART1_RX) currently not set
2024-10-30 00:17:49,906 [INFO] ImportTextPane:205 - (OptionalMessage_ERROR) IP (DMA) : Parameter (EventEnable) has Id (LPUART1_RX) currently not set
2024-10-30 00:17:49,906 [INFO] ImportTextPane:205 - (OptionalMessage_ERROR) IP (DMA) : Parameter (SyncRequestNumber) has Id (LPUART1_RX) currently not set
2024-10-30 00:17:49,906 [INFO] ImportTextPane:205 - (OptionalMessage_ERROR) IP (DMA) : Parameter (Instance) has Id (LPUART1_TX) currently not set
2024-10-30 00:17:49,906 [INFO] ImportTextPane:205 - (OptionalMessage_ERROR) IP (DMA) : Parameter (Request) has Id (LPUART1_TX) currently not set
2024-10-30 00:17:49,906 [INFO] ImportTextPane:205 - (OptionalMessage_ERROR) IP (DMA) : Parameter (Direction) has Id (LPUART1_TX) currently not set
2024-10-30 00:17:49,906 [INFO] ImportTextPane:205 - (OptionalMessage_ERROR) IP (DMA) : Parameter (PeriphInc) has Id (LPUART1_TX) currently not set
2024-10-30 00:17:49,906 [INFO] ImportTextPane:205 - (OptionalMessage_ERROR) IP (DMA) : Parameter (MemInc) has Id (LPUART1_TX) currently not set
2024-10-30 00:17:49,906 [INFO] ImportTextPane:205 - (OptionalMessage_ERROR) IP (DMA) : Parameter (PeriphDataAlignment) has Id (LPUART1_TX) currently not set
2024-10-30 00:17:49,907 [INFO] ImportTextPane:205 - (OptionalMessage_ERROR) IP (DMA) : Parameter (MemDataAlignment) has Id (LPUART1_TX) currently not set
2024-10-30 00:17:49,907 [INFO] ImportTextPane:205 - (OptionalMessage_ERROR) IP (DMA) : Parameter (Mode) has Id (LPUART1_TX) currently not set
2024-10-30 00:17:49,907 [INFO] ImportTextPane:205 - (OptionalMessage_ERROR) IP (DMA) : Parameter (Priority) has Id (LPUART1_TX) currently not set
2024-10-30 00:17:49,907 [INFO] ImportTextPane:205 - (OptionalMessage_ERROR) IP (DMA) : Parameter (SignalID) has Id (LPUART1_TX) currently not set
2024-10-30 00:17:49,907 [INFO] ImportTextPane:205 - (OptionalMessage_ERROR) IP (DMA) : Parameter (Polarity) has Id (LPUART1_TX) currently not set
2024-10-30 00:17:49,907 [INFO] ImportTextPane:205 - (OptionalMessage_ERROR) IP (DMA) : Parameter (RequestNumber) has Id (LPUART1_TX) currently not set
2024-10-30 00:17:49,907 [INFO] ImportTextPane:205 - (OptionalMessage_ERROR) IP (DMA) : Parameter (SyncSignalID) has Id (LPUART1_TX) currently not set
2024-10-30 00:17:49,907 [INFO] ImportTextPane:205 - (OptionalMessage_ERROR) IP (DMA) : Parameter (SyncPolarity) has Id (LPUART1_TX) currently not set
2024-10-30 00:17:49,907 [INFO] ImportTextPane:205 - (OptionalMessage_ERROR) IP (DMA) : Parameter (SyncEnable) has Id (LPUART1_TX) currently not set
2024-10-30 00:17:49,907 [INFO] ImportTextPane:205 - (OptionalMessage_ERROR) IP (DMA) : Parameter (EventEnable) has Id (LPUART1_TX) currently not set
2024-10-30 00:17:49,907 [INFO] ImportTextPane:205 - (OptionalMessage_ERROR) IP (DMA) : Parameter (SyncRequestNumber) has Id (LPUART1_TX) currently not set
2024-10-30 00:17:49,921 [INFO] ImportTextPane:205 - (OptionalMessage_ERROR) IP (RCC) : Invalid parameter (FamilyName)
2024-10-30 00:17:49,922 [INFO] ImportTextPane:205 - (OptionalMessage_ERROR) IP (RCC) : Parameter (RNGFreq_Value) has invalid value (170000000)
2024-10-30 00:17:49,923 [INFO] ImportTextPane:205 - (OptionalMessage_ERROR) IP (RCC) : Parameter (USBFreq_Value) has invalid value (170000000)
2024-10-30 00:17:50,328 [INFO] ApiDb:581 - Connected to CubeFinder SQLite database (/home/nakarin/.stmcufinder/plugins/mcufinder/mcu/cube-finder-db.db)
2024-10-30 00:17:50,383 [INFO] ApiDb:668 - CubeFinder database Data Model version=2.1
2024-10-30 00:17:50,383 [INFO] ApiDb:669 - CubeFinder database Configuration version=3.0.39
2024-10-30 00:17:50,384 [INFO] ApiDb:670 - CubeFinder database generation date=2024-10-15 (1729006872)
2024-10-30 00:17:50,384 [INFO] ApiDb:671 - CubeFinder database FW Pack versions=[FP-ATR-ASTRA1_V2.0.0, FP-SNS-FLIGHT1_V5.0.2, FP-SNS-MOTENV1_V5.0.0, FP-SNS-MOTENVWB1_V1.4.0, FP-SNS-SMARTAG2_V1.2.0, FP-SNS-STBOX1_V2.0.0, STM32Cube_FW_C0_V1.2.0, STM32Cube_FW_F4_V1.28.1, STM32Cube_FW_F7_V1.17.2, STM32Cube_FW_G0_V1.6.2, STM32Cube_FW_G4_V1.6.0, STM32Cube_FW_H5_V1.3.0, STM32Cube_FW_H7RS_V1.1.0, STM32Cube_FW_H7_V1.11.2, STM32Cube_FW_L0_V1.12.2, STM32Cube_FW_L5_V1.5.1, STM32Cube_FW_U0_V1.1.0, STM32Cube_FW_U5_V1.6.0, STM32Cube_FW_WB0_V1.0.0, STM32Cube_FW_WBA_V1.4.1, STM32Cube_FW_WB_V1.20.0, STM32Cube_FW_WL_V1.3.0, X-CUBE-ALGOBUILD_V1.4.0, X-CUBE-ALS_V1.0.2, X-CUBE-AZRTOS-F4_V1.1.0, X-CUBE-AZRTOS-F7_V1.1.0, X-CUBE-AZRTOS-G0_V1.1.0, X-CUBE-AZRTOS-G4_V2.0.0, X-CUBE-AZRTOS-H7RS_V1.0.0, X-CUBE-AZRTOS-H7_V3.3.0, X-CUBE-AZRTOS-L4_V2.0.0, X-CUBE-AZRTOS-L5_V2.0.0, X-CUBE-AZRTOS-WB_V2.0.0, X-CUBE-AZRTOS-WL_V2.0.0, X-CUBE-BLE1_V7.0.0, X-CUBE-BLE2_V3.3.0, X-CUBE-BLEMGR_V3.1.0, X-CUBE-EEPRMA1_V5.1.0, X-CUBE-FREERTOS_V1.2.0, X-CUBE-GNSS1_V6.0.0, X-CUBE-MEMS1_V11.0.0, X-CUBE-NFC4_V3.0.0, X-CUBE-NFC7_V1.0.1, X-CUBE-SFXS2LP1_V4.0.0, X-CUBE-SUBG2_V5.0.0, X-CUBE-TOF1_V3.4.2]
2024-10-30 00:17:50,480 [INFO] DbBoardsSqlite:226 - include board P-NUCLEO-WB55-NUCLEO as a kit item of type 'Nucleo-64'
2024-10-30 00:17:50,480 [INFO] DbBoardsSqlite:226 - include board P-NUCLEO-WB55-USBDONGLE as a kit item of type 'Nucleo USB Dongle'
2024-10-30 00:17:50,481 [INFO] DbBoardsSqlite:226 - include board STEVAL-IDP005V1 as a kit item of type 'Evaluation Board'
2024-10-30 00:17:50,482 [INFO] DbBoardsSqlite:226 - include board STEVAL-IDP005V2 as a kit item of type 'Evaluation Board'
2024-10-30 00:17:50,577 [INFO] ApiDb:240 - Found 646 in-development CPN: [B-G473E-ZEST1S, B-WB1M-WPAN1, B-WL5M-SUBG1, NUCLEO-C031C6, NUCLEO-C071RB, NUCLEO-H503RB, NUCLEO-H533RE, NUCLEO-H563ZI, NUCLEO-H7S3L8, NUCLEO-U031R8, NUCLEO-U083RC, NUCLEO-U545RE-Q, NUCLEO-U5A5ZJ-Q, NUCLEO-WB05KZ, NUCLEO-WB07CC, NUCLEO-WB09KE, NUCLEO-WBA52CG, NUCLEO-WBA55CG, STEVAL-PROTEUS1, STEVAL-SMARTAG2, STEVAL-STWINBX1, STM320518-EVAL, STM32C0116-DK, STM32C011D6Y3TR, STM32C011D6Y6TR, STM32C011F4P3, STM32C011F4P6, STM32C011F4U3, STM32C011F4U6TR, STM32C011F6P3, STM32C011F6P6, STM32C011F6U3, STM32C011F6U6TR, STM32C011J4M3, STM32C011J4M6, STM32C011J6M3, STM32C011J6M6, STM32C0316-DK, STM32C031C4T3, STM32C031C4T6, STM32C031C4U3, STM32C031C4U6, STM32C031C6T3, STM32C031C6T6, STM32C031C6U3, STM32C031C6U6, STM32C031F4P3, STM32C031F4P6, STM32C031F6P3, STM32C031F6P6, STM32C031G4U3, STM32C031G4U6, STM32C031G6U3, STM32C031G6U6, STM32C031K4T3, STM32C031K4T6, STM32C031K4U3, STM32C031K4U6, STM32C031K6T3, STM32C031K6T6, STM32C031K6U3, STM32C031K6U6, STM32C071C8T6, STM32C071C8T6N, STM32C071C8U6, STM32C071C8U6N, STM32C071CBT6, STM32C071CBT6N, STM32C071CBU6, STM32C071CBU6N, STM32C071F8P6, STM32C071F8P6N, STM32C071FBP6, STM32C071FBP6N, STM32C071FBY6TR, STM32C071G8U6, STM32C071G8U6N, STM32C071GBU6, STM32C071GBU6N, STM32C071K8T6, STM32C071K8T6N, STM32C071K8U6, STM32C071K8U6N, STM32C071KBT6, STM32C071KBT6N, STM32C071KBU6, STM32C071KBU6N, STM32C071R8T6, STM32C071R8T6N, STM32C071RBI6N, STM32C071RBT6, STM32C071RBT6N, STM32G071K8TXN, STM32G071K8UXN, STM32G081GBU6N, STM32G081KBT6N, STM32G081KBUXN, STM32G0B1CCT6N, STM32G0B1KCT6, STM32G0B1NEY6TR, STM32G0B1RCT6N, STM32G0C1CCT6, STM32G0C1CCT6N, STM32G0C1CCU6N, STM32G0C1CET6N, STM32G0C1CEU6N, STM32G0C1KCT6, STM32G0C1NEY6TR, STM32G0C1RCI6N, STM32G0C1RCT6N, STM32G0C1REI6N, STM32G0C1RET6N, STM32G0C1VCI6, STM32G0C1VEI6, STM32G411C6T3, STM32G411C6T6, STM32G411C6U3, STM32G411C6U6, STM32G411C8T3, STM32G411C8T6, STM32G411C8U3, STM32G411C8U6, STM32G411CBT3, STM32G411CBT6, STM32G411CBU3, STM32G411CBU6, STM32G411K6T3, STM32G411K6T6, STM32G411K6U3, STM32G411K6U6, STM32G411K8T3, STM32G411K8T6, STM32G411K8U3, STM32G411K8U6, STM32G411KBT3, STM32G411KBT6, STM32G411KBU3, STM32G411KBU6, STM32G411M6T3, STM32G411M6T6, STM32G411M8T3, STM32G411M8T6, STM32G411MBT3, STM32G411MBT6, STM32G411R6T3, STM32G411R6T6, STM32G411R8T3, STM32G411R8T6, STM32G411RBT3, STM32G411RBT6, STM32G414CBT3, STM32G414CBT6, STM32G414CBU3, STM32G414CBU6, STM32G414CCT3, STM32G414CCT6, STM32G414CCU3, STM32G414CCU6, STM32G414MBT3, STM32G414MBT6, STM32G414MCT3, STM32G414MCT6, STM32G414RBT3, STM32G414RBT6, STM32G414RCT3, STM32G414RCT6, STM32G414VBT3, STM32G414VBT6, STM32G414VCT3, STM32G414VCT6, STM32G431CBT3Z, STM32G431RBT3Z, STM32G471CCT6, STM32G471CCU6, STM32G471CET3, STM32G471CET6, STM32G471CEU3, STM32G471CEU6, STM32G471MCT6, STM32G471MET3, STM32G471MET6, STM32G471MEY6TR, STM32G471QCT6, STM32G471QET3, STM32G471RCT6, STM32G471RET3, STM32G471RET6, STM32G471VCH6, STM32G471VCI6, STM32G471VCT6, STM32G471VEH3, STM32G471VEH6, STM32G471VEI3, STM32G471VEI6, STM32G471VET3, STM32G471VET6, STM32G473QET3Z, STM32G473RET3Z, STM32G474CCT6, STM32G491RET3Z, STM32H503CBT6, STM32H503CBU6, STM32H503EBY6TR, STM32H503KBU6, STM32H503RBT6, STM32H523CCT6, STM32H523CCU6, STM32H523CET6, STM32H523CEU6, STM32H523HEY6TR, STM32H523RCT6, STM32H523RET6, STM32H523VCI6, STM32H523VCT6, STM32H523VEI6, STM32H523VET6, STM32H523ZCJ6, STM32H523ZCT6, STM32H523ZEJ6, STM32H523ZET6, STM32H533CET6, STM32H533CEU6, STM32H533HEY6TR, STM32H533RET6, STM32H533VEI6, STM32H533VET6, STM32H533ZEJ6, STM32H533ZET6, STM32H562AGI6, STM32H562AII6, STM32H562IGK6, STM32H562IGT6, STM32H562IIK6, STM32H562IIT6, STM32H562RGT6, STM32H562RGV6, STM32H562RIT6, STM32H562RIV6, STM32H562VGT6, STM32H562VIT6, STM32H562ZGT6, STM32H562ZIT6, STM32H563AGI6, STM32H563AII3Q, STM32H563AII6, STM32H563IGK6, STM32H563IGT6, STM32H563IIK3Q, STM32H563IIK6, STM32H563IIT3Q, STM32H563IIT6, STM32H563MIY3QTR, STM32H563RGT6, STM32H563RGV6, STM32H563RIT6, STM32H563RIV6, STM32H563VGT6, STM32H563VIT3Q, STM32H563VIT6, STM32H563ZGT6, STM32H563ZIT3Q, STM32H563ZIT6, STM32H573AII3Q, STM32H573AII6, STM32H573I-DK, STM32H573IIK3Q, STM32H573IIK6, STM32H573IIT3Q, STM32H573IIT6, STM32H573MIY3QTR, STM32H573RIT6, STM32H573RIV6, STM32H573VIT3Q, STM32H573VIT6, STM32H573ZIT3Q, STM32H573ZIT6, STM32H7R3A8I6, STM32H7R3I8K6, STM32H7R3I8T6, STM32H7R3L8H6, STM32H7R3L8H6H, STM32H7R3R8V6, STM32H7R3V8H6, STM32H7R3V8T6, STM32H7R3V8Y6TR, STM32H7R3Z8J6, STM32H7R3Z8T6, STM32H7R7A8I6, STM32H7R7I8K6, STM32H7R7I8T6, STM32H7R7L8H6, STM32H7R7L8H6H, STM32H7R7Z8J6, STM32H7S3A8I6, STM32H7S3I8K6, STM32H7S3I8T6, STM32H7S3L8H6, STM32H7S3L8H6H, STM32H7S3R8V6, STM32H7S3V8H6, STM32H7S3V8T6, STM32H7S3V8Y6TR, STM32H7S3Z8J6, STM32H7S3Z8T6, STM32H7S78-DK, STM32H7S7A8I6, STM32H7S7I8K6, STM32H7S7I8T6, STM32H7S7L8H6, STM32H7S7L8H6H, STM32H7S7Z8J6, STM32L4R5QGI6STR, STM32MP131AAE3, STM32MP131AAF3, STM32MP131AAG3, STM32MP131CAE3, STM32MP131CAF3, STM32MP131CAG3, STM32MP131DAE7, STM32MP131DAF7, STM32MP131DAG7, STM32MP131FAE7, STM32MP131FAF7, STM32MP131FAG7, STM32MP133AAE3, STM32MP133AAF3, STM32MP133AAG3, STM32MP133CAE3, STM32MP133CAF3, STM32MP133CAG3, STM32MP133DAE7, STM32MP133DAF7, STM32MP133DAG7, STM32MP133FAE7, STM32MP133FAF7, STM32MP133FAG7, STM32MP135AAE3, STM32MP135AAF3, STM32MP135AAG3, STM32MP135CAE3, STM32MP135CAF3, STM32MP135CAG3, STM32MP135DAE7, STM32MP135DAF7, STM32MP135DAG7, STM32MP135F-DK, STM32MP135FAE7, STM32MP135FAF7, STM32MP135FAF7T, STM32MP135FAF7U, STM32MP135FAG7, STM32MP251AAI3, STM32MP251AAK3, STM32MP251AAL3, STM32MP251CAI3, STM32MP251CAK3, STM32MP251CAL3, STM32MP251DAI3, STM32MP251DAK3, STM32MP251DAL3, STM32MP251FAI3, STM32MP251FAK3, STM32MP251FAL3, STM32MP253AAI3, STM32MP253AAK3, STM32MP253AAL3, STM32MP253CAI3, STM32MP253CAK3, STM32MP253CAL3, STM32MP253DAI3, STM32MP253DAK3, STM32MP253DAL3, STM32MP253FAI3, STM32MP253FAK3, STM32MP253FAL3, STM32MP255AAI3, STM32MP255AAK3, STM32MP255AAL3, STM32MP255CAI3, STM32MP255CAK3, STM32MP255CAL3, STM32MP255DAI3, STM32MP255DAK3, STM32MP255DAL3, STM32MP255FAI3, STM32MP255FAK3, STM32MP255FAL3, STM32MP257AAI3, STM32MP257AAK3, STM32MP257AAL3, STM32MP257CAI3, STM32MP257CAK3, STM32MP257CAL3, STM32MP257DAI3, STM32MP257DAK3, STM32MP257DAL3, STM32MP257F-DK, STM32MP257F-EV1, STM32MP257FAI3, STM32MP257FAK3, STM32MP257FAL3, STM32U031C6T6, STM32U031C6U6, STM32U031C8T6, STM32U031C8U6, STM32U031F4P6, STM32U031F6P6, STM32U031F8P6, STM32U031G6Y6TR, STM32U031G8Y6TR, STM32U031K4U6, STM32U031K6U6, STM32U031K8U6, STM32U031R6I6, STM32U031R6T6, STM32U031R8I6, STM32U031R8T6, STM32U073C8T6, STM32U073C8U6, STM32U073CBT6, STM32U073CBU6, STM32U073CCT6, STM32U073CCU6, STM32U073H8Y6TR, STM32U073HBY6TR, STM32U073HCY6TR, STM32U073K8U6, STM32U073KBU6, STM32U073KCU6, STM32U073M8I6, STM32U073M8T6, STM32U073MBI6, STM32U073MBT6, STM32U073MCI6, STM32U073MCT6, STM32U073R8I6, STM32U073R8T6, STM32U073RBI6, STM32U073RBT6, STM32U073RCI6, STM32U073RCT6, STM32U083C-DK, STM32U083CCT6, STM32U083CCU6, STM32U083HCY6TR, STM32U083KCU6, STM32U083MCI6, STM32U083MCT6, STM32U083RCI6, STM32U083RCT6, STM32U535CBT6, STM32U535CBT6Q, STM32U535CBU6, STM32U535CBU6Q, STM32U535CCT6, STM32U535CCT6Q, STM32U535CCU6, STM32U535CCU6Q, STM32U535CET6, STM32U535CET6Q, STM32U535CEU6, STM32U535CEU6Q, STM32U535JEY6QTR, STM32U535NCY6QTR, STM32U535NEY6QTR, STM32U535RBI6, STM32U535RBI6Q, STM32U535RBT6, STM32U535RBT6Q, STM32U535RCI6, STM32U535RCI6Q, STM32U535RCT6, STM32U535RCT6Q, STM32U535REI6, STM32U535REI6Q, STM32U535RET6, STM32U535RET6Q, STM32U535VCI6, STM32U535VCI6Q, STM32U535VCT6, STM32U535VCT6Q, STM32U535VEI6, STM32U535VEI6Q, STM32U535VET6, STM32U535VET6Q, STM32U545CET6, STM32U545CET6Q, STM32U545CEU6, STM32U545CEU6Q, STM32U545JEY6QTR, STM32U545NEY6QTR, STM32U545REI6, STM32U545REI6Q, STM32U545RET6, STM32U545RET6Q, STM32U545VEI6, STM32U545VEI6Q, STM32U545VET6, STM32U545VET6Q, STM32U595AIH6, STM32U595AIH6Q, STM32U595AJH6, STM32U595AJH6Q, STM32U595QII6, STM32U595QII6Q, STM32U595QJI6, STM32U595QJI6Q, STM32U595RIT6, STM32U595RIT6Q, STM32U595RJT6, STM32U595RJT6Q, STM32U595VIT6, STM32U595VIT6Q, STM32U595VJT6, STM32U595VJT6Q, STM32U595ZIT6, STM32U595ZIT6Q, STM32U595ZIY6QTR, STM32U595ZJT6, STM32U595ZJT6Q, STM32U595ZJY6QTR, STM32U599BJY6QTR, STM32U599NIH6Q, STM32U599NJH6Q, STM32U599VIT6Q, STM32U599VJT6, STM32U599VJT6Q, STM32U599ZIT6Q, STM32U599ZIY6QTR, STM32U599ZJT6Q, STM32U599ZJY6QTR, STM32U5A5AJH6, STM32U5A5AJH6Q, STM32U5A5QII3Q , STM32U5A5QJI6, STM32U5A5QJI6Q, STM32U5A5RJT6, STM32U5A5RJT6Q, STM32U5A5VJT6, STM32U5A5VJT6Q, STM32U5A5ZJT6, STM32U5A5ZJT6Q, STM32U5A5ZJY6QTR, STM32U5A9BJY6QTR, STM32U5A9J-DK, STM32U5A9NJH6Q, STM32U5A9VJT6Q, STM32U5A9ZJT6Q, STM32U5A9ZJY6QTR, STM32U5F7VIT6, STM32U5F7VIT6Q, STM32U5F7VJT6, STM32U5F7VJT6Q, STM32U5F9BJY6QTR, STM32U5F9NJH6Q, STM32U5F9VIT6Q, STM32U5F9VJT6Q, STM32U5F9ZIJ6QTR, STM32U5F9ZIT6Q, STM32U5F9ZJJ6QTR, STM32U5F9ZJT6Q, STM32U5G7VJT6, STM32U5G7VJT6Q, STM32U5G9BJY6QTR, STM32U5G9J-DK1, STM32U5G9J-DK2, STM32U5G9NJH6Q, STM32U5G9VJT6Q, STM32U5G9ZJJ6QTR, STM32U5G9ZJT6Q, STM32WB05KZV6TR, STM32WB05KZV7TR, STM32WB05TZF6TR, STM32WB05TZF7TR, STM32WB06CCF6TR, STM32WB06CCF7TR, STM32WB06CCV6TR, STM32WB06CCV7TR, STM32WB06KCV6TR, STM32WB06KCV7TR, STM32WB07CCF6TR, STM32WB07CCF7TR, STM32WB07CCV6TR, STM32WB07CCV7TR, STM32WB07KCV6TR, STM32WB07KCV7TR, STM32WB09KEV6TR, STM32WB09KEV7TR, STM32WB09TEF6TR, STM32WB09TEF7TR, STM32WB1MMCH6, STM32WBA50KGU6, STM32WBA50KGU6TR, STM32WBA52CEU6, STM32WBA52CEU6TR, STM32WBA52CEU7, STM32WBA52CEU7TR, STM32WBA52CGU6, STM32WBA52CGU6TR, STM32WBA52CGU6U, STM32WBA52CGU7, STM32WBA52CGU7TR, STM32WBA52KEU6, STM32WBA52KEU6TR, STM32WBA52KGU6, STM32WBA52KGU6TR, STM32WBA54CEU6, STM32WBA54CEU6TR, STM32WBA54CEU7, STM32WBA54CEU7TR, STM32WBA54CGU6, STM32WBA54CGU6TR, STM32WBA54CGU7, STM32WBA54CGU7TR, STM32WBA54KEU6, STM32WBA54KEU6TR, STM32WBA54KEU7, STM32WBA54KEU7TR, STM32WBA54KGU6, STM32WBA54KGU6TR, STM32WBA54KGU7, STM32WBA54KGU7TR, STM32WBA55CEU6, STM32WBA55CEU6TR, STM32WBA55CEU7, STM32WBA55CEU7TR, STM32WBA55CGU6, STM32WBA55CGU6TR, STM32WBA55CGU6U, STM32WBA55CGU7, STM32WBA55CGU7TR, STM32WBA55G-DK1, STM32WBA55HEF6, STM32WBA55HEF7, STM32WBA55HGF6, STM32WBA55HGF7, STM32WBA55UEI6, STM32WBA55UEI6TR, STM32WBA55UEI7, STM32WBA55UEI7TR, STM32WBA55UGI6, STM32WBA55UGI6TR, STM32WBA55UGI7, STM32WBA55UGI7TR, STM32WL5MOCH6, STM32WL5MOCH6TR]
2024-10-30 00:17:50,668 [INFO] BoardInfo:889 - No configuration file found for board P-NUCLEO-WB55
2024-10-30 00:17:50,668 [INFO] DbBoards:161 - Kit is not supported: P-NUCLEO-WB55
2024-10-30 00:17:50,671 [INFO] BoardInfo:889 - No configuration file found for board STEVAL-BFA001V1B
2024-10-30 00:17:50,672 [INFO] DbBoards:161 - Kit is not supported: STEVAL-BFA001V1B
2024-10-30 00:17:50,673 [INFO] BoardInfo:889 - No configuration file found for board STEVAL-BFA001V2B
2024-10-30 00:17:50,673 [INFO] DbBoards:161 - Kit is not supported: STEVAL-BFA001V2B
2024-10-30 00:17:50,761 [INFO] DbBoards:168 - Found 201 boards, 198 are supported
2024-10-30 00:17:50,761 [INFO] DbBoards:169 - Found 201 boards, 25 of them is supported for  Bsp
2024-10-30 00:17:50,764 [INFO] ApiDb:668 - CubeFinder database Data Model version=2.1
2024-10-30 00:17:50,764 [INFO] ApiDb:669 - CubeFinder database Configuration version=3.0.39
2024-10-30 00:17:50,764 [INFO] ApiDb:670 - CubeFinder database generation date=2024-10-15 (1729006872)
2024-10-30 00:17:50,764 [INFO] ApiDb:671 - CubeFinder database FW Pack versions=[FP-ATR-ASTRA1_V2.0.0, FP-SNS-FLIGHT1_V5.0.2, FP-SNS-MOTENV1_V5.0.0, FP-SNS-MOTENVWB1_V1.4.0, FP-SNS-SMARTAG2_V1.2.0, FP-SNS-STBOX1_V2.0.0, STM32Cube_FW_C0_V1.2.0, STM32Cube_FW_F4_V1.28.1, STM32Cube_FW_F7_V1.17.2, STM32Cube_FW_G0_V1.6.2, STM32Cube_FW_G4_V1.6.0, STM32Cube_FW_H5_V1.3.0, STM32Cube_FW_H7RS_V1.1.0, STM32Cube_FW_H7_V1.11.2, STM32Cube_FW_L0_V1.12.2, STM32Cube_FW_L5_V1.5.1, STM32Cube_FW_U0_V1.1.0, STM32Cube_FW_U5_V1.6.0, STM32Cube_FW_WB0_V1.0.0, STM32Cube_FW_WBA_V1.4.1, STM32Cube_FW_WB_V1.20.0, STM32Cube_FW_WL_V1.3.0, X-CUBE-ALGOBUILD_V1.4.0, X-CUBE-ALS_V1.0.2, X-CUBE-AZRTOS-F4_V1.1.0, X-CUBE-AZRTOS-F7_V1.1.0, X-CUBE-AZRTOS-G0_V1.1.0, X-CUBE-AZRTOS-G4_V2.0.0, X-CUBE-AZRTOS-H7RS_V1.0.0, X-CUBE-AZRTOS-H7_V3.3.0, X-CUBE-AZRTOS-L4_V2.0.0, X-CUBE-AZRTOS-L5_V2.0.0, X-CUBE-AZRTOS-WB_V2.0.0, X-CUBE-AZRTOS-WL_V2.0.0, X-CUBE-BLE1_V7.0.0, X-CUBE-BLE2_V3.3.0, X-CUBE-BLEMGR_V3.1.0, X-CUBE-EEPRMA1_V5.1.0, X-CUBE-FREERTOS_V1.2.0, X-CUBE-GNSS1_V6.0.0, X-CUBE-MEMS1_V11.0.0, X-CUBE-NFC4_V3.0.0, X-CUBE-NFC7_V1.0.1, X-CUBE-SFXS2LP1_V4.0.0, X-CUBE-SUBG2_V5.0.0, X-CUBE-TOF1_V3.4.2]
2024-10-30 00:17:53,045 [INFO] ApiDb:240 - Found 646 in-development CPN: [B-G473E-ZEST1S, B-WB1M-WPAN1, B-WL5M-SUBG1, NUCLEO-C031C6, NUCLEO-C071RB, NUCLEO-H503RB, NUCLEO-H533RE, NUCLEO-H563ZI, NUCLEO-H7S3L8, NUCLEO-U031R8, NUCLEO-U083RC, NUCLEO-U545RE-Q, NUCLEO-U5A5ZJ-Q, NUCLEO-WB05KZ, NUCLEO-WB07CC, NUCLEO-WB09KE, NUCLEO-WBA52CG, NUCLEO-WBA55CG, STEVAL-PROTEUS1, STEVAL-SMARTAG2, STEVAL-STWINBX1, STM320518-EVAL, STM32C0116-DK, STM32C011D6Y3TR, STM32C011D6Y6TR, STM32C011F4P3, STM32C011F4P6, STM32C011F4U3, STM32C011F4U6TR, STM32C011F6P3, STM32C011F6P6, STM32C011F6U3, STM32C011F6U6TR, STM32C011J4M3, STM32C011J4M6, STM32C011J6M3, STM32C011J6M6, STM32C0316-DK, STM32C031C4T3, STM32C031C4T6, STM32C031C4U3, STM32C031C4U6, STM32C031C6T3, STM32C031C6T6, STM32C031C6U3, STM32C031C6U6, STM32C031F4P3, STM32C031F4P6, STM32C031F6P3, STM32C031F6P6, STM32C031G4U3, STM32C031G4U6, STM32C031G6U3, STM32C031G6U6, STM32C031K4T3, STM32C031K4T6, STM32C031K4U3, STM32C031K4U6, STM32C031K6T3, STM32C031K6T6, STM32C031K6U3, STM32C031K6U6, STM32C071C8T6, STM32C071C8T6N, STM32C071C8U6, STM32C071C8U6N, STM32C071CBT6, STM32C071CBT6N, STM32C071CBU6, STM32C071CBU6N, STM32C071F8P6, STM32C071F8P6N, STM32C071FBP6, STM32C071FBP6N, STM32C071FBY6TR, STM32C071G8U6, STM32C071G8U6N, STM32C071GBU6, STM32C071GBU6N, STM32C071K8T6, STM32C071K8T6N, STM32C071K8U6, STM32C071K8U6N, STM32C071KBT6, STM32C071KBT6N, STM32C071KBU6, STM32C071KBU6N, STM32C071R8T6, STM32C071R8T6N, STM32C071RBI6N, STM32C071RBT6, STM32C071RBT6N, STM32G071K8TXN, STM32G071K8UXN, STM32G081GBU6N, STM32G081KBT6N, STM32G081KBUXN, STM32G0B1CCT6N, STM32G0B1KCT6, STM32G0B1NEY6TR, STM32G0B1RCT6N, STM32G0C1CCT6, STM32G0C1CCT6N, STM32G0C1CCU6N, STM32G0C1CET6N, STM32G0C1CEU6N, STM32G0C1KCT6, STM32G0C1NEY6TR, STM32G0C1RCI6N, STM32G0C1RCT6N, STM32G0C1REI6N, STM32G0C1RET6N, STM32G0C1VCI6, STM32G0C1VEI6, STM32G411C6T3, STM32G411C6T6, STM32G411C6U3, STM32G411C6U6, STM32G411C8T3, STM32G411C8T6, STM32G411C8U3, STM32G411C8U6, STM32G411CBT3, STM32G411CBT6, STM32G411CBU3, STM32G411CBU6, STM32G411K6T3, STM32G411K6T6, STM32G411K6U3, STM32G411K6U6, STM32G411K8T3, STM32G411K8T6, STM32G411K8U3, STM32G411K8U6, STM32G411KBT3, STM32G411KBT6, STM32G411KBU3, STM32G411KBU6, STM32G411M6T3, STM32G411M6T6, STM32G411M8T3, STM32G411M8T6, STM32G411MBT3, STM32G411MBT6, STM32G411R6T3, STM32G411R6T6, STM32G411R8T3, STM32G411R8T6, STM32G411RBT3, STM32G411RBT6, STM32G414CBT3, STM32G414CBT6, STM32G414CBU3, STM32G414CBU6, STM32G414CCT3, STM32G414CCT6, STM32G414CCU3, STM32G414CCU6, STM32G414MBT3, STM32G414MBT6, STM32G414MCT3, STM32G414MCT6, STM32G414RBT3, STM32G414RBT6, STM32G414RCT3, STM32G414RCT6, STM32G414VBT3, STM32G414VBT6, STM32G414VCT3, STM32G414VCT6, STM32G431CBT3Z, STM32G431RBT3Z, STM32G471CCT6, STM32G471CCU6, STM32G471CET3, STM32G471CET6, STM32G471CEU3, STM32G471CEU6, STM32G471MCT6, STM32G471MET3, STM32G471MET6, STM32G471MEY6TR, STM32G471QCT6, STM32G471QET3, STM32G471RCT6, STM32G471RET3, STM32G471RET6, STM32G471VCH6, STM32G471VCI6, STM32G471VCT6, STM32G471VEH3, STM32G471VEH6, STM32G471VEI3, STM32G471VEI6, STM32G471VET3, STM32G471VET6, STM32G473QET3Z, STM32G473RET3Z, STM32G474CCT6, STM32G491RET3Z, STM32H503CBT6, STM32H503CBU6, STM32H503EBY6TR, STM32H503KBU6, STM32H503RBT6, STM32H523CCT6, STM32H523CCU6, STM32H523CET6, STM32H523CEU6, STM32H523HEY6TR, STM32H523RCT6, STM32H523RET6, STM32H523VCI6, STM32H523VCT6, STM32H523VEI6, STM32H523VET6, STM32H523ZCJ6, STM32H523ZCT6, STM32H523ZEJ6, STM32H523ZET6, STM32H533CET6, STM32H533CEU6, STM32H533HEY6TR, STM32H533RET6, STM32H533VEI6, STM32H533VET6, STM32H533ZEJ6, STM32H533ZET6, STM32H562AGI6, STM32H562AII6, STM32H562IGK6, STM32H562IGT6, STM32H562IIK6, STM32H562IIT6, STM32H562RGT6, STM32H562RGV6, STM32H562RIT6, STM32H562RIV6, STM32H562VGT6, STM32H562VIT6, STM32H562ZGT6, STM32H562ZIT6, STM32H563AGI6, STM32H563AII3Q, STM32H563AII6, STM32H563IGK6, STM32H563IGT6, STM32H563IIK3Q, STM32H563IIK6, STM32H563IIT3Q, STM32H563IIT6, STM32H563MIY3QTR, STM32H563RGT6, STM32H563RGV6, STM32H563RIT6, STM32H563RIV6, STM32H563VGT6, STM32H563VIT3Q, STM32H563VIT6, STM32H563ZGT6, STM32H563ZIT3Q, STM32H563ZIT6, STM32H573AII3Q, STM32H573AII6, STM32H573I-DK, STM32H573IIK3Q, STM32H573IIK6, STM32H573IIT3Q, STM32H573IIT6, STM32H573MIY3QTR, STM32H573RIT6, STM32H573RIV6, STM32H573VIT3Q, STM32H573VIT6, STM32H573ZIT3Q, STM32H573ZIT6, STM32H7R3A8I6, STM32H7R3I8K6, STM32H7R3I8T6, STM32H7R3L8H6, STM32H7R3L8H6H, STM32H7R3R8V6, STM32H7R3V8H6, STM32H7R3V8T6, STM32H7R3V8Y6TR, STM32H7R3Z8J6, STM32H7R3Z8T6, STM32H7R7A8I6, STM32H7R7I8K6, STM32H7R7I8T6, STM32H7R7L8H6, STM32H7R7L8H6H, STM32H7R7Z8J6, STM32H7S3A8I6, STM32H7S3I8K6, STM32H7S3I8T6, STM32H7S3L8H6, STM32H7S3L8H6H, STM32H7S3R8V6, STM32H7S3V8H6, STM32H7S3V8T6, STM32H7S3V8Y6TR, STM32H7S3Z8J6, STM32H7S3Z8T6, STM32H7S78-DK, STM32H7S7A8I6, STM32H7S7I8K6, STM32H7S7I8T6, STM32H7S7L8H6, STM32H7S7L8H6H, STM32H7S7Z8J6, STM32L4R5QGI6STR, STM32MP131AAE3, STM32MP131AAF3, STM32MP131AAG3, STM32MP131CAE3, STM32MP131CAF3, STM32MP131CAG3, STM32MP131DAE7, STM32MP131DAF7, STM32MP131DAG7, STM32MP131FAE7, STM32MP131FAF7, STM32MP131FAG7, STM32MP133AAE3, STM32MP133AAF3, STM32MP133AAG3, STM32MP133CAE3, STM32MP133CAF3, STM32MP133CAG3, STM32MP133DAE7, STM32MP133DAF7, STM32MP133DAG7, STM32MP133FAE7, STM32MP133FAF7, STM32MP133FAG7, STM32MP135AAE3, STM32MP135AAF3, STM32MP135AAG3, STM32MP135CAE3, STM32MP135CAF3, STM32MP135CAG3, STM32MP135DAE7, STM32MP135DAF7, STM32MP135DAG7, STM32MP135F-DK, STM32MP135FAE7, STM32MP135FAF7, STM32MP135FAF7T, STM32MP135FAF7U, STM32MP135FAG7, STM32MP251AAI3, STM32MP251AAK3, STM32MP251AAL3, STM32MP251CAI3, STM32MP251CAK3, STM32MP251CAL3, STM32MP251DAI3, STM32MP251DAK3, STM32MP251DAL3, STM32MP251FAI3, STM32MP251FAK3, STM32MP251FAL3, STM32MP253AAI3, STM32MP253AAK3, STM32MP253AAL3, STM32MP253CAI3, STM32MP253CAK3, STM32MP253CAL3, STM32MP253DAI3, STM32MP253DAK3, STM32MP253DAL3, STM32MP253FAI3, STM32MP253FAK3, STM32MP253FAL3, STM32MP255AAI3, STM32MP255AAK3, STM32MP255AAL3, STM32MP255CAI3, STM32MP255CAK3, STM32MP255CAL3, STM32MP255DAI3, STM32MP255DAK3, STM32MP255DAL3, STM32MP255FAI3, STM32MP255FAK3, STM32MP255FAL3, STM32MP257AAI3, STM32MP257AAK3, STM32MP257AAL3, STM32MP257CAI3, STM32MP257CAK3, STM32MP257CAL3, STM32MP257DAI3, STM32MP257DAK3, STM32MP257DAL3, STM32MP257F-DK, STM32MP257F-EV1, STM32MP257FAI3, STM32MP257FAK3, STM32MP257FAL3, STM32U031C6T6, STM32U031C6U6, STM32U031C8T6, STM32U031C8U6, STM32U031F4P6, STM32U031F6P6, STM32U031F8P6, STM32U031G6Y6TR, STM32U031G8Y6TR, STM32U031K4U6, STM32U031K6U6, STM32U031K8U6, STM32U031R6I6, STM32U031R6T6, STM32U031R8I6, STM32U031R8T6, STM32U073C8T6, STM32U073C8U6, STM32U073CBT6, STM32U073CBU6, STM32U073CCT6, STM32U073CCU6, STM32U073H8Y6TR, STM32U073HBY6TR, STM32U073HCY6TR, STM32U073K8U6, STM32U073KBU6, STM32U073KCU6, STM32U073M8I6, STM32U073M8T6, STM32U073MBI6, STM32U073MBT6, STM32U073MCI6, STM32U073MCT6, STM32U073R8I6, STM32U073R8T6, STM32U073RBI6, STM32U073RBT6, STM32U073RCI6, STM32U073RCT6, STM32U083C-DK, STM32U083CCT6, STM32U083CCU6, STM32U083HCY6TR, STM32U083KCU6, STM32U083MCI6, STM32U083MCT6, STM32U083RCI6, STM32U083RCT6, STM32U535CBT6, STM32U535CBT6Q, STM32U535CBU6, STM32U535CBU6Q, STM32U535CCT6, STM32U535CCT6Q, STM32U535CCU6, STM32U535CCU6Q, STM32U535CET6, STM32U535CET6Q, STM32U535CEU6, STM32U535CEU6Q, STM32U535JEY6QTR, STM32U535NCY6QTR, STM32U535NEY6QTR, STM32U535RBI6, STM32U535RBI6Q, STM32U535RBT6, STM32U535RBT6Q, STM32U535RCI6, STM32U535RCI6Q, STM32U535RCT6, STM32U535RCT6Q, STM32U535REI6, STM32U535REI6Q, STM32U535RET6, STM32U535RET6Q, STM32U535VCI6, STM32U535VCI6Q, STM32U535VCT6, STM32U535VCT6Q, STM32U535VEI6, STM32U535VEI6Q, STM32U535VET6, STM32U535VET6Q, STM32U545CET6, STM32U545CET6Q, STM32U545CEU6, STM32U545CEU6Q, STM32U545JEY6QTR, STM32U545NEY6QTR, STM32U545REI6, STM32U545REI6Q, STM32U545RET6, STM32U545RET6Q, STM32U545VEI6, STM32U545VEI6Q, STM32U545VET6, STM32U545VET6Q, STM32U595AIH6, STM32U595AIH6Q, STM32U595AJH6, STM32U595AJH6Q, STM32U595QII6, STM32U595QII6Q, STM32U595QJI6, STM32U595QJI6Q, STM32U595RIT6, STM32U595RIT6Q, STM32U595RJT6, STM32U595RJT6Q, STM32U595VIT6, STM32U595VIT6Q, STM32U595VJT6, STM32U595VJT6Q, STM32U595ZIT6, STM32U595ZIT6Q, STM32U595ZIY6QTR, STM32U595ZJT6, STM32U595ZJT6Q, STM32U595ZJY6QTR, STM32U599BJY6QTR, STM32U599NIH6Q, STM32U599NJH6Q, STM32U599VIT6Q, STM32U599VJT6, STM32U599VJT6Q, STM32U599ZIT6Q, STM32U599ZIY6QTR, STM32U599ZJT6Q, STM32U599ZJY6QTR, STM32U5A5AJH6, STM32U5A5AJH6Q, STM32U5A5QII3Q , STM32U5A5QJI6, STM32U5A5QJI6Q, STM32U5A5RJT6, STM32U5A5RJT6Q, STM32U5A5VJT6, STM32U5A5VJT6Q, STM32U5A5ZJT6, STM32U5A5ZJT6Q, STM32U5A5ZJY6QTR, STM32U5A9BJY6QTR, STM32U5A9J-DK, STM32U5A9NJH6Q, STM32U5A9VJT6Q, STM32U5A9ZJT6Q, STM32U5A9ZJY6QTR, STM32U5F7VIT6, STM32U5F7VIT6Q, STM32U5F7VJT6, STM32U5F7VJT6Q, STM32U5F9BJY6QTR, STM32U5F9NJH6Q, STM32U5F9VIT6Q, STM32U5F9VJT6Q, STM32U5F9ZIJ6QTR, STM32U5F9ZIT6Q, STM32U5F9ZJJ6QTR, STM32U5F9ZJT6Q, STM32U5G7VJT6, STM32U5G7VJT6Q, STM32U5G9BJY6QTR, STM32U5G9J-DK1, STM32U5G9J-DK2, STM32U5G9NJH6Q, STM32U5G9VJT6Q, STM32U5G9ZJJ6QTR, STM32U5G9ZJT6Q, STM32WB05KZV6TR, STM32WB05KZV7TR, STM32WB05TZF6TR, STM32WB05TZF7TR, STM32WB06CCF6TR, STM32WB06CCF7TR, STM32WB06CCV6TR, STM32WB06CCV7TR, STM32WB06KCV6TR, STM32WB06KCV7TR, STM32WB07CCF6TR, STM32WB07CCF7TR, STM32WB07CCV6TR, STM32WB07CCV7TR, STM32WB07KCV6TR, STM32WB07KCV7TR, STM32WB09KEV6TR, STM32WB09KEV7TR, STM32WB09TEF6TR, STM32WB09TEF7TR, STM32WB1MMCH6, STM32WBA50KGU6, STM32WBA50KGU6TR, STM32WBA52CEU6, STM32WBA52CEU6TR, STM32WBA52CEU7, STM32WBA52CEU7TR, STM32WBA52CGU6, STM32WBA52CGU6TR, STM32WBA52CGU6U, STM32WBA52CGU7, STM32WBA52CGU7TR, STM32WBA52KEU6, STM32WBA52KEU6TR, STM32WBA52KGU6, STM32WBA52KGU6TR, STM32WBA54CEU6, STM32WBA54CEU6TR, STM32WBA54CEU7, STM32WBA54CEU7TR, STM32WBA54CGU6, STM32WBA54CGU6TR, STM32WBA54CGU7, STM32WBA54CGU7TR, STM32WBA54KEU6, STM32WBA54KEU6TR, STM32WBA54KEU7, STM32WBA54KEU7TR, STM32WBA54KGU6, STM32WBA54KGU6TR, STM32WBA54KGU7, STM32WBA54KGU7TR, STM32WBA55CEU6, STM32WBA55CEU6TR, STM32WBA55CEU7, STM32WBA55CEU7TR, STM32WBA55CGU6, STM32WBA55CGU6TR, STM32WBA55CGU6U, STM32WBA55CGU7, STM32WBA55CGU7TR, STM32WBA55G-DK1, STM32WBA55HEF6, STM32WBA55HEF7, STM32WBA55HGF6, STM32WBA55HGF7, STM32WBA55UEI6, STM32WBA55UEI6TR, STM32WBA55UEI7, STM32WBA55UEI7TR, STM32WBA55UGI6, STM32WBA55UGI6TR, STM32WBA55UGI7, STM32WBA55UGI7TR, STM32WL5MOCH6, STM32WL5MOCH6TR]
2024-10-30 00:17:53,048 [INFO] DbMcus:218 - Found 4252 MCUs, 4252 are supported
2024-10-30 00:17:53,048 [INFO] ApiDb:423 - Load user favorites file /home/nakarin/.stm32cubeide/favorites.mcus.txt: 0 item(s)
2024-10-30 00:17:53,048 [INFO] ApiDb:427 - User favorites MCUs=[]
2024-10-30 00:17:53,048 [INFO] DbMcus:224 - Set 0 / 0 favorites MCUs
2024-10-30 00:17:53,362 [INFO] ApiDb:423 - Load user favorites file /home/nakarin/.stm32cubeide/favorites.boards.txt: 0 item(s)
2024-10-30 00:17:53,362 [INFO] ApiDb:427 - User favorites Boards=[]
2024-10-30 00:17:53,362 [INFO] DbBoards:198 - Set 0 / 0 favorites Boards
2024-10-30 00:17:53,413 [INFO] UtilMem:75 - End LoadConfig() Used Memory: 337299560 Bytes (809500672)
2024-10-30 00:17:53,535 [WARN] ThirdParty:833 - waiting for thirdparty lock release [change project]
2024-10-30 00:17:53,535 [INFO] ThirdParty:835 - entering critical section [change project]
2024-10-30 00:17:53,535 [INFO] ThirdParty:1030 - CMSIS Pack Vendor :STMicroelectronics USBPD 4.1
2024-10-30 00:17:53,535 [INFO] ThirdParty:1030 - CMSIS Pack Vendor :STMicroelectronics X-CUBE-AZRTOS-H7 3.3.0
2024-10-30 00:17:53,535 [INFO] ThirdParty:1030 - CMSIS Pack Vendor :STMicroelectronics X-CUBE-NFC9 1.0.0
2024-10-30 00:17:53,535 [INFO] ThirdParty:1030 - CMSIS Pack Vendor :STMicroelectronics USB_HOST 2.0.0
2024-10-30 00:17:53,535 [INFO] ThirdParty:1030 - CMSIS Pack Vendor :STMicroelectronics FP-SNS-MOTENVWB1 1.4.0
2024-10-30 00:17:53,535 [INFO] ThirdParty:1030 - CMSIS Pack Vendor :STMicroelectronics X-CUBE-AZRTOS-F4 1.1.0
2024-10-30 00:17:53,535 [INFO] ThirdParty:1030 - CMSIS Pack Vendor :STMicroelectronics LIBJPEG 8.0.0
2024-10-30 00:17:53,536 [INFO] ThirdParty:1030 - CMSIS Pack Vendor :STMicroelectronics X-CUBE-SMBUS 2.1.0
2024-10-30 00:17:53,536 [INFO] ThirdParty:1030 - CMSIS Pack Vendor :STMicroelectronics X-CUBE-WB05N 1.1.0
2024-10-30 00:17:53,536 [INFO] ThirdParty:1030 - CMSIS Pack Vendor :STMicroelectronics USB_DEVICE 3.0.0
2024-10-30 00:17:53,536 [INFO] ThirdParty:1030 - CMSIS Pack Vendor :STMicroelectronics X-CUBE-TCPP 4.1.0
2024-10-30 00:17:53,536 [INFO] ThirdParty:1030 - CMSIS Pack Vendor :STMicroelectronics X-CUBE-ISPU 2.1.0
2024-10-30 00:17:53,536 [INFO] ThirdParty:1030 - CMSIS Pack Vendor :STMicroelectronics X-CUBE-FREERTOS 1.2.0
2024-10-30 00:17:53,536 [INFO] ThirdParty:1030 - CMSIS Pack Vendor :STMicroelectronics X-CUBE-IPS 3.0.0
2024-10-30 00:17:53,536 [INFO] ThirdParty:1030 - CMSIS Pack Vendor :STMicroelectronics X-CUBE-AZRTOS-WB 2.0.0
2024-10-30 00:17:53,536 [INFO] ThirdParty:1030 - CMSIS Pack Vendor :STMicroelectronics X-CUBE-GNSS1 7.0.0
2024-10-30 00:17:53,536 [INFO] ThirdParty:1030 - CMSIS Pack Vendor :STMicroelectronics X-CUBE-AZRTOS-F7 1.1.0
2024-10-30 00:17:53,536 [INFO] ThirdParty:1030 - CMSIS Pack Vendor :STMicroelectronics X-CUBE-AZRTOS-L5 2.0.0
2024-10-30 00:17:53,536 [INFO] ThirdParty:1030 - CMSIS Pack Vendor :STMicroelectronics USB_DEVICE 2.0.0
2024-10-30 00:17:53,536 [INFO] ThirdParty:1030 - CMSIS Pack Vendor :STMicroelectronics X-CUBE-NFC6 3.1.0
2024-10-30 00:17:53,536 [INFO] ThirdParty:1030 - CMSIS Pack Vendor :STMicroelectronics FP-SNS-STBOX1 2.0.0
2024-10-30 00:17:53,536 [INFO] ThirdParty:1030 - CMSIS Pack Vendor :STMicroelectronics X-CUBE-MEMS1 11.0.0
2024-10-30 00:17:53,536 [INFO] ThirdParty:1030 - CMSIS Pack Vendor :STMicroelectronics FreeRTOS 0.0.1
2024-10-30 00:17:53,536 [INFO] ThirdParty:1030 - CMSIS Pack Vendor :STMicroelectronics X-CUBE-AZRTOS-G0 1.1.0
2024-10-30 00:17:53,536 [INFO] ThirdParty:1030 - CMSIS Pack Vendor :STMicroelectronics X-CUBE-SAFEA1 1.2.2
2024-10-30 00:17:53,536 [INFO] ThirdParty:1030 - CMSIS Pack Vendor :STMicroelectronics X-CUBE-NFC4 3.0.0
2024-10-30 00:17:53,536 [INFO] ThirdParty:1030 - CMSIS Pack Vendor :STMicroelectronics X-CUBE-DPower 1.2.0
2024-10-30 00:17:53,536 [INFO] ThirdParty:1030 - CMSIS Pack Vendor :STMicroelectronics X-CUBE-SUBG2 5.0.0
2024-10-30 00:17:53,536 [INFO] ThirdParty:1030 - CMSIS Pack Vendor :STMicroelectronics STM32_WPAN 1.0.0
2024-10-30 00:17:53,536 [INFO] ThirdParty:1030 - CMSIS Pack Vendor :EmbeddedOffice I-CUBE-FS-RTOS 1.0.1
2024-10-30 00:17:53,537 [INFO] ThirdParty:1030 - CMSIS Pack Vendor :STMicroelectronics lwIP 2.0.3
2024-10-30 00:17:53,537 [INFO] ThirdParty:1030 - CMSIS Pack Vendor :STMicroelectronics FP-SNS-FLIGHT1 5.0.2
2024-10-30 00:17:53,537 [INFO] ThirdParty:1030 - CMSIS Pack Vendor :Cesanta I-CUBE-Mongoose 7.13.0
2024-10-30 00:17:53,537 [INFO] ThirdParty:1030 - CMSIS Pack Vendor :STMicroelectronics USB_HOST 1.0.0
2024-10-30 00:17:53,537 [INFO] ThirdParty:1030 - CMSIS Pack Vendor :STMicroelectronics X-CUBE-AZRTOS-G4 2.0.0
2024-10-30 00:17:53,537 [INFO] ThirdParty:1030 - CMSIS Pack Vendor :STMicroelectronics PDM2PCM 3.1.0
2024-10-30 00:17:53,537 [INFO] ThirdParty:1030 - CMSIS Pack Vendor :STMicroelectronics PDM2PCM 3.3.0
2024-10-30 00:17:53,537 [INFO] ThirdParty:1030 - CMSIS Pack Vendor :STMicroelectronics X-CUBE-DISPLAY 3.0.0
2024-10-30 00:17:53,537 [INFO] ThirdParty:1030 - CMSIS Pack Vendor :RealThread X-CUBE-RT-Thread_Nano 4.1.1
2024-10-30 00:17:53,537 [INFO] ThirdParty:1030 - CMSIS Pack Vendor :STMicroelectronics X-CUBE-BLE1 7.0.0
2024-10-30 00:17:53,537 [INFO] ThirdParty:1030 - CMSIS Pack Vendor :STMicroelectronics FP-ATR-SIGFOX1 3.2.0
2024-10-30 00:17:53,537 [INFO] ThirdParty:1030 - CMSIS Pack Vendor :STMicroelectronics X-CUBE-NFC10 1.0.0
2024-10-30 00:17:53,537 [INFO] ThirdParty:1030 - CMSIS Pack Vendor :wolfSSL I-CUBE-wolfSSL 5.7.2
2024-10-30 00:17:53,537 [INFO] ThirdParty:1030 - CMSIS Pack Vendor :STMicroelectronics X-CUBE-EEPRMA1 5.1.0
2024-10-30 00:17:53,537 [INFO] ThirdParty:1030 - CMSIS Pack Vendor :STMicroelectronics HAL Drivers 0.0.0
2024-10-30 00:17:53,538 [INFO] ThirdParty:1030 - CMSIS Pack Vendor :STMicroelectronics MBEDTLS 2.16.2
2024-10-30 00:17:53,538 [INFO] ThirdParty:1030 - CMSIS Pack Vendor :STMicroelectronics X-CUBE-ALS 1.0.2
2024-10-30 00:17:53,538 [INFO] ThirdParty:1030 - CMSIS Pack Vendor :emotas I-CUBE-CANOPEN 1.3.0
2024-10-30 00:17:53,538 [INFO] ThirdParty:1030 - CMSIS Pack Vendor :STMicroelectronics X-CUBE-NFC7 1.0.1
2024-10-30 00:17:53,538 [INFO] ThirdParty:1030 - CMSIS Pack Vendor :STMicroelectronics MBEDTLS 2.14.1
2024-10-30 00:17:53,538 [INFO] ThirdParty:1030 - CMSIS Pack Vendor :ITTIA_DB I-CUBE-ITTIADB 8.9.0
2024-10-30 00:17:53,538 [INFO] ThirdParty:1030 - CMSIS Pack Vendor :STMicroelectronics X-CUBE-TOUCHGFX 4.24.1
2024-10-30 00:17:53,538 [INFO] ThirdParty:1030 - CMSIS Pack Vendor :wolfSSL I-CUBE-wolfTPM 3.4.0
2024-10-30 00:17:53,538 [INFO] ThirdParty:1030 - CMSIS Pack Vendor :portGmbH I-Cube-SoM-uGOAL 1.1.0
2024-10-30 00:17:53,538 [INFO] ThirdParty:1030 - CMSIS Pack Vendor :STMicroelectronics X-CUBE-BLEMGR 3.1.0
2024-10-30 00:17:53,538 [INFO] ThirdParty:1030 - CMSIS Pack Vendor :STMicroelectronics ThreadX 1.0.0
2024-10-30 00:17:53,538 [INFO] ThirdParty:1030 - CMSIS Pack Vendor :STMicroelectronics FP-SNS-SMARTAG2 1.2.0
2024-10-30 00:17:53,538 [INFO] ThirdParty:1030 - CMSIS Pack Vendor :STMicroelectronics X-CUBE-AZRTOS-WL 2.0.0
2024-10-30 00:17:53,538 [INFO] ThirdParty:1030 - CMSIS Pack Vendor :SEGGER I-CUBE-embOS 1.3.1
2024-10-30 00:17:53,538 [INFO] ThirdParty:1030 - CMSIS Pack Vendor :STMicroelectronics X-CUBE-ALGOBUILD 1.4.0
2024-10-30 00:17:53,538 [INFO] ThirdParty:1030 - CMSIS Pack Vendor :STMicroelectronics FP-SNS-MOTENV1 5.0.0
2024-10-30 00:17:53,538 [INFO] ThirdParty:1030 - CMSIS Pack Vendor :STMicroelectronics USB_DEVICE 1.0.0
2024-10-30 00:17:53,538 [INFO] ThirdParty:1030 - CMSIS Pack Vendor :STMicroelectronics X-CUBE-AZRTOS-H7RS 1.0.0
2024-10-30 00:17:53,538 [INFO] ThirdParty:1030 - CMSIS Pack Vendor :wolfSSL I-CUBE-wolfMQTT 1.19.0
2024-10-30 00:17:53,538 [INFO] ThirdParty:1030 - CMSIS Pack Vendor :STMicroelectronics X-CUBE-AZRTOS-L4 2.0.0
2024-10-30 00:17:53,538 [INFO] ThirdParty:1030 - CMSIS Pack Vendor :STMicroelectronics ThreadX 0.0.2
2024-10-30 00:17:53,538 [INFO] ThirdParty:1030 - CMSIS Pack Vendor :WES I-CUBE-Cesium 1.3.0
2024-10-30 00:17:53,538 [INFO] ThirdParty:1030 - CMSIS Pack Vendor :STMicroelectronics FP-ATR-ASTRA1 2.0.0
2024-10-30 00:17:53,538 [INFO] ThirdParty:1030 - CMSIS Pack Vendor :STMicroelectronics lwIP 2.1.2
2024-10-30 00:17:53,538 [INFO] ThirdParty:1030 - CMSIS Pack Vendor :STMicroelectronics X-CUBE-SFXS2LP1 4.0.0
2024-10-30 00:17:53,538 [INFO] ThirdParty:1030 - CMSIS Pack Vendor :STMicroelectronics X-CUBE-BLE2 3.3.0
2024-10-30 00:17:53,539 [INFO] ThirdParty:1030 - CMSIS Pack Vendor :STMicroelectronics X-CUBE-TOF1 3.4.2
2024-10-30 00:17:53,539 [INFO] ThirdParty:1030 - CMSIS Pack Vendor :STMicroelectronics X-CUBE-AI 9.1.0
2024-10-30 00:17:53,539 [INFO] ThirdParty:1030 - CMSIS Pack Vendor :Infineon AIROC-Wi-Fi-Bluetooth-STM32 1.6.1
2024-10-30 00:17:53,539 [INFO] ThirdParty:1030 - CMSIS Pack Vendor :STMicroelectronics PDM2PCM 3.2.0
2024-10-30 00:17:53,539 [INFO] ThirdParty:1030 - CMSIS Pack Vendor :wolfSSL I-CUBE-wolfSSH 1.4.17
2024-10-30 00:17:53,539 [INFO] ThirdParty:841 - exiting critical section [change project]
2024-10-30 00:17:54,111 [INFO] PinOutPanel:1561 - setPackage(No Configuration,No Configuration)
2024-10-30 00:17:54,112 [INFO] PinOutPanel:1561 - setPackage(STM32G474RETx,LQFP64)
2024-10-30 00:17:54,819 [INFO] UtilMem:75 - Before build in PCC Used Memory: 424750112 Bytes (809500672)
2024-10-30 00:17:55,536 [INFO] UtilMem:75 - After build in PCC Used Memory: 614508704 Bytes (809500672)
2024-10-30 00:17:55,552 [INFO] ApiDbMcu:508 - Load IP Config File for FREERTOS
2024-10-30 00:17:55,591 [INFO] IPUIPlugin:80 - create IPUIPlugin
2024-10-30 00:17:55,592 [INFO] IPUIPlugin:80 - create IPUIPlugin
2024-10-30 00:17:55,592 [INFO] IPUIPlugin:80 - create IPUIPlugin
2024-10-30 00:17:55,592 [INFO] IPUIPlugin:80 - create IPUIPlugin
2024-10-30 00:17:55,592 [INFO] IPUIPlugin:80 - create IPUIPlugin
2024-10-30 00:17:55,592 [INFO] IPUIPlugin:80 - create IPUIPlugin
2024-10-30 00:17:55,592 [INFO] IPUIPlugin:80 - create IPUIPlugin
2024-10-30 00:17:55,592 [INFO] IPUIPlugin:80 - create IPUIPlugin
2024-10-30 00:17:55,592 [INFO] IPUIPlugin:80 - create IPUIPlugin
2024-10-30 00:17:55,592 [INFO] IPUIPlugin:80 - create IPUIPlugin
2024-10-30 00:17:55,592 [INFO] IPUIPlugin:80 - create IPUIPlugin
2024-10-30 00:17:55,592 [INFO] IPUIPlugin:80 - create IPUIPlugin
2024-10-30 00:17:55,593 [INFO] IPUIPlugin:80 - create IPUIPlugin
2024-10-30 00:17:55,593 [INFO] IPUIPlugin:80 - create IPUIPlugin
2024-10-30 00:17:55,593 [INFO] IPUIPlugin:80 - create IPUIPlugin
2024-10-30 00:17:55,593 [INFO] IPUIPlugin:80 - create IPUIPlugin
2024-10-30 00:17:55,593 [INFO] IPUIPlugin:80 - create IPUIPlugin
2024-10-30 00:17:55,594 [INFO] IPUIPlugin:80 - create IPUIPlugin
2024-10-30 00:17:55,594 [INFO] IPUIPlugin:80 - create IPUIPlugin
2024-10-30 00:17:55,594 [INFO] IPUIPlugin:80 - create IPUIPlugin
2024-10-30 00:17:55,594 [INFO] IPUIPlugin:80 - create IPUIPlugin
2024-10-30 00:17:55,594 [INFO] IPUIPlugin:80 - create IPUIPlugin
2024-10-30 00:17:55,594 [INFO] IPUIPlugin:80 - create IPUIPlugin
2024-10-30 00:17:55,595 [INFO] IPUIPlugin:80 - create IPUIPlugin
2024-10-30 00:17:55,595 [INFO] IPUIPlugin:80 - create IPUIPlugin
2024-10-30 00:17:55,595 [INFO] IPUIPlugin:80 - create IPUIPlugin
2024-10-30 00:17:55,595 [INFO] IPUIPlugin:80 - create IPUIPlugin
2024-10-30 00:17:55,596 [INFO] IPUIPlugin:80 - create IPUIPlugin
2024-10-30 00:17:55,596 [INFO] IPUIPlugin:80 - create IPUIPlugin
2024-10-30 00:17:55,596 [INFO] IPUIPlugin:80 - create IPUIPlugin
2024-10-30 00:17:55,596 [INFO] IPUIPlugin:80 - create IPUIPlugin
2024-10-30 00:17:55,597 [INFO] IPUIPlugin:80 - create IPUIPlugin
2024-10-30 00:17:55,597 [INFO] IPUIPlugin:80 - create IPUIPlugin
2024-10-30 00:17:55,597 [INFO] IPUIPlugin:80 - create IPUIPlugin
2024-10-30 00:17:55,597 [INFO] IPUIPlugin:80 - create IPUIPlugin
2024-10-30 00:17:55,597 [INFO] IPUIPlugin:80 - create IPUIPlugin
2024-10-30 00:17:55,598 [INFO] IPUIPlugin:80 - create IPUIPlugin
2024-10-30 00:17:55,598 [INFO] IPUIPlugin:80 - create IPUIPlugin
2024-10-30 00:17:55,599 [INFO] IPUIPlugin:80 - create IPUIPlugin
2024-10-30 00:17:55,599 [INFO] IPUIPlugin:80 - create IPUIPlugin
2024-10-30 00:17:55,599 [INFO] IPUIPlugin:80 - create IPUIPlugin
2024-10-30 00:17:55,599 [INFO] IPUIPlugin:80 - create IPUIPlugin
2024-10-30 00:17:55,599 [INFO] IPUIPlugin:80 - create IPUIPlugin
2024-10-30 00:17:55,600 [INFO] IPUIPlugin:80 - create IPUIPlugin
2024-10-30 00:17:55,600 [INFO] IPUIPlugin:80 - create IPUIPlugin
2024-10-30 00:17:55,600 [INFO] IPUIPlugin:80 - create IPUIPlugin
2024-10-30 00:17:55,600 [INFO] IPUIPlugin:80 - create IPUIPlugin
2024-10-30 00:17:55,601 [INFO] IPUIPlugin:80 - create IPUIPlugin
2024-10-30 00:17:55,601 [INFO] IPUIPlugin:80 - create IPUIPlugin
2024-10-30 00:17:55,602 [INFO] IPUIPlugin:80 - create IPUIPlugin
2024-10-30 00:17:55,602 [INFO] IPUIPlugin:80 - create IPUIPlugin
2024-10-30 00:17:55,602 [INFO] IPUIPlugin:80 - create IPUIPlugin
2024-10-30 00:17:55,602 [INFO] IPUIPlugin:80 - create IPUIPlugin
2024-10-30 00:17:55,603 [INFO] IPUIPlugin:80 - create IPUIPlugin
2024-10-30 00:17:55,603 [INFO] IPUIPlugin:80 - create IPUIPlugin
2024-10-30 00:17:55,603 [INFO] IPUIPlugin:80 - create IPUIPlugin
2024-10-30 00:17:55,603 [INFO] IPUIPlugin:80 - create IPUIPlugin
2024-10-30 00:17:55,604 [INFO] IPUIPlugin:80 - create IPUIPlugin
2024-10-30 00:17:55,604 [INFO] IPUIPlugin:80 - create IPUIPlugin
2024-10-30 00:17:55,604 [INFO] IPUIPlugin:80 - create IPUIPlugin
2024-10-30 00:17:55,604 [INFO] IPUIPlugin:80 - create IPUIPlugin
2024-10-30 00:17:55,604 [INFO] IPUIPlugin:80 - create IPUIPlugin
2024-10-30 00:17:55,604 [INFO] IPUIPlugin:80 - create IPUIPlugin
2024-10-30 00:17:55,604 [INFO] IPUIPlugin:80 - create IPUIPlugin
2024-10-30 00:17:55,604 [INFO] IPUIPlugin:80 - create IPUIPlugin
2024-10-30 00:17:55,604 [INFO] IPUIPlugin:80 - create IPUIPlugin
2024-10-30 00:17:55,604 [INFO] IPUIPlugin:80 - create IPUIPlugin
2024-10-30 00:17:55,605 [INFO] IPUIPlugin:80 - create IPUIPlugin
2024-10-30 00:17:55,605 [INFO] IPUIPlugin:80 - create IPUIPlugin
2024-10-30 00:17:55,606 [INFO] IPUIPlugin:80 - create IPUIPlugin
2024-10-30 00:17:55,606 [INFO] IPUIPlugin:80 - create IPUIPlugin
2024-10-30 00:17:55,606 [INFO] IPUIPlugin:80 - create IPUIPlugin
2024-10-30 00:17:55,607 [INFO] IPUIPlugin:80 - create IPUIPlugin
2024-10-30 00:17:55,607 [INFO] IPUIPlugin:80 - create IPUIPlugin
2024-10-30 00:17:55,607 [INFO] IPUIPlugin:80 - create IPUIPlugin
2024-10-30 00:17:55,608 [INFO] IPUIPlugin:80 - create IPUIPlugin
2024-10-30 00:17:55,608 [INFO] IPUIPlugin:80 - create IPUIPlugin
2024-10-30 00:17:55,609 [INFO] IPUIPlugin:80 - create IPUIPlugin
2024-10-30 00:17:55,642 [WARN] FreeRTOS:1023 - Null or empty value: should not occur! (nothing added to the table)
2024-10-30 00:17:55,875 [INFO] CADModel:165 - CPN selected for project levelSTM32G474RET6
2024-10-30 00:17:55,875 [INFO] CADModel:114 - Register for checkConnection events
2024-10-30 00:17:55,878 [INFO] RtosManager:697 - Active RTOS found at IOC load: FREERTOS [Cortex-M4NS]
2024-10-30 00:17:55,920 [INFO] OpenFileManager:363 - Restore cursor
2024-10-30 01:35:18,097 [INFO] MainUpdater:2873 - connection check result : 10
2024-10-30 01:35:18,097 [INFO] MainUpdater:2873 - connection check result : 10
2024-10-30 01:35:18,412 [INFO] I2cTimingTraitement:330 - 0x40621236
2024-10-30 01:35:18,418 [INFO] MicroXplorer:468 - Change Database Path : 
2024-10-30 01:35:18,418 [INFO] MicroXplorer:498 - Change Database Version : DB.6.0.121
2024-10-30 01:35:18,426 [ERROR] ProjectManagerView:394 - 
java.lang.NullPointerException: Cannot invoke "javax.swing.JTextField.getText()" because the return value of "java.util.List.get(int)" is null
	at com.st.microxplorer.plugins.projectmanager.gui.ProjectChoiceTab$10.caretUpdate(ProjectChoiceTab.java:2622) ~[filemanager.jar:?]
	at javax.swing.text.JTextComponent.fireCaretUpdate(JTextComponent.java:412) ~[?:?]
	at javax.swing.text.JTextComponent$MutableCaretEvent.fire(JTextComponent.java:4491) ~[?:?]
	at javax.swing.text.JTextComponent$MutableCaretEvent.stateChanged(JTextComponent.java:4513) ~[?:?]
	at javax.swing.text.DefaultCaret.fireStateChanged(DefaultCaret.java:842) ~[?:?]
	at javax.swing.text.DefaultCaret.changeCaretPosition(DefaultCaret.java:1313) ~[?:?]
	at javax.swing.text.DefaultCaret.handleSetDot(DefaultCaret.java:1212) ~[?:?]
	at javax.swing.text.DefaultCaret.setDot(DefaultCaret.java:1193) ~[?:?]
	at javax.swing.text.DefaultCaret$Handler.insertUpdate(DefaultCaret.java:1789) ~[?:?]
	at javax.swing.text.AbstractDocument.fireInsertUpdate(AbstractDocument.java:226) ~[?:?]
	at javax.swing.text.AbstractDocument.handleInsertString(AbstractDocument.java:780) ~[?:?]
	at javax.swing.text.AbstractDocument.insertString(AbstractDocument.java:739) ~[?:?]
	at javax.swing.text.PlainDocument.insertString(PlainDocument.java:131) ~[?:?]
	at javax.swing.text.AbstractDocument.replace(AbstractDocument.java:698) ~[?:?]
	at javax.swing.text.JTextComponent.setText(JTextComponent.java:1729) ~[?:?]
	at com.st.microxplorer.plugins.projectmanager.gui.ProjectChoiceTab.createHeapStackFields(ProjectChoiceTab.java:972) ~[filemanager.jar:?]
	at com.st.microxplorer.plugins.projectmanager.gui.ProjectChoiceTab.buildLinkSettingsPanel(ProjectChoiceTab.java:3597) ~[filemanager.jar:?]
	at com.st.microxplorer.plugins.projectmanager.gui.ProjectChoiceTab.defineWindowsFields(ProjectChoiceTab.java:1940) ~[filemanager.jar:?]
	at com.st.microxplorer.plugins.projectmanager.gui.ProjectChoiceTab.updateSettings(ProjectChoiceTab.java:550) ~[filemanager.jar:?]
	at com.st.microxplorer.plugins.projectmanager.gui.ProjectSettingsPanel.UpdateDialog(ProjectSettingsPanel.java:245) ~[filemanager.jar:?]
	at com.st.microxplorer.plugins.projectmanager.ProjectManagerView.propertyChange(ProjectManagerView.java:391) ~[filemanager.jar:?]
	at java.beans.PropertyChangeSupport.fire(PropertyChangeSupport.java:343) ~[?:?]
	at java.beans.PropertyChangeSupport.firePropertyChange(PropertyChangeSupport.java:335) ~[?:?]
	at java.beans.PropertyChangeSupport.firePropertyChange(PropertyChangeSupport.java:268) ~[?:?]
	at com.st.microxplorer.util.MXPropertyChangeSupport.firePropertyChange(MXPropertyChangeSupport.java:54) ~[STM32CubeMX.jar:?]
	at com.st.microxplorer.mxsystem.MxSystem.closeConfig(MxSystem.java:900) ~[STM32CubeMX.jar:?]
	at com.st.microxplorer.maingui.MainPanel.closeConfig(MainPanel.java:781) ~[STM32CubeMX.jar:?]
	at com.st.microxplorer.plugins.filemanager.engine.OpenFileManager.loadConfigurationFile(OpenFileManager.java:265) ~[filemanager.jar:?]
	at com.st.microxplorer.plugins.filemanager.engine.MainFileManager.userLoadConfig(MainFileManager.java:352) ~[filemanager.jar:?]
	at com.st.microxplorer.plugins.filemanager.engine.MainFileManager.userLoadConfig(MainFileManager.java:330) ~[filemanager.jar:?]
	at com.st.microxplorer.plugins.filemanager.FileManagerView.getSpecificTask(FileManagerView.java:246) ~[filemanager.jar:?]
	at com.st.stm32cube.common.mx.editor.CubeMxEditor.getMxTabbedPaneInstance(CubeMxEditor.java:1198) ~[com.st.stm32cube.common.mx_6.12.1.202409122256/:?]
	at com.st.stm32cube.common.mx.editor.CubeMxEditor$12$1.createSwingComponent(CubeMxEditor.java:1068) ~[com.st.stm32cube.common.mx_6.12.1.202409122256/:?]
	at com.st.stm32cube.common.mx.oss.core.awtswtbridge.EmbeddedSwingComposite.doComponentCreation(EmbeddedSwingComposite.java:492) ~[com.st.stm32cube.common.mx.oss_6.12.1.202409122256/:?]
	at com.st.stm32cube.common.mx.oss.core.awtswtbridge.EmbeddedSwingComposite$4.run(EmbeddedSwingComposite.java:291) ~[com.st.stm32cube.common.mx.oss_6.12.1.202409122256/:?]
	at com.st.stm32cube.common.mx.oss.core.awtswtbridge.AwtEnvironment$2.run(AwtEnvironment.java:166) ~[com.st.stm32cube.common.mx.oss_6.12.1.202409122256/:?]
	at java.awt.event.InvocationEvent.dispatch(InvocationEvent.java:318) ~[?:?]
	at java.awt.EventQueue.dispatchEventImpl(EventQueue.java:773) ~[?:?]
	at java.awt.EventQueue$4.run(EventQueue.java:720) ~[?:?]
	at java.awt.EventQueue$4.run(EventQueue.java:714) ~[?:?]
	at java.security.AccessController.doPrivileged(AccessController.java:399) ~[?:?]
	at java.security.ProtectionDomain$JavaSecurityAccessImpl.doIntersectionPrivilege(ProtectionDomain.java:86) ~[?:?]
	at java.awt.EventQueue.dispatchEvent(EventQueue.java:742) ~[?:?]
	at java.awt.EventDispatchThread.pumpOneEventForFilters(EventDispatchThread.java:203) ~[?:?]
	at java.awt.EventDispatchThread.pumpEventsForFilter(EventDispatchThread.java:124) ~[?:?]
	at java.awt.EventDispatchThread.pumpEventsForHierarchy(EventDispatchThread.java:113) ~[?:?]
	at java.awt.EventDispatchThread.pumpEvents(EventDispatchThread.java:109) ~[?:?]
	at java.awt.EventDispatchThread.pumpEvents(EventDispatchThread.java:101) ~[?:?]
	at java.awt.EventDispatchThread.run(EventDispatchThread.java:90) ~[?:?]
2024-10-30 01:35:18,431 [WARN] ThirdParty:871 - waiting for thirdparty lock release [close project]
2024-10-30 01:35:18,431 [INFO] ThirdParty:873 - entering critical section [close project]
2024-10-30 01:35:18,431 [INFO] ThirdParty:883 - exiting critical section [close project]
2024-10-30 01:35:18,432 [INFO] PinOutPanel:1561 - setPackage(No Configuration,No Configuration)
2024-10-30 01:35:18,441 [INFO] UtilMem:75 - Begin LoadConfig() Used Memory: 449571328 Bytes (809500672)
2024-10-30 01:35:18,442 [INFO] MicroXplorer:468 - Change Database Path : 
2024-10-30 01:35:18,442 [INFO] MicroXplorer:498 - Change Database Version : DB.6.0.121
2024-10-30 01:35:18,442 [INFO] OpenFileManager:332 - Change cursor
2024-10-30 01:35:18,448 [INFO] Mcu:2032 - Initializing MCU STM32G474R(B-C-E)Tx STM32G474RETx STM32G474RET6
2024-10-30 01:35:22,060 [INFO] Context:742 - Trying to add GPIOservice into a context  which must be forbidden
2024-10-30 01:35:23,240 [INFO] ApiDbMcu:508 - Load IP Config File for NUCLEO-G474RE
2024-10-30 01:35:23,417 [INFO] RtosManager:555 - Registered RTOS mode: class=CMSIS, group=RTOS, mode=CMSIS_V1, owner=FREERTOS
2024-10-30 01:35:23,417 [INFO] RtosManager:555 - Registered RTOS mode: class=CMSIS, group=RTOS2, mode=CMSIS_V2, owner=FREERTOS
2024-10-30 01:35:23,417 [INFO] RtosManager:555 - Registered RTOS mode: class=RTOS, group=Core, mode=CMSIS_V1, owner=FREERTOS
2024-10-30 01:35:23,417 [INFO] RtosManager:555 - Registered RTOS mode: class=RTOS, group=Core, mode=CMSIS_V2, owner=FREERTOS
2024-10-30 01:35:23,417 [WARN] ModelIntegratedComponent:184 - Missing modes for component STMicroelectronics:FreeRTOS:0.0.1:STMicroelectronics:RTOS:FreeRTOS:Core:::10.2.0:
2024-10-30 01:35:23,421 [WARN] ModelIntegratedComponent:63 - No mode defined for component null
2024-10-30 01:35:23,421 [WARN] ModelIntegratedComponent:63 - No mode defined for component null
2024-10-30 01:35:23,421 [WARN] ModelIntegratedComponent:63 - No mode defined for component null
2024-10-30 01:35:23,421 [WARN] ModelIntegratedComponent:63 - No mode defined for component null
2024-10-30 01:35:23,421 [WARN] ModelIntegratedComponent:63 - No mode defined for component null
2024-10-30 01:35:23,421 [WARN] ModelIntegratedComponent:63 - No mode defined for component null
2024-10-30 01:35:23,421 [WARN] ModelIntegratedComponent:63 - No mode defined for component null
2024-10-30 01:35:23,421 [WARN] ModelIntegratedComponent:63 - No mode defined for component null
2024-10-30 01:35:23,421 [WARN] ModelIntegratedComponent:63 - No mode defined for component null
2024-10-30 01:35:23,421 [WARN] ModelIntegratedComponent:63 - No mode defined for component null
2024-10-30 01:35:23,421 [WARN] ModelIntegratedComponent:63 - No mode defined for component null
2024-10-30 01:35:23,421 [WARN] ModelIntegratedComponent:63 - No mode defined for component null
2024-10-30 01:35:23,421 [WARN] ModelIntegratedComponent:63 - No mode defined for component null
2024-10-30 01:35:23,421 [WARN] ModelIntegratedComponent:63 - No mode defined for component null
2024-10-30 01:35:23,421 [WARN] ModelIntegratedComponent:63 - No mode defined for component null
2024-10-30 01:35:23,421 [WARN] ModelIntegratedComponent:63 - No mode defined for component null
2024-10-30 01:35:23,421 [WARN] ModelIntegratedComponent:63 - No mode defined for component null
2024-10-30 01:35:23,421 [WARN] ModelIntegratedComponent:63 - No mode defined for component null
2024-10-30 01:35:23,421 [WARN] ModelIntegratedComponent:63 - No mode defined for component null
2024-10-30 01:35:23,421 [WARN] ModelIntegratedComponent:63 - No mode defined for component null
2024-10-30 01:35:23,421 [WARN] ModelIntegratedComponent:63 - No mode defined for component null
2024-10-30 01:35:23,422 [WARN] ModelIntegratedComponent:63 - No mode defined for component null
2024-10-30 01:35:23,422 [WARN] ModelIntegratedComponent:63 - No mode defined for component null
2024-10-30 01:35:23,422 [WARN] ModelIntegratedComponent:63 - No mode defined for component null
2024-10-30 01:35:23,422 [WARN] ModelIntegratedComponent:63 - No mode defined for component null
2024-10-30 01:35:23,422 [WARN] ModelIntegratedComponent:63 - No mode defined for component null
2024-10-30 01:35:23,422 [WARN] ModelIntegratedComponent:63 - No mode defined for component null
2024-10-30 01:35:23,422 [WARN] ModelIntegratedComponent:63 - No mode defined for component null
2024-10-30 01:35:23,422 [WARN] ModelIntegratedComponent:63 - No mode defined for component null
2024-10-30 01:35:23,422 [WARN] ModelIntegratedComponent:63 - No mode defined for component null
2024-10-30 01:35:23,422 [WARN] ModelIntegratedComponent:63 - No mode defined for component null
2024-10-30 01:35:23,422 [WARN] ModelIntegratedComponent:63 - No mode defined for component null
2024-10-30 01:35:23,422 [WARN] ModelIntegratedComponent:63 - No mode defined for component null
2024-10-30 01:35:23,422 [WARN] ModelIntegratedComponent:63 - No mode defined for component null
2024-10-30 01:35:23,422 [WARN] ModelIntegratedComponent:63 - No mode defined for component null
2024-10-30 01:35:23,422 [WARN] ModelPack:524 - Component already loaded: STMicroelectronics:HAL Drivers:0.0.0:STMicroelectronics:Device:STMicro_Driver:XSPI:HAL::0.0.1:HAL_XSPI
2024-10-30 01:35:23,435 [INFO] ThirdPartyModel:298 - Start build external matchings
2024-10-30 01:35:23,774 [INFO] ThirdPartyModel:316 - End build external matchings
2024-10-30 01:35:23,782 [INFO] RtosManager:919 - Current active RTOS is FREERTOS [Cortex-M4NS]
2024-10-30 01:35:23,786 [INFO] ImportTextPane:205 - (OptionalMessage_ERROR) IP (DMA) : Parameter (Instance) has Id (LPUART1_RX) currently not set
2024-10-30 01:35:23,786 [INFO] ImportTextPane:205 - (OptionalMessage_ERROR) IP (DMA) : Parameter (Request) has Id (LPUART1_RX) currently not set
2024-10-30 01:35:23,787 [INFO] ImportTextPane:205 - (OptionalMessage_ERROR) IP (DMA) : Parameter (Direction) has Id (LPUART1_RX) currently not set
2024-10-30 01:35:23,787 [INFO] ImportTextPane:205 - (OptionalMessage_ERROR) IP (DMA) : Parameter (PeriphInc) has Id (LPUART1_RX) currently not set
2024-10-30 01:35:23,787 [INFO] ImportTextPane:205 - (OptionalMessage_ERROR) IP (DMA) : Parameter (MemInc) has Id (LPUART1_RX) currently not set
2024-10-30 01:35:23,787 [INFO] ImportTextPane:205 - (OptionalMessage_ERROR) IP (DMA) : Parameter (PeriphDataAlignment) has Id (LPUART1_RX) currently not set
2024-10-30 01:35:23,788 [INFO] ImportTextPane:205 - (OptionalMessage_ERROR) IP (DMA) : Parameter (MemDataAlignment) has Id (LPUART1_RX) currently not set
2024-10-30 01:35:23,788 [INFO] ImportTextPane:205 - (OptionalMessage_ERROR) IP (DMA) : Parameter (Mode) has Id (LPUART1_RX) currently not set
2024-10-30 01:35:23,788 [INFO] ImportTextPane:205 - (OptionalMessage_ERROR) IP (DMA) : Parameter (Priority) has Id (LPUART1_RX) currently not set
2024-10-30 01:35:23,788 [INFO] ImportTextPane:205 - (OptionalMessage_ERROR) IP (DMA) : Parameter (SignalID) has Id (LPUART1_RX) currently not set
2024-10-30 01:35:23,788 [INFO] ImportTextPane:205 - (OptionalMessage_ERROR) IP (DMA) : Parameter (Polarity) has Id (LPUART1_RX) currently not set
2024-10-30 01:35:23,788 [INFO] ImportTextPane:205 - (OptionalMessage_ERROR) IP (DMA) : Parameter (RequestNumber) has Id (LPUART1_RX) currently not set
2024-10-30 01:35:23,788 [INFO] ImportTextPane:205 - (OptionalMessage_ERROR) IP (DMA) : Parameter (SyncSignalID) has Id (LPUART1_RX) currently not set
2024-10-30 01:35:23,788 [INFO] ImportTextPane:205 - (OptionalMessage_ERROR) IP (DMA) : Parameter (SyncPolarity) has Id (LPUART1_RX) currently not set
2024-10-30 01:35:23,788 [INFO] ImportTextPane:205 - (OptionalMessage_ERROR) IP (DMA) : Parameter (SyncEnable) has Id (LPUART1_RX) currently not set
2024-10-30 01:35:23,788 [INFO] ImportTextPane:205 - (OptionalMessage_ERROR) IP (DMA) : Parameter (EventEnable) has Id (LPUART1_RX) currently not set
2024-10-30 01:35:23,788 [INFO] ImportTextPane:205 - (OptionalMessage_ERROR) IP (DMA) : Parameter (SyncRequestNumber) has Id (LPUART1_RX) currently not set
2024-10-30 01:35:23,788 [INFO] ImportTextPane:205 - (OptionalMessage_ERROR) IP (DMA) : Parameter (Instance) has Id (LPUART1_TX) currently not set
2024-10-30 01:35:23,788 [INFO] ImportTextPane:205 - (OptionalMessage_ERROR) IP (DMA) : Parameter (Request) has Id (LPUART1_TX) currently not set
2024-10-30 01:35:23,789 [INFO] ImportTextPane:205 - (OptionalMessage_ERROR) IP (DMA) : Parameter (Direction) has Id (LPUART1_TX) currently not set
2024-10-30 01:35:23,789 [INFO] ImportTextPane:205 - (OptionalMessage_ERROR) IP (DMA) : Parameter (PeriphInc) has Id (LPUART1_TX) currently not set
2024-10-30 01:35:23,789 [INFO] ImportTextPane:205 - (OptionalMessage_ERROR) IP (DMA) : Parameter (MemInc) has Id (LPUART1_TX) currently not set
2024-10-30 01:35:23,789 [INFO] ImportTextPane:205 - (OptionalMessage_ERROR) IP (DMA) : Parameter (PeriphDataAlignment) has Id (LPUART1_TX) currently not set
2024-10-30 01:35:23,789 [INFO] ImportTextPane:205 - (OptionalMessage_ERROR) IP (DMA) : Parameter (MemDataAlignment) has Id (LPUART1_TX) currently not set
2024-10-30 01:35:23,789 [INFO] ImportTextPane:205 - (OptionalMessage_ERROR) IP (DMA) : Parameter (Mode) has Id (LPUART1_TX) currently not set
2024-10-30 01:35:23,789 [INFO] ImportTextPane:205 - (OptionalMessage_ERROR) IP (DMA) : Parameter (Priority) has Id (LPUART1_TX) currently not set
2024-10-30 01:35:23,789 [INFO] ImportTextPane:205 - (OptionalMessage_ERROR) IP (DMA) : Parameter (SignalID) has Id (LPUART1_TX) currently not set
2024-10-30 01:35:23,789 [INFO] ImportTextPane:205 - (OptionalMessage_ERROR) IP (DMA) : Parameter (Polarity) has Id (LPUART1_TX) currently not set
2024-10-30 01:35:23,789 [INFO] ImportTextPane:205 - (OptionalMessage_ERROR) IP (DMA) : Parameter (RequestNumber) has Id (LPUART1_TX) currently not set
2024-10-30 01:35:23,789 [INFO] ImportTextPane:205 - (OptionalMessage_ERROR) IP (DMA) : Parameter (SyncSignalID) has Id (LPUART1_TX) currently not set
2024-10-30 01:35:23,789 [INFO] ImportTextPane:205 - (OptionalMessage_ERROR) IP (DMA) : Parameter (SyncPolarity) has Id (LPUART1_TX) currently not set
2024-10-30 01:35:23,789 [INFO] ImportTextPane:205 - (OptionalMessage_ERROR) IP (DMA) : Parameter (SyncEnable) has Id (LPUART1_TX) currently not set
2024-10-30 01:35:23,789 [INFO] ImportTextPane:205 - (OptionalMessage_ERROR) IP (DMA) : Parameter (EventEnable) has Id (LPUART1_TX) currently not set
2024-10-30 01:35:23,789 [INFO] ImportTextPane:205 - (OptionalMessage_ERROR) IP (DMA) : Parameter (SyncRequestNumber) has Id (LPUART1_TX) currently not set
2024-10-30 01:35:23,793 [INFO] ImportTextPane:205 - (OptionalMessage_ERROR) IP (RCC) : Invalid parameter (FamilyName)
2024-10-30 01:35:23,793 [INFO] ImportTextPane:205 - (OptionalMessage_ERROR) IP (RCC) : Parameter (RNGFreq_Value) has invalid value (170000000)
2024-10-30 01:35:23,793 [INFO] ImportTextPane:205 - (OptionalMessage_ERROR) IP (RCC) : Parameter (USBFreq_Value) has invalid value (170000000)
2024-10-30 01:35:23,999 [INFO] UtilMem:75 - End LoadConfig() Used Memory: 783457976 Bytes (1073741824)
2024-10-30 01:35:24,004 [WARN] ThirdParty:833 - waiting for thirdparty lock release [change project]
2024-10-30 01:35:24,005 [INFO] ThirdParty:835 - entering critical section [change project]
2024-10-30 01:35:24,005 [INFO] ThirdParty:1030 - CMSIS Pack Vendor :STMicroelectronics USBPD 4.1
2024-10-30 01:35:24,005 [INFO] ThirdParty:1030 - CMSIS Pack Vendor :STMicroelectronics X-CUBE-AZRTOS-H7 3.3.0
2024-10-30 01:35:24,005 [INFO] ThirdParty:1030 - CMSIS Pack Vendor :STMicroelectronics X-CUBE-NFC9 1.0.0
2024-10-30 01:35:24,005 [INFO] ThirdParty:1030 - CMSIS Pack Vendor :STMicroelectronics USB_HOST 2.0.0
2024-10-30 01:35:24,005 [INFO] ThirdParty:1030 - CMSIS Pack Vendor :STMicroelectronics FP-SNS-MOTENVWB1 1.4.0
2024-10-30 01:35:24,005 [INFO] ThirdParty:1030 - CMSIS Pack Vendor :STMicroelectronics X-CUBE-AZRTOS-F4 1.1.0
2024-10-30 01:35:24,005 [INFO] ThirdParty:1030 - CMSIS Pack Vendor :STMicroelectronics LIBJPEG 8.0.0
2024-10-30 01:35:24,005 [INFO] ThirdParty:1030 - CMSIS Pack Vendor :STMicroelectronics X-CUBE-SMBUS 2.1.0
2024-10-30 01:35:24,005 [INFO] ThirdParty:1030 - CMSIS Pack Vendor :STMicroelectronics X-CUBE-WB05N 1.1.0
2024-10-30 01:35:24,005 [INFO] ThirdParty:1030 - CMSIS Pack Vendor :STMicroelectronics USB_DEVICE 3.0.0
2024-10-30 01:35:24,005 [INFO] ThirdParty:1030 - CMSIS Pack Vendor :STMicroelectronics X-CUBE-TCPP 4.1.0
2024-10-30 01:35:24,005 [INFO] ThirdParty:1030 - CMSIS Pack Vendor :STMicroelectronics X-CUBE-ISPU 2.1.0
2024-10-30 01:35:24,005 [INFO] ThirdParty:1030 - CMSIS Pack Vendor :STMicroelectronics X-CUBE-FREERTOS 1.2.0
2024-10-30 01:35:24,005 [INFO] ThirdParty:1030 - CMSIS Pack Vendor :STMicroelectronics X-CUBE-IPS 3.0.0
2024-10-30 01:35:24,005 [INFO] ThirdParty:1030 - CMSIS Pack Vendor :STMicroelectronics X-CUBE-AZRTOS-WB 2.0.0
2024-10-30 01:35:24,005 [INFO] ThirdParty:1030 - CMSIS Pack Vendor :STMicroelectronics X-CUBE-GNSS1 7.0.0
2024-10-30 01:35:24,005 [INFO] ThirdParty:1030 - CMSIS Pack Vendor :STMicroelectronics X-CUBE-AZRTOS-F7 1.1.0
2024-10-30 01:35:24,005 [INFO] ThirdParty:1030 - CMSIS Pack Vendor :STMicroelectronics X-CUBE-AZRTOS-L5 2.0.0
2024-10-30 01:35:24,005 [INFO] ThirdParty:1030 - CMSIS Pack Vendor :STMicroelectronics USB_DEVICE 2.0.0
2024-10-30 01:35:24,005 [INFO] ThirdParty:1030 - CMSIS Pack Vendor :STMicroelectronics X-CUBE-NFC6 3.1.0
2024-10-30 01:35:24,005 [INFO] ThirdParty:1030 - CMSIS Pack Vendor :STMicroelectronics FP-SNS-STBOX1 2.0.0
2024-10-30 01:35:24,005 [INFO] ThirdParty:1030 - CMSIS Pack Vendor :STMicroelectronics X-CUBE-MEMS1 11.0.0
2024-10-30 01:35:24,006 [INFO] ThirdParty:1030 - CMSIS Pack Vendor :STMicroelectronics FreeRTOS 0.0.1
2024-10-30 01:35:24,006 [INFO] ThirdParty:1030 - CMSIS Pack Vendor :STMicroelectronics X-CUBE-AZRTOS-G0 1.1.0
2024-10-30 01:35:24,006 [INFO] ThirdParty:1030 - CMSIS Pack Vendor :STMicroelectronics X-CUBE-SAFEA1 1.2.2
2024-10-30 01:35:24,006 [INFO] ThirdParty:1030 - CMSIS Pack Vendor :STMicroelectronics X-CUBE-NFC4 3.0.0
2024-10-30 01:35:24,006 [INFO] ThirdParty:1030 - CMSIS Pack Vendor :STMicroelectronics X-CUBE-DPower 1.2.0
2024-10-30 01:35:24,006 [INFO] ThirdParty:1030 - CMSIS Pack Vendor :STMicroelectronics X-CUBE-SUBG2 5.0.0
2024-10-30 01:35:24,006 [INFO] ThirdParty:1030 - CMSIS Pack Vendor :STMicroelectronics STM32_WPAN 1.0.0
2024-10-30 01:35:24,006 [INFO] ThirdParty:1030 - CMSIS Pack Vendor :EmbeddedOffice I-CUBE-FS-RTOS 1.0.1
2024-10-30 01:35:24,006 [INFO] ThirdParty:1030 - CMSIS Pack Vendor :STMicroelectronics lwIP 2.0.3
2024-10-30 01:35:24,006 [INFO] ThirdParty:1030 - CMSIS Pack Vendor :STMicroelectronics FP-SNS-FLIGHT1 5.0.2
2024-10-30 01:35:24,006 [INFO] ThirdParty:1030 - CMSIS Pack Vendor :Cesanta I-CUBE-Mongoose 7.13.0
2024-10-30 01:35:24,006 [INFO] ThirdParty:1030 - CMSIS Pack Vendor :STMicroelectronics USB_HOST 1.0.0
2024-10-30 01:35:24,006 [INFO] ThirdParty:1030 - CMSIS Pack Vendor :STMicroelectronics X-CUBE-AZRTOS-G4 2.0.0
2024-10-30 01:35:24,006 [INFO] ThirdParty:1030 - CMSIS Pack Vendor :STMicroelectronics PDM2PCM 3.1.0
2024-10-30 01:35:24,006 [INFO] ThirdParty:1030 - CMSIS Pack Vendor :STMicroelectronics PDM2PCM 3.3.0
2024-10-30 01:35:24,006 [INFO] ThirdParty:1030 - CMSIS Pack Vendor :STMicroelectronics X-CUBE-DISPLAY 3.0.0
2024-10-30 01:35:24,006 [INFO] ThirdParty:1030 - CMSIS Pack Vendor :RealThread X-CUBE-RT-Thread_Nano 4.1.1
2024-10-30 01:35:24,006 [INFO] ThirdParty:1030 - CMSIS Pack Vendor :STMicroelectronics X-CUBE-BLE1 7.0.0
2024-10-30 01:35:24,006 [INFO] ThirdParty:1030 - CMSIS Pack Vendor :STMicroelectronics FP-ATR-SIGFOX1 3.2.0
2024-10-30 01:35:24,006 [INFO] ThirdParty:1030 - CMSIS Pack Vendor :STMicroelectronics X-CUBE-NFC10 1.0.0
2024-10-30 01:35:24,006 [INFO] ThirdParty:1030 - CMSIS Pack Vendor :wolfSSL I-CUBE-wolfSSL 5.7.2
2024-10-30 01:35:24,006 [INFO] ThirdParty:1030 - CMSIS Pack Vendor :STMicroelectronics X-CUBE-EEPRMA1 5.1.0
2024-10-30 01:35:24,006 [INFO] ThirdParty:1030 - CMSIS Pack Vendor :STMicroelectronics HAL Drivers 0.0.0
2024-10-30 01:35:24,006 [INFO] ThirdParty:1030 - CMSIS Pack Vendor :STMicroelectronics MBEDTLS 2.16.2
2024-10-30 01:35:24,006 [INFO] ThirdParty:1030 - CMSIS Pack Vendor :STMicroelectronics X-CUBE-ALS 1.0.2
2024-10-30 01:35:24,006 [INFO] ThirdParty:1030 - CMSIS Pack Vendor :emotas I-CUBE-CANOPEN 1.3.0
2024-10-30 01:35:24,006 [INFO] ThirdParty:1030 - CMSIS Pack Vendor :STMicroelectronics X-CUBE-NFC7 1.0.1
2024-10-30 01:35:24,006 [INFO] ThirdParty:1030 - CMSIS Pack Vendor :STMicroelectronics MBEDTLS 2.14.1
2024-10-30 01:35:24,006 [INFO] ThirdParty:1030 - CMSIS Pack Vendor :ITTIA_DB I-CUBE-ITTIADB 8.9.0
2024-10-30 01:35:24,006 [INFO] ThirdParty:1030 - CMSIS Pack Vendor :STMicroelectronics X-CUBE-TOUCHGFX 4.24.1
2024-10-30 01:35:24,007 [INFO] ThirdParty:1030 - CMSIS Pack Vendor :wolfSSL I-CUBE-wolfTPM 3.4.0
2024-10-30 01:35:24,007 [INFO] ThirdParty:1030 - CMSIS Pack Vendor :portGmbH I-Cube-SoM-uGOAL 1.1.0
2024-10-30 01:35:24,007 [INFO] ThirdParty:1030 - CMSIS Pack Vendor :STMicroelectronics X-CUBE-BLEMGR 3.1.0
2024-10-30 01:35:24,007 [INFO] ThirdParty:1030 - CMSIS Pack Vendor :STMicroelectronics ThreadX 1.0.0
2024-10-30 01:35:24,007 [INFO] ThirdParty:1030 - CMSIS Pack Vendor :STMicroelectronics FP-SNS-SMARTAG2 1.2.0
2024-10-30 01:35:24,007 [INFO] ThirdParty:1030 - CMSIS Pack Vendor :STMicroelectronics X-CUBE-AZRTOS-WL 2.0.0
2024-10-30 01:35:24,007 [INFO] ThirdParty:1030 - CMSIS Pack Vendor :SEGGER I-CUBE-embOS 1.3.1
2024-10-30 01:35:24,007 [INFO] ThirdParty:1030 - CMSIS Pack Vendor :STMicroelectronics X-CUBE-ALGOBUILD 1.4.0
2024-10-30 01:35:24,007 [INFO] ThirdParty:1030 - CMSIS Pack Vendor :STMicroelectronics FP-SNS-MOTENV1 5.0.0
2024-10-30 01:35:24,007 [INFO] ThirdParty:1030 - CMSIS Pack Vendor :STMicroelectronics USB_DEVICE 1.0.0
2024-10-30 01:35:24,007 [INFO] ThirdParty:1030 - CMSIS Pack Vendor :STMicroelectronics X-CUBE-AZRTOS-H7RS 1.0.0
2024-10-30 01:35:24,007 [INFO] ThirdParty:1030 - CMSIS Pack Vendor :wolfSSL I-CUBE-wolfMQTT 1.19.0
2024-10-30 01:35:24,007 [INFO] ThirdParty:1030 - CMSIS Pack Vendor :STMicroelectronics X-CUBE-AZRTOS-L4 2.0.0
2024-10-30 01:35:24,007 [INFO] ThirdParty:1030 - CMSIS Pack Vendor :STMicroelectronics ThreadX 0.0.2
2024-10-30 01:35:24,007 [INFO] ThirdParty:1030 - CMSIS Pack Vendor :WES I-CUBE-Cesium 1.3.0
2024-10-30 01:35:24,007 [INFO] ThirdParty:1030 - CMSIS Pack Vendor :STMicroelectronics FP-ATR-ASTRA1 2.0.0
2024-10-30 01:35:24,007 [INFO] ThirdParty:1030 - CMSIS Pack Vendor :STMicroelectronics lwIP 2.1.2
2024-10-30 01:35:24,007 [INFO] ThirdParty:1030 - CMSIS Pack Vendor :STMicroelectronics X-CUBE-SFXS2LP1 4.0.0
2024-10-30 01:35:24,007 [INFO] ThirdParty:1030 - CMSIS Pack Vendor :STMicroelectronics X-CUBE-BLE2 3.3.0
2024-10-30 01:35:24,007 [INFO] ThirdParty:1030 - CMSIS Pack Vendor :STMicroelectronics X-CUBE-TOF1 3.4.2
2024-10-30 01:35:24,007 [INFO] ThirdParty:1030 - CMSIS Pack Vendor :STMicroelectronics X-CUBE-AI 9.1.0
2024-10-30 01:35:24,007 [INFO] ThirdParty:1030 - CMSIS Pack Vendor :Infineon AIROC-Wi-Fi-Bluetooth-STM32 1.6.1
2024-10-30 01:35:24,007 [INFO] ThirdParty:1030 - CMSIS Pack Vendor :STMicroelectronics PDM2PCM 3.2.0
2024-10-30 01:35:24,007 [INFO] ThirdParty:1030 - CMSIS Pack Vendor :wolfSSL I-CUBE-wolfSSH 1.4.17
2024-10-30 01:35:24,007 [INFO] ThirdParty:841 - exiting critical section [change project]
2024-10-30 01:35:24,431 [INFO] PinOutPanel:1561 - setPackage(No Configuration,No Configuration)
2024-10-30 01:35:24,432 [INFO] PinOutPanel:1561 - setPackage(STM32G474RETx,LQFP64)
2024-10-30 01:35:24,817 [INFO] UtilMem:75 - Before build in PCC Used Memory: 447316112 Bytes (1073741824)
2024-10-30 01:35:25,117 [INFO] UtilMem:75 - After build in PCC Used Memory: 546404496 Bytes (1073741824)
2024-10-30 01:35:25,124 [INFO] ApiDbMcu:508 - Load IP Config File for FREERTOS
2024-10-30 01:35:25,154 [INFO] IPUIPlugin:80 - create IPUIPlugin
2024-10-30 01:35:25,155 [INFO] IPUIPlugin:80 - create IPUIPlugin
2024-10-30 01:35:25,155 [INFO] IPUIPlugin:80 - create IPUIPlugin
2024-10-30 01:35:25,155 [INFO] IPUIPlugin:80 - create IPUIPlugin
2024-10-30 01:35:25,155 [INFO] IPUIPlugin:80 - create IPUIPlugin
2024-10-30 01:35:25,155 [INFO] IPUIPlugin:80 - create IPUIPlugin
2024-10-30 01:35:25,155 [INFO] IPUIPlugin:80 - create IPUIPlugin
2024-10-30 01:35:25,155 [INFO] IPUIPlugin:80 - create IPUIPlugin
2024-10-30 01:35:25,155 [INFO] IPUIPlugin:80 - create IPUIPlugin
2024-10-30 01:35:25,155 [INFO] IPUIPlugin:80 - create IPUIPlugin
2024-10-30 01:35:25,155 [INFO] IPUIPlugin:80 - create IPUIPlugin
2024-10-30 01:35:25,155 [INFO] IPUIPlugin:80 - create IPUIPlugin
2024-10-30 01:35:25,155 [INFO] IPUIPlugin:80 - create IPUIPlugin
2024-10-30 01:35:25,155 [INFO] IPUIPlugin:80 - create IPUIPlugin
2024-10-30 01:35:25,156 [INFO] IPUIPlugin:80 - create IPUIPlugin
2024-10-30 01:35:25,156 [INFO] IPUIPlugin:80 - create IPUIPlugin
2024-10-30 01:35:25,156 [INFO] IPUIPlugin:80 - create IPUIPlugin
2024-10-30 01:35:25,156 [INFO] IPUIPlugin:80 - create IPUIPlugin
2024-10-30 01:35:25,156 [INFO] IPUIPlugin:80 - create IPUIPlugin
2024-10-30 01:35:25,156 [INFO] IPUIPlugin:80 - create IPUIPlugin
2024-10-30 01:35:25,156 [INFO] IPUIPlugin:80 - create IPUIPlugin
2024-10-30 01:35:25,156 [INFO] IPUIPlugin:80 - create IPUIPlugin
2024-10-30 01:35:25,157 [INFO] IPUIPlugin:80 - create IPUIPlugin
2024-10-30 01:35:25,157 [INFO] IPUIPlugin:80 - create IPUIPlugin
2024-10-30 01:35:25,157 [INFO] IPUIPlugin:80 - create IPUIPlugin
2024-10-30 01:35:25,157 [INFO] IPUIPlugin:80 - create IPUIPlugin
2024-10-30 01:35:25,157 [INFO] IPUIPlugin:80 - create IPUIPlugin
2024-10-30 01:35:25,158 [INFO] IPUIPlugin:80 - create IPUIPlugin
2024-10-30 01:35:25,158 [INFO] IPUIPlugin:80 - create IPUIPlugin
2024-10-30 01:35:25,158 [INFO] IPUIPlugin:80 - create IPUIPlugin
2024-10-30 01:35:25,158 [INFO] IPUIPlugin:80 - create IPUIPlugin
2024-10-30 01:35:25,158 [INFO] IPUIPlugin:80 - create IPUIPlugin
2024-10-30 01:35:25,158 [INFO] IPUIPlugin:80 - create IPUIPlugin
2024-10-30 01:35:25,158 [INFO] IPUIPlugin:80 - create IPUIPlugin
2024-10-30 01:35:25,159 [INFO] IPUIPlugin:80 - create IPUIPlugin
2024-10-30 01:35:25,159 [INFO] IPUIPlugin:80 - create IPUIPlugin
2024-10-30 01:35:25,159 [INFO] IPUIPlugin:80 - create IPUIPlugin
2024-10-30 01:35:25,159 [INFO] IPUIPlugin:80 - create IPUIPlugin
2024-10-30 01:35:25,159 [INFO] IPUIPlugin:80 - create IPUIPlugin
2024-10-30 01:35:25,159 [INFO] IPUIPlugin:80 - create IPUIPlugin
2024-10-30 01:35:25,160 [INFO] IPUIPlugin:80 - create IPUIPlugin
2024-10-30 01:35:25,160 [INFO] IPUIPlugin:80 - create IPUIPlugin
2024-10-30 01:35:25,160 [INFO] IPUIPlugin:80 - create IPUIPlugin
2024-10-30 01:35:25,160 [INFO] IPUIPlugin:80 - create IPUIPlugin
2024-10-30 01:35:25,161 [INFO] IPUIPlugin:80 - create IPUIPlugin
2024-10-30 01:35:25,161 [INFO] IPUIPlugin:80 - create IPUIPlugin
2024-10-30 01:35:25,161 [INFO] IPUIPlugin:80 - create IPUIPlugin
2024-10-30 01:35:25,162 [INFO] IPUIPlugin:80 - create IPUIPlugin
2024-10-30 01:35:25,162 [INFO] IPUIPlugin:80 - create IPUIPlugin
2024-10-30 01:35:25,163 [INFO] IPUIPlugin:80 - create IPUIPlugin
2024-10-30 01:35:25,163 [INFO] IPUIPlugin:80 - create IPUIPlugin
2024-10-30 01:35:25,163 [INFO] IPUIPlugin:80 - create IPUIPlugin
2024-10-30 01:35:25,164 [INFO] IPUIPlugin:80 - create IPUIPlugin
2024-10-30 01:35:25,164 [INFO] IPUIPlugin:80 - create IPUIPlugin
2024-10-30 01:35:25,164 [INFO] IPUIPlugin:80 - create IPUIPlugin
2024-10-30 01:35:25,164 [INFO] IPUIPlugin:80 - create IPUIPlugin
2024-10-30 01:35:25,164 [INFO] IPUIPlugin:80 - create IPUIPlugin
2024-10-30 01:35:25,164 [INFO] IPUIPlugin:80 - create IPUIPlugin
2024-10-30 01:35:25,164 [INFO] IPUIPlugin:80 - create IPUIPlugin
2024-10-30 01:35:25,164 [INFO] IPUIPlugin:80 - create IPUIPlugin
2024-10-30 01:35:25,164 [INFO] IPUIPlugin:80 - create IPUIPlugin
2024-10-30 01:35:25,165 [INFO] IPUIPlugin:80 - create IPUIPlugin
2024-10-30 01:35:25,165 [INFO] IPUIPlugin:80 - create IPUIPlugin
2024-10-30 01:35:25,165 [INFO] IPUIPlugin:80 - create IPUIPlugin
2024-10-30 01:35:25,165 [INFO] IPUIPlugin:80 - create IPUIPlugin
2024-10-30 01:35:25,165 [INFO] IPUIPlugin:80 - create IPUIPlugin
2024-10-30 01:35:25,165 [INFO] IPUIPlugin:80 - create IPUIPlugin
2024-10-30 01:35:25,165 [INFO] IPUIPlugin:80 - create IPUIPlugin
2024-10-30 01:35:25,166 [INFO] IPUIPlugin:80 - create IPUIPlugin
2024-10-30 01:35:25,166 [INFO] IPUIPlugin:80 - create IPUIPlugin
2024-10-30 01:35:25,166 [INFO] IPUIPlugin:80 - create IPUIPlugin
2024-10-30 01:35:25,167 [INFO] IPUIPlugin:80 - create IPUIPlugin
2024-10-30 01:35:25,167 [INFO] IPUIPlugin:80 - create IPUIPlugin
2024-10-30 01:35:25,167 [INFO] IPUIPlugin:80 - create IPUIPlugin
2024-10-30 01:35:25,168 [INFO] IPUIPlugin:80 - create IPUIPlugin
2024-10-30 01:35:25,169 [INFO] IPUIPlugin:80 - create IPUIPlugin
2024-10-30 01:35:25,170 [INFO] IPUIPlugin:80 - create IPUIPlugin
2024-10-30 01:35:25,170 [INFO] IPUIPlugin:80 - create IPUIPlugin
2024-10-30 01:35:25,182 [WARN] FreeRTOS:1023 - Null or empty value: should not occur! (nothing added to the table)
2024-10-30 01:35:25,235 [INFO] CADModel:165 - CPN selected for project levelSTM32G474RET6
2024-10-30 01:35:25,235 [INFO] CADModel:114 - Register for checkConnection events
2024-10-30 01:35:25,237 [INFO] RtosManager:697 - Active RTOS found at IOC load: FREERTOS [Cortex-M4NS]
2024-10-30 01:35:25,277 [INFO] OpenFileManager:363 - Restore cursor
2024-10-30 01:36:02,776 [INFO] UtilMem:75 - End SaveConfig() Used Memory: 374489088 Bytes (1073741824)
2024-10-30 01:36:04,390 [INFO] UtilMem:75 - End SaveConfig() Used Memory: 410140672 Bytes (1073741824)
2024-10-30 01:36:04,690 [INFO] UtilMem:75 - End SaveConfig() Used Memory: 485638144 Bytes (1073741824)
2024-10-30 01:36:08,178 [INFO] BlockDiagram:2766 - set Specific Code input for plugin: FREERTOS
2024-10-30 01:36:08,178 [INFO] BlockDiagram:2766 - set Specific Code input for plugin: SYS
2024-10-30 01:36:08,178 [INFO] BlockDiagram:2766 - set Specific Code input for plugin: RCC
2024-10-30 01:36:08,178 [INFO] BlockDiagram:2766 - set Specific Code input for plugin: I2C
2024-10-30 01:36:08,178 [INFO] BlockDiagram:2766 - set Specific Code input for plugin: LPUART
2024-10-30 01:36:08,178 [INFO] BlockDiagram:2766 - set Specific Code input for plugin: NVIC
2024-10-30 01:36:08,178 [INFO] BlockDiagram:2766 - set Specific Code input for plugin: DMA
2024-10-30 01:36:08,179 [INFO] BlockDiagram:2766 - set Specific Code input for plugin: GPIO
2024-10-30 01:36:08,179 [INFO] CodeGenerator:807 - code generatio: config db path: /opt/st/stm32cubeide_1.16.1/plugins/com.st.stm32cube.common.mx_6.12.1.202409122256//db/
2024-10-30 01:36:08,373 [INFO] CodeEngine:255 - oldGeneratedFile, /home/nakarin/FUN5-1/firmware/uros_firmware/MXTmpFiles/license.tmp_save
2024-10-30 01:36:08,679 [INFO] CodeEngine:279 - Generated code: /home/nakarin/FUN5-1/firmware/uros_firmware/MXTmpFiles/license.tmp
2024-10-30 01:36:08,734 [INFO] CodeEngine:255 - oldGeneratedFile, /home/nakarin/FUN5-1/firmware/uros_firmware/Core/Src/gpio.c_save
2024-10-30 01:36:08,866 [INFO] CodeEngine:279 - Generated code: /home/nakarin/FUN5-1/firmware/uros_firmware/Core/Src/gpio.c
2024-10-30 01:36:08,868 [INFO] CodeEngine:255 - oldGeneratedFile, /home/nakarin/FUN5-1/firmware/uros_firmware/Core/Inc/gpio.h_save
2024-10-30 01:36:08,998 [INFO] CodeEngine:279 - Generated code: /home/nakarin/FUN5-1/firmware/uros_firmware/Core/Inc/gpio.h
2024-10-30 01:36:09,442 [INFO] Middleware:1439 - No code input for Bsp Dependency
2024-10-30 01:36:09,447 [INFO] CodeEngine:255 - oldGeneratedFile, /home/nakarin/FUN5-1/firmware/uros_firmware/MXTmpFiles/rtos_inc.tmp_save
2024-10-30 01:36:09,509 [INFO] CodeEngine:279 - Generated code: /home/nakarin/FUN5-1/firmware/uros_firmware/MXTmpFiles/rtos_inc.tmp
2024-10-30 01:36:09,510 [INFO] CodeEngine:255 - oldGeneratedFile, /home/nakarin/FUN5-1/firmware/uros_firmware/MXTmpFiles/rtos_kernelInit.tmp_save
2024-10-30 01:36:09,572 [INFO] CodeEngine:279 - Generated code: /home/nakarin/FUN5-1/firmware/uros_firmware/MXTmpFiles/rtos_kernelInit.tmp
2024-10-30 01:36:09,573 [INFO] CodeEngine:255 - oldGeneratedFile, /home/nakarin/FUN5-1/firmware/uros_firmware/MXTmpFiles/rtos_kernelStart.tmp_save
2024-10-30 01:36:09,632 [INFO] CodeEngine:279 - Generated code: /home/nakarin/FUN5-1/firmware/uros_firmware/MXTmpFiles/rtos_kernelStart.tmp
2024-10-30 01:36:09,633 [INFO] CodeEngine:255 - oldGeneratedFile, /home/nakarin/FUN5-1/firmware/uros_firmware/MXTmpFiles/rtos_typedefs.tmp_save
2024-10-30 01:36:09,693 [INFO] CodeEngine:279 - Generated code: /home/nakarin/FUN5-1/firmware/uros_firmware/MXTmpFiles/rtos_typedefs.tmp
2024-10-30 01:36:09,694 [INFO] CodeEngine:255 - oldGeneratedFile, /home/nakarin/FUN5-1/firmware/uros_firmware/MXTmpFiles/rtos_vars.tmp_save
2024-10-30 01:36:09,750 [INFO] CodeEngine:279 - Generated code: /home/nakarin/FUN5-1/firmware/uros_firmware/MXTmpFiles/rtos_vars.tmp
2024-10-30 01:36:09,752 [INFO] CodeEngine:255 - oldGeneratedFile, /home/nakarin/FUN5-1/firmware/uros_firmware/MXTmpFiles/rtos_pfp.tmp_save
2024-10-30 01:36:09,805 [INFO] CodeEngine:279 - Generated code: /home/nakarin/FUN5-1/firmware/uros_firmware/MXTmpFiles/rtos_pfp.tmp
2024-10-30 01:36:09,807 [INFO] CodeEngine:255 - oldGeneratedFile, /home/nakarin/FUN5-1/firmware/uros_firmware/MXTmpFiles/rtos_obj_creat.tmp_save
2024-10-30 01:36:09,867 [INFO] CodeEngine:279 - Generated code: /home/nakarin/FUN5-1/firmware/uros_firmware/MXTmpFiles/rtos_obj_creat.tmp
2024-10-30 01:36:09,869 [INFO] CodeEngine:255 - oldGeneratedFile, /home/nakarin/FUN5-1/firmware/uros_firmware/MXTmpFiles/rtos_default_thread.tmp_save
2024-10-30 01:36:09,920 [INFO] CodeEngine:279 - Generated code: /home/nakarin/FUN5-1/firmware/uros_firmware/MXTmpFiles/rtos_default_thread.tmp
2024-10-30 01:36:09,921 [INFO] CodeEngine:255 - oldGeneratedFile, /home/nakarin/FUN5-1/firmware/uros_firmware/MXTmpFiles/rtos_threads.tmp_save
2024-10-30 01:36:09,969 [INFO] CodeEngine:279 - Generated code: /home/nakarin/FUN5-1/firmware/uros_firmware/MXTmpFiles/rtos_threads.tmp
2024-10-30 01:36:09,980 [INFO] Middleware:1439 - No code input for Bsp Dependency
2024-10-30 01:36:09,983 [INFO] CodeEngine:255 - oldGeneratedFile, /home/nakarin/FUN5-1/firmware/uros_firmware/MXTmpFiles/rtos_inc.tmp_save
2024-10-30 01:36:10,028 [INFO] CodeEngine:279 - Generated code: /home/nakarin/FUN5-1/firmware/uros_firmware/MXTmpFiles/rtos_inc.tmp
2024-10-30 01:36:10,029 [INFO] CodeEngine:255 - oldGeneratedFile, /home/nakarin/FUN5-1/firmware/uros_firmware/MXTmpFiles/rtos_kernelInit.tmp_save
2024-10-30 01:36:10,076 [INFO] CodeEngine:279 - Generated code: /home/nakarin/FUN5-1/firmware/uros_firmware/MXTmpFiles/rtos_kernelInit.tmp
2024-10-30 01:36:10,077 [INFO] CodeEngine:255 - oldGeneratedFile, /home/nakarin/FUN5-1/firmware/uros_firmware/MXTmpFiles/rtos_kernelStart.tmp_save
2024-10-30 01:36:10,124 [INFO] CodeEngine:279 - Generated code: /home/nakarin/FUN5-1/firmware/uros_firmware/MXTmpFiles/rtos_kernelStart.tmp
2024-10-30 01:36:10,125 [INFO] CodeEngine:255 - oldGeneratedFile, /home/nakarin/FUN5-1/firmware/uros_firmware/MXTmpFiles/rtos_typedefs.tmp_save
2024-10-30 01:36:10,172 [INFO] CodeEngine:279 - Generated code: /home/nakarin/FUN5-1/firmware/uros_firmware/MXTmpFiles/rtos_typedefs.tmp
2024-10-30 01:36:10,172 [INFO] CodeEngine:255 - oldGeneratedFile, /home/nakarin/FUN5-1/firmware/uros_firmware/MXTmpFiles/rtos_vars.tmp_save
2024-10-30 01:36:10,220 [INFO] CodeEngine:279 - Generated code: /home/nakarin/FUN5-1/firmware/uros_firmware/MXTmpFiles/rtos_vars.tmp
2024-10-30 01:36:10,221 [INFO] CodeEngine:255 - oldGeneratedFile, /home/nakarin/FUN5-1/firmware/uros_firmware/MXTmpFiles/rtos_pfp.tmp_save
2024-10-30 01:36:10,266 [INFO] CodeEngine:279 - Generated code: /home/nakarin/FUN5-1/firmware/uros_firmware/MXTmpFiles/rtos_pfp.tmp
2024-10-30 01:36:10,267 [INFO] CodeEngine:255 - oldGeneratedFile, /home/nakarin/FUN5-1/firmware/uros_firmware/MXTmpFiles/rtos_obj_creat.tmp_save
2024-10-30 01:36:10,314 [INFO] CodeEngine:279 - Generated code: /home/nakarin/FUN5-1/firmware/uros_firmware/MXTmpFiles/rtos_obj_creat.tmp
2024-10-30 01:36:10,315 [INFO] CodeEngine:255 - oldGeneratedFile, /home/nakarin/FUN5-1/firmware/uros_firmware/MXTmpFiles/rtos_default_thread.tmp_save
2024-10-30 01:36:10,361 [INFO] CodeEngine:279 - Generated code: /home/nakarin/FUN5-1/firmware/uros_firmware/MXTmpFiles/rtos_default_thread.tmp
2024-10-30 01:36:10,362 [INFO] CodeEngine:255 - oldGeneratedFile, /home/nakarin/FUN5-1/firmware/uros_firmware/MXTmpFiles/rtos_threads.tmp_save
2024-10-30 01:36:10,410 [INFO] CodeEngine:279 - Generated code: /home/nakarin/FUN5-1/firmware/uros_firmware/MXTmpFiles/rtos_threads.tmp
2024-10-30 01:36:10,411 [INFO] CodeEngine:255 - oldGeneratedFile, /home/nakarin/FUN5-1/firmware/uros_firmware/Core/Inc/FreeRTOSConfig.h_save
2024-10-30 01:36:10,489 [INFO] CodeEngine:279 - Generated code: /home/nakarin/FUN5-1/firmware/uros_firmware/Core/Inc/FreeRTOSConfig.h
2024-10-30 01:36:10,490 [INFO] CodeEngine:255 - oldGeneratedFile, /home/nakarin/FUN5-1/firmware/uros_firmware/Core/Src/app_freertos.c_save
2024-10-30 01:36:10,541 [INFO] CodeEngine:279 - Generated code: /home/nakarin/FUN5-1/firmware/uros_firmware/Core/Src/app_freertos.c
2024-10-30 01:36:10,582 [INFO] CodeEngine:255 - oldGeneratedFile, /home/nakarin/FUN5-1/firmware/uros_firmware/Core/Src/dma.c_save
2024-10-30 01:36:10,634 [INFO] CodeEngine:279 - Generated code: /home/nakarin/FUN5-1/firmware/uros_firmware/Core/Src/dma.c
2024-10-30 01:36:10,635 [INFO] CodeEngine:255 - oldGeneratedFile, /home/nakarin/FUN5-1/firmware/uros_firmware/Core/Inc/dma.h_save
2024-10-30 01:36:10,683 [INFO] CodeEngine:279 - Generated code: /home/nakarin/FUN5-1/firmware/uros_firmware/Core/Inc/dma.h
2024-10-30 01:36:10,686 [INFO] CodeEngine:255 - oldGeneratedFile, /home/nakarin/FUN5-1/firmware/uros_firmware/Core/Src/i2c.c_save
2024-10-30 01:36:10,824 [INFO] CodeEngine:279 - Generated code: /home/nakarin/FUN5-1/firmware/uros_firmware/Core/Src/i2c.c
2024-10-30 01:36:10,826 [INFO] CodeEngine:255 - oldGeneratedFile, /home/nakarin/FUN5-1/firmware/uros_firmware/Core/Inc/i2c.h_save
2024-10-30 01:36:10,904 [INFO] CodeEngine:279 - Generated code: /home/nakarin/FUN5-1/firmware/uros_firmware/Core/Inc/i2c.h
2024-10-30 01:36:10,908 [INFO] CodeEngine:255 - oldGeneratedFile, /home/nakarin/FUN5-1/firmware/uros_firmware/Core/Src/usart.c_save
2024-10-30 01:36:11,016 [INFO] CodeEngine:279 - Generated code: /home/nakarin/FUN5-1/firmware/uros_firmware/Core/Src/usart.c
2024-10-30 01:36:11,017 [INFO] CodeEngine:255 - oldGeneratedFile, /home/nakarin/FUN5-1/firmware/uros_firmware/Core/Inc/usart.h_save
2024-10-30 01:36:11,067 [INFO] CodeEngine:279 - Generated code: /home/nakarin/FUN5-1/firmware/uros_firmware/Core/Inc/usart.h
2024-10-30 01:36:11,078 [INFO] CodeEngine:255 - oldGeneratedFile, /home/nakarin/FUN5-1/firmware/uros_firmware/Core/Src/stm32g4xx_it.c_save
2024-10-30 01:36:11,168 [INFO] CodeEngine:279 - Generated code: /home/nakarin/FUN5-1/firmware/uros_firmware/Core/Src/stm32g4xx_it.c
2024-10-30 01:36:11,169 [INFO] CodeEngine:255 - oldGeneratedFile, /home/nakarin/FUN5-1/firmware/uros_firmware/Core/Inc/stm32g4xx_it.h_save
2024-10-30 01:36:11,225 [INFO] CodeEngine:279 - Generated code: /home/nakarin/FUN5-1/firmware/uros_firmware/Core/Inc/stm32g4xx_it.h
2024-10-30 01:36:11,236 [INFO] CodeEngine:255 - oldGeneratedFile, /home/nakarin/FUN5-1/firmware/uros_firmware/Core/Src/stm32g4xx_hal_msp.c_save
2024-10-30 01:36:11,310 [INFO] CodeEngine:279 - Generated code: /home/nakarin/FUN5-1/firmware/uros_firmware/Core/Src/stm32g4xx_hal_msp.c
2024-10-30 01:36:11,311 [INFO] CodeEngine:255 - oldGeneratedFile, /home/nakarin/FUN5-1/firmware/uros_firmware/MXTmpFiles/system.tmp_save
2024-10-30 01:36:11,359 [INFO] CodeEngine:279 - Generated code: /home/nakarin/FUN5-1/firmware/uros_firmware/MXTmpFiles/system.tmp
2024-10-30 01:36:11,360 [INFO] CodeEngine:255 - oldGeneratedFile, /home/nakarin/FUN5-1/firmware/uros_firmware/Core/Src/stm32g4xx_hal_timebase_tim.c_save
2024-10-30 01:36:11,410 [INFO] CodeEngine:279 - Generated code: /home/nakarin/FUN5-1/firmware/uros_firmware/Core/Src/stm32g4xx_hal_timebase_tim.c
2024-10-30 01:36:11,413 [INFO] CodeEngine:311 - oldGeneratedFile, /home/nakarin/FUN5-1/firmware/uros_firmware/Core/Inc/stm32g4xx_hal_conf.h_save
2024-10-30 01:36:11,466 [INFO] CodeEngine:335 - Generated code: /home/nakarin/FUN5-1/firmware/uros_firmware/Core/Inc/stm32g4xx_hal_conf.h
2024-10-30 01:36:11,480 [WARN] IPConfigManager:3005 - Warning: the RefConfig RCC_CommonPeriphClockConfig is not available in your config.xml file
2024-10-30 01:36:11,490 [INFO] CodeEngine:255 - oldGeneratedFile, /home/nakarin/FUN5-1/firmware/uros_firmware/Core/Inc/main.h_save
2024-10-30 01:36:11,561 [INFO] CodeEngine:279 - Generated code: /home/nakarin/FUN5-1/firmware/uros_firmware/Core/Inc/main.h
2024-10-30 01:36:11,563 [INFO] CodeEngine:255 - oldGeneratedFile, /home/nakarin/FUN5-1/firmware/uros_firmware/Core/Src/main.c_save
2024-10-30 01:36:11,677 [INFO] CodeEngine:279 - Generated code: /home/nakarin/FUN5-1/firmware/uros_firmware/Core/Src/main.c
2024-10-30 01:36:11,972 [INFO] ProjectBuilder:3249 - Time for Copy HAL[1] : 62mS.
2024-10-30 01:36:11,977 [INFO] ProjectBuilder:4828 - Project Generator version: 4.5.0-B34
2024-10-30 01:36:12,068 [INFO] ConfigFileManager:1531 - The Die is : DIE469
2024-10-30 01:36:12,071 [INFO] ApiDbMcu:508 - Load IP Config File for FATFS
2024-10-30 01:36:12,075 [INFO] ApiDbMcu:508 - Load IP Config File for USBPD
2024-10-30 01:36:12,084 [INFO] ApiDbMcu:508 - Load IP Config File for USB_Device
2024-10-30 01:36:13,100 [INFO] ProjectBuilder:5097 - Time for Generating toolchain IDE Files: 1123mS.
2024-10-30 01:36:13,101 [INFO] ProjectBuilder:3107 - Time for Copy CMSIS : 0mS.
2024-10-30 01:36:13,102 [INFO] ProjectBuilder:3107 - Time for Copy CMSIS : 0mS.
2024-10-30 01:37:40,763 [INFO] UtilMem:75 - End SaveConfig() Used Memory: 591004160 Bytes (1073741824)
2024-10-30 01:37:41,898 [INFO] UtilMem:75 - End SaveConfig() Used Memory: 643432960 Bytes (1073741824)
2024-10-30 01:37:43,119 [INFO] BlockDiagram:2766 - set Specific Code input for plugin: FREERTOS
2024-10-30 01:37:43,119 [INFO] BlockDiagram:2766 - set Specific Code input for plugin: IWDG
2024-10-30 01:37:43,119 [INFO] BlockDiagram:2766 - set Specific Code input for plugin: SYS
2024-10-30 01:37:43,119 [INFO] BlockDiagram:2766 - set Specific Code input for plugin: RCC
2024-10-30 01:37:43,119 [INFO] BlockDiagram:2766 - set Specific Code input for plugin: I2C
2024-10-30 01:37:43,119 [INFO] BlockDiagram:2766 - set Specific Code input for plugin: LPUART
2024-10-30 01:37:43,119 [INFO] BlockDiagram:2766 - set Specific Code input for plugin: NVIC
2024-10-30 01:37:43,119 [INFO] BlockDiagram:2766 - set Specific Code input for plugin: DMA
2024-10-30 01:37:43,119 [INFO] BlockDiagram:2766 - set Specific Code input for plugin: GPIO
2024-10-30 01:37:43,120 [INFO] CodeGenerator:807 - code generatio: config db path: /opt/st/stm32cubeide_1.16.1/plugins/com.st.stm32cube.common.mx_6.12.1.202409122256//db/
2024-10-30 01:37:43,133 [INFO] Argument:325 - Argument : hdmavalue: null
2024-10-30 01:37:43,133 [INFO] Argument:327 - 	 sub Args: 
2024-10-30 01:37:43,133 [INFO] Argument:325 - Argument : Instancevalue: DMA1_Channel1
2024-10-30 01:37:43,133 [INFO] Argument:335 - Argument : Instancevalue: DMA1_Channel1
2024-10-30 01:37:43,133 [INFO] Argument:325 - Argument : Initvalue: null
2024-10-30 01:37:43,133 [INFO] Argument:327 - 	 sub Args: 
2024-10-30 01:37:43,133 [INFO] Argument:325 - Argument : Requestvalue: DMA_REQUEST_LPUART1_RX
2024-10-30 01:37:43,133 [INFO] Argument:335 - Argument : Requestvalue: DMA_REQUEST_LPUART1_RX
2024-10-30 01:37:43,133 [INFO] Argument:325 - Argument : Directionvalue: DMA_PERIPH_TO_MEMORY
2024-10-30 01:37:43,133 [INFO] Argument:335 - Argument : Directionvalue: DMA_PERIPH_TO_MEMORY
2024-10-30 01:37:43,133 [INFO] Argument:325 - Argument : PeriphIncvalue: DMA_PINC_DISABLE
2024-10-30 01:37:43,134 [INFO] Argument:335 - Argument : PeriphIncvalue: DMA_PINC_DISABLE
2024-10-30 01:37:43,134 [INFO] Argument:325 - Argument : MemIncvalue: DMA_MINC_ENABLE
2024-10-30 01:37:43,134 [INFO] Argument:335 - Argument : MemIncvalue: DMA_MINC_ENABLE
2024-10-30 01:37:43,134 [INFO] Argument:325 - Argument : PeriphDataAlignmentvalue: DMA_PDATAALIGN_BYTE
2024-10-30 01:37:43,134 [INFO] Argument:335 - Argument : PeriphDataAlignmentvalue: DMA_PDATAALIGN_BYTE
2024-10-30 01:37:43,134 [INFO] Argument:325 - Argument : MemDataAlignmentvalue: DMA_MDATAALIGN_BYTE
2024-10-30 01:37:43,134 [INFO] Argument:335 - Argument : MemDataAlignmentvalue: DMA_MDATAALIGN_BYTE
2024-10-30 01:37:43,134 [INFO] Argument:325 - Argument : Modevalue: DMA_CIRCULAR
2024-10-30 01:37:43,134 [INFO] Argument:335 - Argument : Modevalue: DMA_CIRCULAR
2024-10-30 01:37:43,134 [INFO] Argument:325 - Argument : Priorityvalue: DMA_PRIORITY_VERY_HIGH
2024-10-30 01:37:43,134 [INFO] Argument:335 - Argument : Priorityvalue: DMA_PRIORITY_VERY_HIGH
2024-10-30 01:37:43,134 [INFO] Argument:325 - Argument : Lockvalue: null
2024-10-30 01:37:43,134 [INFO] Argument:335 - Argument : Lockvalue: null
2024-10-30 01:37:43,134 [INFO] Argument:325 - Argument : Statevalue: null
2024-10-30 01:37:43,134 [INFO] Argument:335 - Argument : Statevalue: null
2024-10-30 01:37:43,134 [INFO] Argument:325 - Argument : Parentvalue: null
2024-10-30 01:37:43,134 [INFO] Argument:335 - Argument : Parentvalue: null
2024-10-30 01:37:43,134 [INFO] Argument:325 - Argument : XferCpltCallbackvalue: null
2024-10-30 01:37:43,134 [INFO] Argument:335 - Argument : XferCpltCallbackvalue: null
2024-10-30 01:37:43,134 [INFO] Argument:325 - Argument : XferHalfCpltCallbackvalue: null
2024-10-30 01:37:43,134 [INFO] Argument:335 - Argument : XferHalfCpltCallbackvalue: null
2024-10-30 01:37:43,134 [INFO] Argument:325 - Argument : XferErrorCallbackvalue: null
2024-10-30 01:37:43,134 [INFO] Argument:335 - Argument : XferErrorCallbackvalue: null
2024-10-30 01:37:43,134 [INFO] Argument:325 - Argument : XferAbortCallbackvalue: null
2024-10-30 01:37:43,134 [INFO] Argument:335 - Argument : XferAbortCallbackvalue: null
2024-10-30 01:37:43,134 [INFO] Argument:325 - Argument : ErrorCodevalue: null
2024-10-30 01:37:43,134 [INFO] Argument:335 - Argument : ErrorCodevalue: null
2024-10-30 01:37:43,134 [INFO] Argument:325 - Argument : ChannelIndexvalue: null
2024-10-30 01:37:43,134 [INFO] Argument:335 - Argument : ChannelIndexvalue: null
2024-10-30 01:37:43,134 [INFO] Argument:325 - Argument : DMAmuxChannelvalue: null
2024-10-30 01:37:43,134 [INFO] Argument:335 - Argument : DMAmuxChannelvalue: null
2024-10-30 01:37:43,134 [INFO] Argument:325 - Argument : DMAmuxChannelStatusvalue: null
2024-10-30 01:37:43,134 [INFO] Argument:335 - Argument : DMAmuxChannelStatusvalue: null
2024-10-30 01:37:43,134 [INFO] Argument:325 - Argument : DMAmuxChannelStatusMaskvalue: null
2024-10-30 01:37:43,134 [INFO] Argument:335 - Argument : DMAmuxChannelStatusMaskvalue: null
2024-10-30 01:37:43,134 [INFO] Argument:325 - Argument : DMAmuxRequestGenvalue: null
2024-10-30 01:37:43,134 [INFO] Argument:335 - Argument : DMAmuxRequestGenvalue: null
2024-10-30 01:37:43,134 [INFO] Argument:325 - Argument : DMAmuxRequestGenStatusvalue: null
2024-10-30 01:37:43,134 [INFO] Argument:335 - Argument : DMAmuxRequestGenStatusvalue: null
2024-10-30 01:37:43,135 [INFO] Argument:325 - Argument : DMAmuxRequestGenStatusMaskvalue: null
2024-10-30 01:37:43,135 [INFO] Argument:335 - Argument : DMAmuxRequestGenStatusMaskvalue: null
2024-10-30 01:37:43,136 [INFO] Argument:325 - Argument : hdmavalue: null
2024-10-30 01:37:43,136 [INFO] Argument:327 - 	 sub Args: 
2024-10-30 01:37:43,136 [INFO] Argument:325 - Argument : Instancevalue: DMA1_Channel2
2024-10-30 01:37:43,136 [INFO] Argument:335 - Argument : Instancevalue: DMA1_Channel2
2024-10-30 01:37:43,137 [INFO] Argument:325 - Argument : Initvalue: null
2024-10-30 01:37:43,137 [INFO] Argument:327 - 	 sub Args: 
2024-10-30 01:37:43,137 [INFO] Argument:325 - Argument : Requestvalue: DMA_REQUEST_LPUART1_TX
2024-10-30 01:37:43,137 [INFO] Argument:335 - Argument : Requestvalue: DMA_REQUEST_LPUART1_TX
2024-10-30 01:37:43,137 [INFO] Argument:325 - Argument : Directionvalue: DMA_MEMORY_TO_PERIPH
2024-10-30 01:37:43,137 [INFO] Argument:335 - Argument : Directionvalue: DMA_MEMORY_TO_PERIPH
2024-10-30 01:37:43,137 [INFO] Argument:325 - Argument : PeriphIncvalue: DMA_PINC_DISABLE
2024-10-30 01:37:43,137 [INFO] Argument:335 - Argument : PeriphIncvalue: DMA_PINC_DISABLE
2024-10-30 01:37:43,137 [INFO] Argument:325 - Argument : MemIncvalue: DMA_MINC_ENABLE
2024-10-30 01:37:43,137 [INFO] Argument:335 - Argument : MemIncvalue: DMA_MINC_ENABLE
2024-10-30 01:37:43,137 [INFO] Argument:325 - Argument : PeriphDataAlignmentvalue: DMA_PDATAALIGN_BYTE
2024-10-30 01:37:43,137 [INFO] Argument:335 - Argument : PeriphDataAlignmentvalue: DMA_PDATAALIGN_BYTE
2024-10-30 01:37:43,137 [INFO] Argument:325 - Argument : MemDataAlignmentvalue: DMA_MDATAALIGN_BYTE
2024-10-30 01:37:43,137 [INFO] Argument:335 - Argument : MemDataAlignmentvalue: DMA_MDATAALIGN_BYTE
2024-10-30 01:37:43,137 [INFO] Argument:325 - Argument : Modevalue: DMA_NORMAL
2024-10-30 01:37:43,137 [INFO] Argument:335 - Argument : Modevalue: DMA_NORMAL
2024-10-30 01:37:43,137 [INFO] Argument:325 - Argument : Priorityvalue: DMA_PRIORITY_VERY_HIGH
2024-10-30 01:37:43,137 [INFO] Argument:335 - Argument : Priorityvalue: DMA_PRIORITY_VERY_HIGH
2024-10-30 01:37:43,137 [INFO] Argument:325 - Argument : Lockvalue: null
2024-10-30 01:37:43,137 [INFO] Argument:335 - Argument : Lockvalue: null
2024-10-30 01:37:43,137 [INFO] Argument:325 - Argument : Statevalue: null
2024-10-30 01:37:43,137 [INFO] Argument:335 - Argument : Statevalue: null
2024-10-30 01:37:43,137 [INFO] Argument:325 - Argument : Parentvalue: null
2024-10-30 01:37:43,137 [INFO] Argument:335 - Argument : Parentvalue: null
2024-10-30 01:37:43,137 [INFO] Argument:325 - Argument : XferCpltCallbackvalue: null
2024-10-30 01:37:43,138 [INFO] Argument:335 - Argument : XferCpltCallbackvalue: null
2024-10-30 01:37:43,138 [INFO] Argument:325 - Argument : XferHalfCpltCallbackvalue: null
2024-10-30 01:37:43,138 [INFO] Argument:335 - Argument : XferHalfCpltCallbackvalue: null
2024-10-30 01:37:43,138 [INFO] Argument:325 - Argument : XferErrorCallbackvalue: null
2024-10-30 01:37:43,138 [INFO] Argument:335 - Argument : XferErrorCallbackvalue: null
2024-10-30 01:37:43,138 [INFO] Argument:325 - Argument : XferAbortCallbackvalue: null
2024-10-30 01:37:43,138 [INFO] Argument:335 - Argument : XferAbortCallbackvalue: null
2024-10-30 01:37:43,138 [INFO] Argument:325 - Argument : ErrorCodevalue: null
2024-10-30 01:37:43,138 [INFO] Argument:335 - Argument : ErrorCodevalue: null
2024-10-30 01:37:43,138 [INFO] Argument:325 - Argument : ChannelIndexvalue: null
2024-10-30 01:37:43,138 [INFO] Argument:335 - Argument : ChannelIndexvalue: null
2024-10-30 01:37:43,138 [INFO] Argument:325 - Argument : DMAmuxChannelvalue: null
2024-10-30 01:37:43,138 [INFO] Argument:335 - Argument : DMAmuxChannelvalue: null
2024-10-30 01:37:43,138 [INFO] Argument:325 - Argument : DMAmuxChannelStatusvalue: null
2024-10-30 01:37:43,138 [INFO] Argument:335 - Argument : DMAmuxChannelStatusvalue: null
2024-10-30 01:37:43,138 [INFO] Argument:325 - Argument : DMAmuxChannelStatusMaskvalue: null
2024-10-30 01:37:43,138 [INFO] Argument:335 - Argument : DMAmuxChannelStatusMaskvalue: null
2024-10-30 01:37:43,138 [INFO] Argument:325 - Argument : DMAmuxRequestGenvalue: null
2024-10-30 01:37:43,138 [INFO] Argument:335 - Argument : DMAmuxRequestGenvalue: null
2024-10-30 01:37:43,138 [INFO] Argument:325 - Argument : DMAmuxRequestGenStatusvalue: null
2024-10-30 01:37:43,138 [INFO] Argument:335 - Argument : DMAmuxRequestGenStatusvalue: null
2024-10-30 01:37:43,138 [INFO] Argument:325 - Argument : DMAmuxRequestGenStatusMaskvalue: null
2024-10-30 01:37:43,138 [INFO] Argument:335 - Argument : DMAmuxRequestGenStatusMaskvalue: null
2024-10-30 01:37:43,225 [INFO] CodeEngine:255 - oldGeneratedFile, /home/nakarin/FUN5-1/firmware/uros_firmware/MXTmpFiles/license.tmp_save
2024-10-30 01:37:43,279 [INFO] CodeEngine:279 - Generated code: /home/nakarin/FUN5-1/firmware/uros_firmware/MXTmpFiles/license.tmp
2024-10-30 01:37:43,306 [INFO] CodeEngine:255 - oldGeneratedFile, /home/nakarin/FUN5-1/firmware/uros_firmware/Core/Src/gpio.c_save
2024-10-30 01:37:43,382 [INFO] CodeEngine:279 - Generated code: /home/nakarin/FUN5-1/firmware/uros_firmware/Core/Src/gpio.c
2024-10-30 01:37:43,383 [INFO] CodeEngine:255 - oldGeneratedFile, /home/nakarin/FUN5-1/firmware/uros_firmware/Core/Inc/gpio.h_save
2024-10-30 01:37:43,434 [INFO] CodeEngine:279 - Generated code: /home/nakarin/FUN5-1/firmware/uros_firmware/Core/Inc/gpio.h
2024-10-30 01:37:43,705 [INFO] Middleware:1439 - No code input for Bsp Dependency
2024-10-30 01:37:43,707 [INFO] CodeEngine:255 - oldGeneratedFile, /home/nakarin/FUN5-1/firmware/uros_firmware/MXTmpFiles/rtos_inc.tmp_save
2024-10-30 01:37:43,755 [INFO] CodeEngine:279 - Generated code: /home/nakarin/FUN5-1/firmware/uros_firmware/MXTmpFiles/rtos_inc.tmp
2024-10-30 01:37:43,756 [INFO] CodeEngine:255 - oldGeneratedFile, /home/nakarin/FUN5-1/firmware/uros_firmware/MXTmpFiles/rtos_kernelInit.tmp_save
2024-10-30 01:37:43,804 [INFO] CodeEngine:279 - Generated code: /home/nakarin/FUN5-1/firmware/uros_firmware/MXTmpFiles/rtos_kernelInit.tmp
2024-10-30 01:37:43,805 [INFO] CodeEngine:255 - oldGeneratedFile, /home/nakarin/FUN5-1/firmware/uros_firmware/MXTmpFiles/rtos_kernelStart.tmp_save
2024-10-30 01:37:43,852 [INFO] CodeEngine:279 - Generated code: /home/nakarin/FUN5-1/firmware/uros_firmware/MXTmpFiles/rtos_kernelStart.tmp
2024-10-30 01:37:43,853 [INFO] CodeEngine:255 - oldGeneratedFile, /home/nakarin/FUN5-1/firmware/uros_firmware/MXTmpFiles/rtos_typedefs.tmp_save
2024-10-30 01:37:43,904 [INFO] CodeEngine:279 - Generated code: /home/nakarin/FUN5-1/firmware/uros_firmware/MXTmpFiles/rtos_typedefs.tmp
2024-10-30 01:37:43,905 [INFO] CodeEngine:255 - oldGeneratedFile, /home/nakarin/FUN5-1/firmware/uros_firmware/MXTmpFiles/rtos_vars.tmp_save
2024-10-30 01:37:43,960 [INFO] CodeEngine:279 - Generated code: /home/nakarin/FUN5-1/firmware/uros_firmware/MXTmpFiles/rtos_vars.tmp
2024-10-30 01:37:43,961 [INFO] CodeEngine:255 - oldGeneratedFile, /home/nakarin/FUN5-1/firmware/uros_firmware/MXTmpFiles/rtos_pfp.tmp_save
2024-10-30 01:37:44,013 [INFO] CodeEngine:279 - Generated code: /home/nakarin/FUN5-1/firmware/uros_firmware/MXTmpFiles/rtos_pfp.tmp
2024-10-30 01:37:44,014 [INFO] CodeEngine:255 - oldGeneratedFile, /home/nakarin/FUN5-1/firmware/uros_firmware/MXTmpFiles/rtos_obj_creat.tmp_save
2024-10-30 01:37:44,067 [INFO] CodeEngine:279 - Generated code: /home/nakarin/FUN5-1/firmware/uros_firmware/MXTmpFiles/rtos_obj_creat.tmp
2024-10-30 01:37:44,068 [INFO] CodeEngine:255 - oldGeneratedFile, /home/nakarin/FUN5-1/firmware/uros_firmware/MXTmpFiles/rtos_default_thread.tmp_save
2024-10-30 01:37:44,117 [INFO] CodeEngine:279 - Generated code: /home/nakarin/FUN5-1/firmware/uros_firmware/MXTmpFiles/rtos_default_thread.tmp
2024-10-30 01:37:44,118 [INFO] CodeEngine:255 - oldGeneratedFile, /home/nakarin/FUN5-1/firmware/uros_firmware/MXTmpFiles/rtos_threads.tmp_save
2024-10-30 01:37:44,167 [INFO] CodeEngine:279 - Generated code: /home/nakarin/FUN5-1/firmware/uros_firmware/MXTmpFiles/rtos_threads.tmp
2024-10-30 01:37:44,176 [INFO] Middleware:1439 - No code input for Bsp Dependency
2024-10-30 01:37:44,178 [INFO] CodeEngine:255 - oldGeneratedFile, /home/nakarin/FUN5-1/firmware/uros_firmware/MXTmpFiles/rtos_inc.tmp_save
2024-10-30 01:37:44,241 [INFO] CodeEngine:279 - Generated code: /home/nakarin/FUN5-1/firmware/uros_firmware/MXTmpFiles/rtos_inc.tmp
2024-10-30 01:37:44,242 [INFO] CodeEngine:255 - oldGeneratedFile, /home/nakarin/FUN5-1/firmware/uros_firmware/MXTmpFiles/rtos_kernelInit.tmp_save
2024-10-30 01:37:44,289 [INFO] CodeEngine:279 - Generated code: /home/nakarin/FUN5-1/firmware/uros_firmware/MXTmpFiles/rtos_kernelInit.tmp
2024-10-30 01:37:44,290 [INFO] CodeEngine:255 - oldGeneratedFile, /home/nakarin/FUN5-1/firmware/uros_firmware/MXTmpFiles/rtos_kernelStart.tmp_save
2024-10-30 01:37:44,336 [INFO] CodeEngine:279 - Generated code: /home/nakarin/FUN5-1/firmware/uros_firmware/MXTmpFiles/rtos_kernelStart.tmp
2024-10-30 01:37:44,337 [INFO] CodeEngine:255 - oldGeneratedFile, /home/nakarin/FUN5-1/firmware/uros_firmware/MXTmpFiles/rtos_typedefs.tmp_save
2024-10-30 01:37:44,386 [INFO] CodeEngine:279 - Generated code: /home/nakarin/FUN5-1/firmware/uros_firmware/MXTmpFiles/rtos_typedefs.tmp
2024-10-30 01:37:44,387 [INFO] CodeEngine:255 - oldGeneratedFile, /home/nakarin/FUN5-1/firmware/uros_firmware/MXTmpFiles/rtos_vars.tmp_save
2024-10-30 01:37:44,437 [INFO] CodeEngine:279 - Generated code: /home/nakarin/FUN5-1/firmware/uros_firmware/MXTmpFiles/rtos_vars.tmp
2024-10-30 01:37:44,438 [INFO] CodeEngine:255 - oldGeneratedFile, /home/nakarin/FUN5-1/firmware/uros_firmware/MXTmpFiles/rtos_pfp.tmp_save
2024-10-30 01:37:44,485 [INFO] CodeEngine:279 - Generated code: /home/nakarin/FUN5-1/firmware/uros_firmware/MXTmpFiles/rtos_pfp.tmp
2024-10-30 01:37:44,486 [INFO] CodeEngine:255 - oldGeneratedFile, /home/nakarin/FUN5-1/firmware/uros_firmware/MXTmpFiles/rtos_obj_creat.tmp_save
2024-10-30 01:37:44,536 [INFO] CodeEngine:279 - Generated code: /home/nakarin/FUN5-1/firmware/uros_firmware/MXTmpFiles/rtos_obj_creat.tmp
2024-10-30 01:37:44,537 [INFO] CodeEngine:255 - oldGeneratedFile, /home/nakarin/FUN5-1/firmware/uros_firmware/MXTmpFiles/rtos_default_thread.tmp_save
2024-10-30 01:37:44,584 [INFO] CodeEngine:279 - Generated code: /home/nakarin/FUN5-1/firmware/uros_firmware/MXTmpFiles/rtos_default_thread.tmp
2024-10-30 01:37:44,585 [INFO] CodeEngine:255 - oldGeneratedFile, /home/nakarin/FUN5-1/firmware/uros_firmware/MXTmpFiles/rtos_threads.tmp_save
2024-10-30 01:37:44,635 [INFO] CodeEngine:279 - Generated code: /home/nakarin/FUN5-1/firmware/uros_firmware/MXTmpFiles/rtos_threads.tmp
2024-10-30 01:37:44,635 [INFO] CodeEngine:255 - oldGeneratedFile, /home/nakarin/FUN5-1/firmware/uros_firmware/Core/Inc/FreeRTOSConfig.h_save
2024-10-30 01:37:44,699 [INFO] CodeEngine:279 - Generated code: /home/nakarin/FUN5-1/firmware/uros_firmware/Core/Inc/FreeRTOSConfig.h
2024-10-30 01:37:44,700 [INFO] CodeEngine:255 - oldGeneratedFile, /home/nakarin/FUN5-1/firmware/uros_firmware/Core/Src/app_freertos.c_save
2024-10-30 01:37:44,753 [INFO] CodeEngine:279 - Generated code: /home/nakarin/FUN5-1/firmware/uros_firmware/Core/Src/app_freertos.c
2024-10-30 01:37:44,794 [INFO] CodeEngine:255 - oldGeneratedFile, /home/nakarin/FUN5-1/firmware/uros_firmware/Core/Src/dma.c_save
2024-10-30 01:37:44,844 [INFO] CodeEngine:279 - Generated code: /home/nakarin/FUN5-1/firmware/uros_firmware/Core/Src/dma.c
2024-10-30 01:37:44,845 [INFO] CodeEngine:255 - oldGeneratedFile, /home/nakarin/FUN5-1/firmware/uros_firmware/Core/Inc/dma.h_save
2024-10-30 01:37:44,896 [INFO] CodeEngine:279 - Generated code: /home/nakarin/FUN5-1/firmware/uros_firmware/Core/Inc/dma.h
2024-10-30 01:37:44,898 [INFO] CodeEngine:255 - oldGeneratedFile, /home/nakarin/FUN5-1/firmware/uros_firmware/Core/Src/i2c.c_save
2024-10-30 01:37:44,969 [INFO] CodeEngine:279 - Generated code: /home/nakarin/FUN5-1/firmware/uros_firmware/Core/Src/i2c.c
2024-10-30 01:37:44,970 [INFO] CodeEngine:255 - oldGeneratedFile, /home/nakarin/FUN5-1/firmware/uros_firmware/Core/Inc/i2c.h_save
2024-10-30 01:37:45,017 [INFO] CodeEngine:279 - Generated code: /home/nakarin/FUN5-1/firmware/uros_firmware/Core/Inc/i2c.h
2024-10-30 01:37:45,019 [INFO] CodeEngine:255 - oldGeneratedFile, /home/nakarin/FUN5-1/firmware/uros_firmware/Core/Src/iwdg.c_save
2024-10-30 01:37:45,082 [INFO] CodeEngine:279 - Generated code: /home/nakarin/FUN5-1/firmware/uros_firmware/Core/Src/iwdg.c
2024-10-30 01:37:45,083 [INFO] CodeEngine:255 - oldGeneratedFile, /home/nakarin/FUN5-1/firmware/uros_firmware/Core/Inc/iwdg.h_save
2024-10-30 01:37:45,129 [INFO] CodeEngine:279 - Generated code: /home/nakarin/FUN5-1/firmware/uros_firmware/Core/Inc/iwdg.h
2024-10-30 01:37:45,131 [INFO] CodeEngine:255 - oldGeneratedFile, /home/nakarin/FUN5-1/firmware/uros_firmware/Core/Src/usart.c_save
2024-10-30 01:37:45,220 [INFO] CodeEngine:279 - Generated code: /home/nakarin/FUN5-1/firmware/uros_firmware/Core/Src/usart.c
2024-10-30 01:37:45,221 [INFO] CodeEngine:255 - oldGeneratedFile, /home/nakarin/FUN5-1/firmware/uros_firmware/Core/Inc/usart.h_save
2024-10-30 01:37:45,268 [INFO] CodeEngine:279 - Generated code: /home/nakarin/FUN5-1/firmware/uros_firmware/Core/Inc/usart.h
2024-10-30 01:37:45,275 [INFO] CodeEngine:255 - oldGeneratedFile, /home/nakarin/FUN5-1/firmware/uros_firmware/Core/Src/stm32g4xx_it.c_save
2024-10-30 01:37:45,331 [INFO] CodeEngine:279 - Generated code: /home/nakarin/FUN5-1/firmware/uros_firmware/Core/Src/stm32g4xx_it.c
2024-10-30 01:37:45,332 [INFO] CodeEngine:255 - oldGeneratedFile, /home/nakarin/FUN5-1/firmware/uros_firmware/Core/Inc/stm32g4xx_it.h_save
2024-10-30 01:37:45,381 [INFO] CodeEngine:279 - Generated code: /home/nakarin/FUN5-1/firmware/uros_firmware/Core/Inc/stm32g4xx_it.h
2024-10-30 01:37:45,392 [INFO] CodeEngine:255 - oldGeneratedFile, /home/nakarin/FUN5-1/firmware/uros_firmware/Core/Src/stm32g4xx_hal_msp.c_save
2024-10-30 01:37:45,460 [INFO] CodeEngine:279 - Generated code: /home/nakarin/FUN5-1/firmware/uros_firmware/Core/Src/stm32g4xx_hal_msp.c
2024-10-30 01:37:45,460 [INFO] CodeEngine:255 - oldGeneratedFile, /home/nakarin/FUN5-1/firmware/uros_firmware/MXTmpFiles/system.tmp_save
2024-10-30 01:37:45,506 [INFO] CodeEngine:279 - Generated code: /home/nakarin/FUN5-1/firmware/uros_firmware/MXTmpFiles/system.tmp
2024-10-30 01:37:45,506 [INFO] CodeEngine:255 - oldGeneratedFile, /home/nakarin/FUN5-1/firmware/uros_firmware/Core/Src/stm32g4xx_hal_timebase_tim.c_save
2024-10-30 01:37:45,555 [INFO] CodeEngine:279 - Generated code: /home/nakarin/FUN5-1/firmware/uros_firmware/Core/Src/stm32g4xx_hal_timebase_tim.c
2024-10-30 01:37:45,558 [INFO] CodeEngine:311 - oldGeneratedFile, /home/nakarin/FUN5-1/firmware/uros_firmware/Core/Inc/stm32g4xx_hal_conf.h_save
2024-10-30 01:37:45,612 [INFO] CodeEngine:335 - Generated code: /home/nakarin/FUN5-1/firmware/uros_firmware/Core/Inc/stm32g4xx_hal_conf.h
2024-10-30 01:37:45,625 [WARN] IPConfigManager:3005 - Warning: the RefConfig RCC_CommonPeriphClockConfig is not available in your config.xml file
2024-10-30 01:37:45,631 [INFO] CodeEngine:255 - oldGeneratedFile, /home/nakarin/FUN5-1/firmware/uros_firmware/Core/Inc/main.h_save
2024-10-30 01:37:45,680 [INFO] CodeEngine:279 - Generated code: /home/nakarin/FUN5-1/firmware/uros_firmware/Core/Inc/main.h
2024-10-30 01:37:45,681 [INFO] CodeEngine:255 - oldGeneratedFile, /home/nakarin/FUN5-1/firmware/uros_firmware/Core/Src/main.c_save
2024-10-30 01:37:45,754 [INFO] CodeEngine:279 - Generated code: /home/nakarin/FUN5-1/firmware/uros_firmware/Core/Src/main.c
2024-10-30 01:37:45,974 [INFO] ProjectBuilder:3249 - Time for Copy HAL[1] : 34mS.
2024-10-30 01:37:45,976 [INFO] ProjectBuilder:4828 - Project Generator version: 4.5.0-B34
2024-10-30 01:37:46,044 [INFO] ConfigFileManager:1531 - The Die is : DIE469
2024-10-30 01:37:46,740 [INFO] ProjectBuilder:5097 - Time for Generating toolchain IDE Files: 764mS.
2024-10-30 01:37:46,740 [INFO] ProjectBuilder:3107 - Time for Copy CMSIS : 0mS.
2024-10-30 01:37:46,741 [INFO] ProjectBuilder:3107 - Time for Copy CMSIS : 0mS.
