2024-10-29 00:41:09,144 [ERROR] LogOutputStream:75 - [STDERR_REDIRECT] 
2024-10-29 03:02:00,481 [INFO] Activator:176 - 


2024-10-29 03:02:00,483 [INFO] Activator:177 - !SESSION log4j initialized
2024-10-29 03:02:05,873 [INFO] LogOutputStream:77 - [STDOUT_REDIRECT] 
2024-10-29 03:02:06,753 [INFO] ApplicationProperties:184 - Using Application install path: /opt/st/stm32cubeide_1.16.1/plugins/com.st.stm32cube.common.mx_6.12.1.202409122256
2024-10-29 03:02:06,774 [INFO] DbMcusXml:78 - Set database path to: /opt/st/stm32cubeide_1.16.1/plugins/com.st.stm32cube.common.mx_6.12.1.202409122256//db//mcu/
2024-10-29 03:02:06,774 [INFO] ApiDb:274 - Set plugin database path to: /opt/st/stm32cubeide_1.16.1/plugins/com.st.stm32cube.common.mx_6.12.1.202409122256//db//plugins/boardmanager/
2024-10-29 03:02:06,774 [WARN] ApiDb:259 - Overriding images path with different value:  => /opt/st/stm32cubeide_1.16.1/plugins/com.st.stm32cube.common.mx_6.12.1.202409122256//db//plugins/mcufinder/images/
2024-10-29 03:02:06,781 [INFO] ApiDb:250 - Set database path to: /home/nakarin/.stmcufinder/plugins/mcufinder//mcu/
2024-10-29 03:02:06,783 [INFO] DbMcusAds:125 - Set database path to: /home/nakarin/.stmcufinder/plugins/mcufinder//mcu/
2024-10-29 03:02:06,787 [INFO] CrossReferenceDbSqlite:203 - Set database path to: /home/nakarin/.stmcufinder/plugins/mcufinder//mcu/cs/
2024-10-29 03:02:06,923 [INFO] RulesReader:64 - Compatibility file has been processed (297 Rules)
2024-10-29 03:02:06,996 [INFO] DbMcusXml:78 - Set database path to: /opt/st/stm32cubeide_1.16.1/plugins/com.st.stm32cube.common.mx_6.12.1.202409122256//db//mcu/
2024-10-29 03:02:06,997 [INFO] ApiDb:274 - Set plugin database path to: /opt/st/stm32cubeide_1.16.1/plugins/com.st.stm32cube.common.mx_6.12.1.202409122256//db//plugins/boardmanager/
2024-10-29 03:02:06,997 [INFO] ApiDb:261 - Set plugin images path to: /opt/st/stm32cubeide_1.16.1/plugins/com.st.stm32cube.common.mx_6.12.1.202409122256//db//plugins/mcufinder/images/
2024-10-29 03:02:06,997 [WARN] DbFile:41 - Overriding database path with different value: /home/nakarin/.stmcufinder/plugins/mcufinder/ => /home/nakarin/.stmcufinder/plugins/mcufinder
2024-10-29 03:02:06,997 [INFO] ApiDb:250 - Set database path to: /home/nakarin/.stmcufinder/plugins/mcufinder//mcu/
2024-10-29 03:02:06,997 [WARN] DbFile:41 - Overriding database path with different value: /home/nakarin/.stmcufinder/plugins/mcufinder/ => /home/nakarin/.stmcufinder/plugins/mcufinder
2024-10-29 03:02:06,997 [INFO] DbMcusAds:125 - Set database path to: /home/nakarin/.stmcufinder/plugins/mcufinder//mcu/
2024-10-29 03:02:06,997 [WARN] DbFile:41 - Overriding database path with different value: /home/nakarin/.stmcufinder/plugins/mcufinder/ => /home/nakarin/.stmcufinder/plugins/mcufinder
2024-10-29 03:02:06,997 [WARN] DbFile:41 - Overriding database path with different value: /home/nakarin/.stmcufinder/plugins/mcufinder/ => /home/nakarin/.stmcufinder/plugins/mcufinder
2024-10-29 03:02:06,997 [INFO] CrossReferenceDbSqlite:203 - Set database path to: /home/nakarin/.stmcufinder/plugins/mcufinder//mcu/cs/
2024-10-29 03:02:07,083 [INFO] MainPanel:268 - HeapMemory: 268435456
2024-10-29 03:02:07,221 [INFO] DbMcusXml:78 - Set database path to: /opt/st/stm32cubeide_1.16.1/plugins/com.st.stm32cube.common.mx_6.12.1.202409122256//db//mcu/
2024-10-29 03:02:07,221 [INFO] ApiDb:274 - Set plugin database path to: /opt/st/stm32cubeide_1.16.1/plugins/com.st.stm32cube.common.mx_6.12.1.202409122256//db//plugins/boardmanager/
2024-10-29 03:02:07,222 [INFO] ApiDb:261 - Set plugin images path to: /opt/st/stm32cubeide_1.16.1/plugins/com.st.stm32cube.common.mx_6.12.1.202409122256//db//plugins/mcufinder/images/
2024-10-29 03:02:07,222 [WARN] DbFile:41 - Overriding database path with different value: /home/nakarin/.stmcufinder/plugins/mcufinder/ => /home/nakarin/.stmcufinder/plugins/mcufinder
2024-10-29 03:02:07,222 [INFO] ApiDb:250 - Set database path to: /home/nakarin/.stmcufinder/plugins/mcufinder//mcu/
2024-10-29 03:02:07,222 [WARN] DbFile:41 - Overriding database path with different value: /home/nakarin/.stmcufinder/plugins/mcufinder/ => /home/nakarin/.stmcufinder/plugins/mcufinder
2024-10-29 03:02:07,222 [INFO] DbMcusAds:125 - Set database path to: /home/nakarin/.stmcufinder/plugins/mcufinder//mcu/
2024-10-29 03:02:07,222 [WARN] DbFile:41 - Overriding database path with different value: /home/nakarin/.stmcufinder/plugins/mcufinder/ => /home/nakarin/.stmcufinder/plugins/mcufinder
2024-10-29 03:02:07,222 [WARN] DbFile:41 - Overriding database path with different value: /home/nakarin/.stmcufinder/plugins/mcufinder/ => /home/nakarin/.stmcufinder/plugins/mcufinder
2024-10-29 03:02:07,222 [INFO] CrossReferenceDbSqlite:203 - Set database path to: /home/nakarin/.stmcufinder/plugins/mcufinder//mcu/cs/
2024-10-29 03:02:07,238 [INFO] ApplicationProperties:184 - Using Application install path: /opt/st/stm32cubeide_1.16.1/plugins/com.st.stm32cube.common.mx_6.12.1.202409122256
2024-10-29 03:02:07,239 [INFO] PluginManage:196 - Search for loadable plugins [exclusion list=, ]
2024-10-29 03:02:07,241 [INFO] PluginManage:310 - Check plugin analytics
2024-10-29 03:02:07,396 [INFO] AnalyticsPlugin:253 - Accepted Software Licenses: 
2024-10-29 03:02:07,396 [INFO] AnalyticsPlugin:255 - Accepted CMSIS Pack Licenses: 
2024-10-29 03:02:07,396 [INFO] AnalyticsPlugin:257 - Accepted Firmware Licenses: FW.G4.1.6.0
2024-10-29 03:02:07,399 [INFO] PluginManage:359 - Loaded plugin analytics (category:tool,tabindex:-1)
2024-10-29 03:02:07,399 [INFO] PluginManage:310 - Check plugin cadmodel
2024-10-29 03:02:07,406 [INFO] CADModel:105 - Init CAD model plugin
2024-10-29 03:02:07,406 [INFO] PluginManage:359 - Loaded plugin cadmodel (category:power,tabindex:5)
2024-10-29 03:02:07,406 [INFO] PluginManage:310 - Check plugin clock
2024-10-29 03:02:07,415 [INFO] PluginManage:359 - Loaded plugin clock (category:base,tabindex:2)
2024-10-29 03:02:07,416 [INFO] PluginManage:310 - Check plugin ddr
2024-10-29 03:02:07,417 [INFO] PluginManage:359 - Loaded plugin ddr (category:tool,tabindex:6)
2024-10-29 03:02:07,418 [INFO] PluginManage:310 - Check plugin filemanager
2024-10-29 03:02:07,559 [INFO] PluginManage:359 - Loaded plugin filemanager (category:base,tabindex:10)
2024-10-29 03:02:07,559 [INFO] PluginManage:310 - Check plugin ipmanager
2024-10-29 03:02:07,565 [INFO] PluginManage:359 - Loaded plugin ipmanager (category:base,tabindex:5)
2024-10-29 03:02:07,565 [INFO] PluginManage:310 - Check plugin lpbam
2024-10-29 03:02:07,577 [INFO] PluginManage:359 - Loaded plugin lpbam (category:base,tabindex:0)
2024-10-29 03:02:07,578 [INFO] PluginManage:310 - Check plugin memorymap
2024-10-29 03:02:07,591 [INFO] PluginManage:359 - Loaded plugin memorymap (category:base,tabindex:4)
2024-10-29 03:02:07,591 [INFO] PluginManage:310 - Check plugin pinoutandconfiguration
2024-10-29 03:02:07,599 [INFO] PluginManage:359 - Loaded plugin pinoutandconfiguration (category:base,tabindex:1)
2024-10-29 03:02:07,599 [INFO] PluginManage:310 - Check plugin pinoutconfig
2024-10-29 03:02:07,696 [WARN] SupportedApi:132 - Cannot load RTOS API schema: s4s-elt-must-match.1: The content of 'definitions' must match (annotation?, (simpleType | complexType)?, (unique | key | keyref)*)). A problem was found starting at: attribute.
2024-10-29 03:02:07,838 [INFO] PluginManage:359 - Loaded plugin pinoutconfig (category:base,tabindex:0)
2024-10-29 03:02:07,839 [INFO] PluginManage:310 - Check plugin power
2024-10-29 03:02:07,851 [INFO] PluginManage:359 - Loaded plugin power (category:power,tabindex:4)
2024-10-29 03:02:07,851 [INFO] PluginManage:310 - Check plugin projectmanager
2024-10-29 03:02:07,867 [INFO] PluginManage:359 - Loaded plugin projectmanager (category:projectmanager,tabindex:4)
2024-10-29 03:02:07,868 [INFO] PluginManage:310 - Check plugin rif
2024-10-29 03:02:07,874 [INFO] PluginManage:359 - Loaded plugin rif (category:base,tabindex:3)
2024-10-29 03:02:07,874 [INFO] PluginManage:310 - Check plugin thirdparty
2024-10-29 03:02:08,035 [WARN] IntegrityCheckThread:84 - waiting for thirdparty lock release [integrity check]
2024-10-29 03:02:08,035 [INFO] PluginManage:359 - Loaded plugin thirdparty (category:base,tabindex:-1)
2024-10-29 03:02:08,035 [INFO] IntegrityCheckThread:86 - entering critical section [integrity check]
2024-10-29 03:02:08,035 [INFO] PluginManage:310 - Check plugin tools
2024-10-29 03:02:08,036 [INFO] ThirdPartyUpdaterWithRetryManager:70 - Updater plugin not ready yet. [1/15]
2024-10-29 03:02:08,037 [INFO] PluginManage:359 - Loaded plugin tools (category:base,tabindex:7)
2024-10-29 03:02:08,038 [INFO] PluginManage:310 - Check plugin tutovideos
2024-10-29 03:02:08,226 [INFO] PluginManage:359 - Loaded plugin tutovideos (category:base,tabindex:-1)
2024-10-29 03:02:08,227 [INFO] PluginManage:310 - Check plugin updater
2024-10-29 03:02:08,244 [INFO] PluginManage:359 - Loaded plugin updater (category:base,tabindex:12)
2024-10-29 03:02:08,245 [INFO] PluginManage:310 - Check plugin userauth
2024-10-29 03:02:08,250 [INFO] UserAuth:113 - Init User Auth plugin
2024-10-29 03:02:08,250 [INFO] PluginManage:359 - Loaded plugin userauth (category:base,tabindex:14)
2024-10-29 03:02:08,251 [INFO] PluginManage:283 - PluginManage : Loaded plugins [18]
2024-10-29 03:02:08,467 [INFO] PinOutPanel:1561 - setPackage(No Configuration,No Configuration)
2024-10-29 03:02:08,557 [INFO] CADModel:165 - CPN selected for project level
2024-10-29 03:02:08,557 [INFO] CADModel:114 - Register for checkConnection events
2024-10-29 03:02:08,576 [INFO] IPUIPlugin:80 - create IPUIPlugin
2024-10-29 03:02:08,576 [INFO] PluginManager:220 - loadIPPluginJar : add ipddr
2024-10-29 03:02:08,579 [INFO] IPUIPlugin:80 - create IPUIPlugin
2024-10-29 03:02:08,579 [INFO] PluginManager:220 - loadIPPluginJar : add radio
2024-10-29 03:02:08,583 [INFO] IPUIPlugin:80 - create IPUIPlugin
2024-10-29 03:02:08,583 [INFO] PluginManager:220 - loadIPPluginJar : add cryp
2024-10-29 03:02:08,587 [INFO] IPUIPlugin:80 - create IPUIPlugin
2024-10-29 03:02:08,587 [INFO] PluginManager:220 - loadIPPluginJar : add usbx
2024-10-29 03:02:08,589 [INFO] IPUIPlugin:80 - create IPUIPlugin
2024-10-29 03:02:08,589 [INFO] PluginManager:220 - loadIPPluginJar : add tim
2024-10-29 03:02:08,592 [INFO] IPUIPlugin:80 - create IPUIPlugin
2024-10-29 03:02:08,592 [INFO] PluginManager:220 - loadIPPluginJar : add comp
2024-10-29 03:02:08,595 [INFO] IPUIPlugin:80 - create IPUIPlugin
2024-10-29 03:02:08,595 [INFO] PluginManager:220 - loadIPPluginJar : add i2s
2024-10-29 03:02:08,599 [INFO] IPUIPlugin:80 - create IPUIPlugin
2024-10-29 03:02:08,600 [INFO] PluginManager:220 - loadIPPluginJar : add nvic
2024-10-29 03:02:08,602 [INFO] IPUIPlugin:80 - create IPUIPlugin
2024-10-29 03:02:08,602 [INFO] PluginManager:220 - loadIPPluginJar : add genericplugin
2024-10-29 03:02:08,606 [INFO] IPUIPlugin:80 - create IPUIPlugin
2024-10-29 03:02:08,606 [INFO] PluginManager:220 - loadIPPluginJar : add sai
2024-10-29 03:02:08,609 [INFO] IPUIPlugin:80 - create IPUIPlugin
2024-10-29 03:02:08,609 [INFO] PluginManager:220 - loadIPPluginJar : add dma3
2024-10-29 03:02:08,613 [INFO] IPUIPlugin:80 - create IPUIPlugin
2024-10-29 03:02:08,614 [INFO] PluginManager:220 - loadIPPluginJar : add extmemmanager
2024-10-29 03:02:08,617 [INFO] IPUIPlugin:80 - create IPUIPlugin
2024-10-29 03:02:08,617 [INFO] PluginManager:220 - loadIPPluginJar : add can
2024-10-29 03:02:08,619 [INFO] IPUIPlugin:80 - create IPUIPlugin
2024-10-29 03:02:08,619 [INFO] PluginManager:220 - loadIPPluginJar : add quadspi
2024-10-29 03:02:08,620 [INFO] IPUIPlugin:80 - create IPUIPlugin
2024-10-29 03:02:08,620 [INFO] PluginManager:220 - loadIPPluginJar : add tsc
2024-10-29 03:02:08,623 [INFO] IPUIPlugin:80 - create IPUIPlugin
2024-10-29 03:02:08,623 [INFO] PluginManager:220 - loadIPPluginJar : add gtzc
2024-10-29 03:02:08,625 [INFO] IPUIPlugin:80 - create IPUIPlugin
2024-10-29 03:02:08,626 [INFO] PluginManager:220 - loadIPPluginJar : add openamp
2024-10-29 03:02:08,632 [INFO] IPUIPlugin:80 - create IPUIPlugin
2024-10-29 03:02:08,634 [INFO] PluginManager:220 - loadIPPluginJar : add plateformsettings
2024-10-29 03:02:08,642 [INFO] IPUIPlugin:80 - create IPUIPlugin
2024-10-29 03:02:08,642 [INFO] PluginManager:220 - loadIPPluginJar : add linkedlist
2024-10-29 03:02:08,649 [INFO] IPUIPlugin:80 - create IPUIPlugin
2024-10-29 03:02:08,649 [INFO] PluginManager:220 - loadIPPluginJar : add stm32_wpan
2024-10-29 03:02:08,655 [INFO] IPUIPlugin:80 - create IPUIPlugin
2024-10-29 03:02:08,656 [INFO] PluginManager:220 - loadIPPluginJar : add adc
2024-10-29 03:02:08,660 [INFO] IPUIPlugin:80 - create IPUIPlugin
2024-10-29 03:02:08,661 [INFO] PluginManager:220 - loadIPPluginJar : add gic
2024-10-29 03:02:08,662 [INFO] IPUIPlugin:80 - create IPUIPlugin
2024-10-29 03:02:08,662 [INFO] PluginManager:220 - loadIPPluginJar : add ucpd
2024-10-29 03:02:08,665 [INFO] IPUIPlugin:80 - create IPUIPlugin
2024-10-29 03:02:08,666 [INFO] PluginManager:220 - loadIPPluginJar : add usart
2024-10-29 03:02:08,673 [INFO] IPUIPlugin:80 - create IPUIPlugin
2024-10-29 03:02:08,673 [INFO] PluginManager:220 - loadIPPluginJar : add mdma
2024-10-29 03:02:08,675 [INFO] IPUIPlugin:80 - create IPUIPlugin
2024-10-29 03:02:08,675 [INFO] PluginManager:220 - loadIPPluginJar : add spi
2024-10-29 03:02:08,676 [INFO] IPUIPlugin:80 - create IPUIPlugin
2024-10-29 03:02:08,676 [INFO] PluginManager:220 - loadIPPluginJar : add ltdc
2024-10-29 03:02:08,678 [INFO] IPUIPlugin:80 - create IPUIPlugin
2024-10-29 03:02:08,678 [INFO] PluginManager:220 - loadIPPluginJar : add gfxmmu
2024-10-29 03:02:08,681 [INFO] IPUIPlugin:80 - create IPUIPlugin
2024-10-29 03:02:08,681 [INFO] PluginManager:220 - loadIPPluginJar : add resmgrutility
2024-10-29 03:02:08,683 [INFO] IPUIPlugin:80 - create IPUIPlugin
2024-10-29 03:02:08,684 [INFO] PluginManager:220 - loadIPPluginJar : add aes
2024-10-29 03:02:08,687 [INFO] IPUIPlugin:80 - create IPUIPlugin
2024-10-29 03:02:08,687 [INFO] PluginManager:220 - loadIPPluginJar : add opamp
2024-10-29 03:02:08,691 [INFO] IPUIPlugin:80 - create IPUIPlugin
2024-10-29 03:02:08,691 [INFO] PluginManager:220 - loadIPPluginJar : add lorawan
2024-10-29 03:02:08,693 [INFO] IPUIPlugin:80 - create IPUIPlugin
2024-10-29 03:02:08,693 [INFO] PluginManager:220 - loadIPPluginJar : add i2c
2024-10-29 03:02:08,696 [INFO] IPUIPlugin:80 - create IPUIPlugin
2024-10-29 03:02:08,696 [INFO] PluginManager:220 - loadIPPluginJar : add i3c
2024-10-29 03:02:08,699 [INFO] IPUIPlugin:80 - create IPUIPlugin
2024-10-29 03:02:08,699 [INFO] PluginManager:220 - loadIPPluginJar : add fmc
2024-10-29 03:02:08,701 [INFO] IPUIPlugin:80 - create IPUIPlugin
2024-10-29 03:02:08,701 [INFO] PluginManager:220 - loadIPPluginJar : add hash
2024-10-29 03:02:08,705 [INFO] IPUIPlugin:80 - create IPUIPlugin
2024-10-29 03:02:08,705 [INFO] PluginManager:220 - loadIPPluginJar : add gpio
2024-10-29 03:02:08,709 [INFO] IPUIPlugin:80 - create IPUIPlugin
2024-10-29 03:02:08,709 [INFO] PluginManager:220 - loadIPPluginJar : add ddr_ctrl_phy
2024-10-29 03:02:08,714 [INFO] IPUIPlugin:80 - create IPUIPlugin
2024-10-29 03:02:08,714 [INFO] PluginManager:220 - loadIPPluginJar : add dma
2024-10-29 03:02:08,716 [INFO] IPUIPlugin:80 - create IPUIPlugin
2024-10-29 03:02:08,716 [INFO] PluginManager:220 - loadIPPluginJar : add pdm2pcm
2024-10-29 03:02:08,718 [INFO] IPUIPlugin:80 - create IPUIPlugin
2024-10-29 03:02:08,718 [INFO] PluginManager:220 - loadIPPluginJar : add tracer_emb
2024-10-29 03:02:08,720 [INFO] IPUIPlugin:80 - create IPUIPlugin
2024-10-29 03:02:08,720 [INFO] PluginManager:220 - loadIPPluginJar : add ts
2024-10-29 03:02:08,722 [INFO] IPUIPlugin:80 - create IPUIPlugin
2024-10-29 03:02:08,722 [INFO] PluginManager:220 - loadIPPluginJar : add dfsdm
2024-10-29 03:02:08,727 [INFO] IPUIPlugin:80 - create IPUIPlugin
2024-10-29 03:02:08,727 [INFO] PluginManager:220 - loadIPPluginJar : add freertos
2024-10-29 03:02:08,729 [INFO] IPUIPlugin:80 - create IPUIPlugin
2024-10-29 03:02:08,729 [INFO] PluginManager:220 - loadIPPluginJar : add fatfs
2024-10-29 03:02:08,733 [INFO] IPUIPlugin:80 - create IPUIPlugin
2024-10-29 03:02:08,733 [INFO] PluginManager:220 - loadIPPluginJar : add touchsensing
2024-10-29 03:02:08,831 [INFO] CADModel:165 - CPN selected for project level
2024-10-29 03:02:08,831 [INFO] CADModel:114 - Register for checkConnection events
2024-10-29 03:02:08,832 [FATAL] Updater:334 - Updater called before beeing initialized
2024-10-29 03:02:08,832 [ERROR] CADModel:125 - Updater not yet initialized, retry later 
2024-10-29 03:02:08,979 [INFO] CADModel:165 - CPN selected for project level
2024-10-29 03:02:08,980 [INFO] CADModel:114 - Register for checkConnection events
2024-10-29 03:02:08,980 [FATAL] Updater:334 - Updater called before beeing initialized
2024-10-29 03:02:08,980 [ERROR] CADModel:125 - Updater not yet initialized, retry later 
2024-10-29 03:02:08,985 [FATAL] Updater:334 - Updater called before beeing initialized
2024-10-29 03:02:09,094 [FATAL] Updater:334 - Updater called before beeing initialized
2024-10-29 03:02:09,100 [INFO] DbMcusAds:53 - JSON generation date=Fri Sep 20 20:04:38 ICT 2024 (1726837478367)
2024-10-29 03:02:09,100 [FATAL] Updater:334 - Updater called before beeing initialized
2024-10-29 03:02:09,161 [WARN] DetailPanel:346 - Failed to get advertising image, set to default
2024-10-29 03:02:09,270 [FATAL] Updater:334 - Updater called before beeing initialized
2024-10-29 03:02:09,272 [FATAL] Updater:334 - Updater called before beeing initialized
2024-10-29 03:02:09,272 [FATAL] Updater:334 - Updater called before beeing initialized
2024-10-29 03:02:09,272 [WARN] DetailPanel:346 - Failed to get advertising image, set to default
2024-10-29 03:02:09,278 [FATAL] Updater:334 - Updater called before beeing initialized
2024-10-29 03:02:09,321 [ERROR] Updater:1164 - MainUpdater not yet initialized. External WinMGr cannot be set.
2024-10-29 03:02:09,323 [INFO] Updater:1100 - Updater Version found : 6.12.1
2024-10-29 03:02:09,346 [INFO] ApplicationProperties:184 - Using Application install path: /opt/st/stm32cubeide_1.16.1/plugins/com.st.stm32cube.common.mx_6.12.1.202409122256
2024-10-29 03:02:10,500 [INFO] MainUpdater:2873 - connection check result : 10
2024-10-29 03:02:10,500 [INFO] MainUpdater:290 - Updater Check For Update Now.
2024-10-29 03:02:10,501 [INFO] MicroXplorer:498 - Change Database Version : DB.6.0.121
2024-10-29 03:02:10,506 [INFO] McuFinderGlobals:63 - Set McuFinder mode to 2 (CubeIDE integrated)
2024-10-29 03:02:10,508 [INFO] UserAuth:417 - Internet connection configuration mode: 1
2024-10-29 03:02:10,525 [INFO] JxBrowserEngine:152 - Initiate JxBrowser Engine with user profile folder
2024-10-29 03:02:10,712 [INFO] CheckServerUpdateThread:120 - End of CheckServer Thread
2024-10-29 03:02:11,203 [WARN] PackLoader:240 - Cannot read IP mode file for STMicroelectronics.FP-SNS-MOTENVWB1.1.4.0
2024-10-29 03:02:11,216 [WARN] PackLoader:240 - Cannot read IP mode file for STMicroelectronics.X-CUBE-SMBUS.2.1.0
2024-10-29 03:02:11,229 [WARN] PackLoader:240 - Cannot read IP mode file for STMicroelectronics.X-CUBE-WB05N.1.1.0
2024-10-29 03:02:11,288 [WARN] PackLoader:240 - Cannot read IP mode file for STMicroelectronics.X-CUBE-AZRTOS-F7.1.1.0
2024-10-29 03:02:11,418 [WARN] PackLoader:240 - Cannot read IP mode file for STMicroelectronics.X-CUBE-MEMS1.11.0.0
2024-10-29 03:02:11,606 [INFO] WebApp:167 - Instantiating new browser for Auth
2024-10-29 03:02:11,632 [WARN] PackLoader:240 - Cannot read IP mode file for STMicroelectronics.FP-SNS-FLIGHT1.5.0.2
2024-10-29 03:02:11,652 [WARN] PackLoader:240 - Cannot read IP mode file for STMicroelectronics.X-CUBE-DISPLAY.3.0.0
2024-10-29 03:02:11,665 [WARN] PackLoader:240 - Cannot read IP mode file for STMicroelectronics.X-CUBE-BLE1.7.0.0
2024-10-29 03:02:11,676 [WARN] PackLoader:240 - Cannot read IP mode file for STMicroelectronics.X-CUBE-NFC10.1.0.0
2024-10-29 03:02:11,684 [WARN] PackLoader:240 - Cannot read IP mode file for emotas.I-CUBE-CANOPEN.1.3.0
2024-10-29 03:02:11,697 [WARN] PackLoader:240 - Cannot read IP mode file for STMicroelectronics.X-CUBE-BLEMGR.3.1.0
2024-10-29 03:02:11,704 [WARN] PackLoader:240 - Cannot read IP mode file for STMicroelectronics.FP-SNS-SMARTAG2.1.2.0
2024-10-29 03:02:11,717 [INFO] LogOutputStream:77 - [STDOUT_REDIRECT] 1 : Invalid condition id : UX_CORESTACK_Condition cause : null
2024-10-29 03:02:11,718 [INFO] LogOutputStream:77 - [STDOUT_REDIRECT] 1 : Invalid condition id : UX_CORESTACK_Condition cause : null
2024-10-29 03:02:11,718 [INFO] LogOutputStream:77 - [STDOUT_REDIRECT] 1 : Invalid condition id : UX_CORESTACK_Condition cause : null
2024-10-29 03:02:11,718 [INFO] LogOutputStream:77 - [STDOUT_REDIRECT] 1 : Invalid condition id : UX_CORESTACK_Condition cause : null
2024-10-29 03:02:11,718 [INFO] LogOutputStream:77 - [STDOUT_REDIRECT] 1 : Invalid condition id : UX_CORESTACK_Condition cause : null
2024-10-29 03:02:11,723 [WARN] PackLoader:240 - Cannot read IP mode file for STMicroelectronics.X-CUBE-AZRTOS-WL.2.0.0
2024-10-29 03:02:11,730 [WARN] PackLoader:240 - Cannot read IP mode file for STMicroelectronics.FP-SNS-MOTENV1.5.0.0
2024-10-29 03:02:11,738 [WARN] PackLoader:240 - Cannot read IP mode file for wolfSSL.I-CUBE-wolfMQTT.1.19.0
2024-10-29 03:02:11,747 [WARN] PackLoader:240 - Cannot read IP mode file for WES.I-CUBE-Cesium.1.3.0
2024-10-29 03:02:11,754 [WARN] PackLoader:240 - Cannot read IP mode file for STMicroelectronics.X-CUBE-BLE2.3.3.0
2024-10-29 03:02:11,764 [WARN] PackLoader:240 - Cannot read IP mode file for STMicroelectronics.X-CUBE-NFC9.1.0.0
2024-10-29 03:02:11,776 [WARN] PackLoader:240 - Cannot read IP mode file for STMicroelectronics.X-CUBE-TCPP.4.1.0
2024-10-29 03:02:11,823 [WARN] PackLoader:240 - Cannot read IP mode file for STMicroelectronics.X-CUBE-AZRTOS-G0.1.1.0
2024-10-29 03:02:11,840 [WARN] PackLoader:240 - Cannot read IP mode file for STMicroelectronics.X-CUBE-SAFEA1.1.2.2
2024-10-29 03:02:11,848 [WARN] PackLoader:240 - Cannot read IP mode file for STMicroelectronics.X-CUBE-NFC4.3.0.0
2024-10-29 03:02:11,863 [WARN] PackLoader:240 - Cannot read IP mode file for EmbeddedOffice.I-CUBE-FS-RTOS.1.0.1
2024-10-29 03:02:11,864 [ERROR] ConditionMgr:805 - Attr not supported : Dmpu
2024-10-29 03:02:11,864 [ERROR] ConditionMgr:805 - Attr not supported : Dmpu
2024-10-29 03:02:11,864 [ERROR] ConditionMgr:805 - Attr not supported : Dmpu
2024-10-29 03:02:11,864 [ERROR] ConditionMgr:805 - Attr not supported : Dmpu
2024-10-29 03:02:11,864 [ERROR] ConditionMgr:805 - Attr not supported : Dmpu
2024-10-29 03:02:11,864 [ERROR] ConditionMgr:805 - Attr not supported : Dmpu
2024-10-29 03:02:11,864 [ERROR] ConditionMgr:805 - Attr not supported : Dmpu
2024-10-29 03:02:11,864 [ERROR] ConditionMgr:805 - Attr not supported : Dmpu
2024-10-29 03:02:11,864 [ERROR] ConditionMgr:805 - Attr not supported : Dmpu
2024-10-29 03:02:11,865 [ERROR] ConditionMgr:805 - Attr not supported : Dmpu
2024-10-29 03:02:11,865 [ERROR] ConditionMgr:805 - Attr not supported : Dmpu
2024-10-29 03:02:11,865 [ERROR] ConditionMgr:805 - Attr not supported : Dmpu
2024-10-29 03:02:11,865 [ERROR] ConditionMgr:805 - Attr not supported : Dmpu
2024-10-29 03:02:11,865 [ERROR] ConditionMgr:805 - Attr not supported : Dmpu
2024-10-29 03:02:11,865 [ERROR] ConditionMgr:805 - Attr not supported : Dmpu
2024-10-29 03:02:11,865 [ERROR] ConditionMgr:805 - Attr not supported : Dmpu
2024-10-29 03:02:11,865 [ERROR] ConditionMgr:805 - Attr not supported : Dmpu
2024-10-29 03:02:11,865 [ERROR] ConditionMgr:805 - Attr not supported : Dmpu
2024-10-29 03:02:11,866 [ERROR] ConditionMgr:805 - Attr not supported : Dmpu
2024-10-29 03:02:11,867 [ERROR] ConditionMgr:805 - Attr not supported : Dmpu
2024-10-29 03:02:11,867 [ERROR] ConditionMgr:805 - Attr not supported : Dmpu
2024-10-29 03:02:11,867 [ERROR] ConditionMgr:805 - Attr not supported : Dmpu
2024-10-29 03:02:11,867 [ERROR] ConditionMgr:805 - Attr not supported : Dmpu
2024-10-29 03:02:11,867 [ERROR] ConditionMgr:805 - Attr not supported : Dmpu
2024-10-29 03:02:11,867 [ERROR] ConditionMgr:805 - Attr not supported : Dmpu
2024-10-29 03:02:11,867 [ERROR] ConditionMgr:805 - Attr not supported : Dmpu
2024-10-29 03:02:11,867 [ERROR] ConditionMgr:805 - Attr not supported : Dmpu
2024-10-29 03:02:11,868 [ERROR] ConditionMgr:805 - Attr not supported : Dmpu
2024-10-29 03:02:11,868 [ERROR] ConditionMgr:805 - Attr not supported : Dmpu
2024-10-29 03:02:11,868 [ERROR] ConditionMgr:805 - Attr not supported : Dmpu
2024-10-29 03:02:11,868 [ERROR] ConditionMgr:805 - Attr not supported : Dmpu
2024-10-29 03:02:11,868 [ERROR] ConditionMgr:805 - Attr not supported : Dmpu
2024-10-29 03:02:11,868 [ERROR] ConditionMgr:805 - Attr not supported : Dmpu
2024-10-29 03:02:11,868 [ERROR] ConditionMgr:805 - Attr not supported : Dmpu
2024-10-29 03:02:11,868 [ERROR] ConditionMgr:805 - Attr not supported : Dmpu
2024-10-29 03:02:11,868 [ERROR] ConditionMgr:805 - Attr not supported : Dmpu
2024-10-29 03:02:11,869 [ERROR] ConditionMgr:805 - Attr not supported : Dmpu
2024-10-29 03:02:11,869 [ERROR] ConditionMgr:805 - Attr not supported : Dmpu
2024-10-29 03:02:11,869 [ERROR] ConditionMgr:805 - Attr not supported : Dmpu
2024-10-29 03:02:11,869 [ERROR] ConditionMgr:805 - Attr not supported : Dmpu
2024-10-29 03:02:11,869 [ERROR] ConditionMgr:805 - Attr not supported : Dmpu
2024-10-29 03:02:11,869 [ERROR] ConditionMgr:805 - Attr not supported : Dmpu
2024-10-29 03:02:11,869 [ERROR] ConditionMgr:805 - Attr not supported : Dmpu
2024-10-29 03:02:11,870 [ERROR] ConditionMgr:805 - Attr not supported : Dmpu
2024-10-29 03:02:11,870 [ERROR] ConditionMgr:805 - Attr not supported : Dmpu
2024-10-29 03:02:11,870 [ERROR] ConditionMgr:805 - Attr not supported : Dmpu
2024-10-29 03:02:11,870 [ERROR] ConditionMgr:805 - Attr not supported : Dmpu
2024-10-29 03:02:11,870 [ERROR] ConditionMgr:805 - Attr not supported : Dmpu
2024-10-29 03:02:11,870 [ERROR] ConditionMgr:805 - Attr not supported : Dmpu
2024-10-29 03:02:11,870 [ERROR] ConditionMgr:805 - Attr not supported : Dmpu
2024-10-29 03:02:11,871 [ERROR] ConditionMgr:805 - Attr not supported : Dmpu
2024-10-29 03:02:11,871 [ERROR] ConditionMgr:805 - Attr not supported : Dmpu
2024-10-29 03:02:11,871 [ERROR] ConditionMgr:805 - Attr not supported : Dmpu
2024-10-29 03:02:11,871 [ERROR] ConditionMgr:805 - Attr not supported : Dmpu
2024-10-29 03:02:11,871 [ERROR] ConditionMgr:805 - Attr not supported : Dmpu
2024-10-29 03:02:11,871 [ERROR] ConditionMgr:805 - Attr not supported : Dmpu
2024-10-29 03:02:11,871 [ERROR] ConditionMgr:805 - Attr not supported : Dmpu
2024-10-29 03:02:11,871 [ERROR] ConditionMgr:805 - Attr not supported : Dmpu
2024-10-29 03:02:11,871 [ERROR] ConditionMgr:805 - Attr not supported : Dmpu
2024-10-29 03:02:11,872 [ERROR] ConditionMgr:805 - Attr not supported : Dmpu
2024-10-29 03:02:11,872 [ERROR] ConditionMgr:805 - Attr not supported : Dmpu
2024-10-29 03:02:11,872 [ERROR] ConditionMgr:805 - Attr not supported : Dmpu
2024-10-29 03:02:11,872 [ERROR] ConditionMgr:805 - Attr not supported : Dmpu
2024-10-29 03:02:11,872 [ERROR] ConditionMgr:805 - Attr not supported : Dmpu
2024-10-29 03:02:11,878 [WARN] PackLoader:240 - Cannot read IP mode file for RealThread.X-CUBE-RT-Thread_Nano.4.1.1
2024-10-29 03:02:11,883 [WARN] PackLoader:240 - Cannot read IP mode file for STMicroelectronics.FP-ATR-SIGFOX1.3.2.0
2024-10-29 03:02:11,891 [WARN] PackLoader:240 - Cannot read IP mode file for wolfSSL.I-CUBE-wolfSSL.5.7.2
2024-10-29 03:02:11,901 [WARN] PackLoader:240 - Cannot read IP mode file for STMicroelectronics.X-CUBE-EEPRMA1.5.1.0
2024-10-29 03:02:11,913 [WARN] PackLoader:240 - Cannot read IP mode file for ITTIA_DB.I-CUBE-ITTIADB.8.9.0
2024-10-29 03:02:11,968 [WARN] PackLoader:240 - Cannot read IP mode file for SEGGER.I-CUBE-embOS.1.3.1
2024-10-29 03:02:12,060 [WARN] PackLoader:240 - Cannot read IP mode file for STMicroelectronics.X-CUBE-ALGOBUILD.1.4.0
2024-10-29 03:02:12,065 [WARN] PackLoader:240 - Cannot read IP mode file for STMicroelectronics.X-CUBE-AI.9.1.0
2024-10-29 03:02:12,091 [WARN] PackLoader:240 - Cannot read IP mode file for STMicroelectronics.X-CUBE-AZRTOS-F4.1.1.0
2024-10-29 03:02:12,101 [WARN] PackLoader:240 - Cannot read IP mode file for STMicroelectronics.X-CUBE-ISPU.2.1.0
2024-10-29 03:02:12,108 [WARN] PackLoader:240 - Cannot read IP mode file for STMicroelectronics.X-CUBE-FREERTOS.1.2.0
2024-10-29 03:02:12,138 [WARN] PackLoader:240 - Cannot read IP mode file for STMicroelectronics.X-CUBE-AZRTOS-L5.2.0.0
2024-10-29 03:02:12,157 [WARN] PackLoader:240 - Cannot read IP mode file for STMicroelectronics.X-CUBE-NFC6.3.1.0
2024-10-29 03:02:12,167 [WARN] PackLoader:240 - Cannot read IP mode file for STMicroelectronics.X-CUBE-DPower.1.2.0
2024-10-29 03:02:12,175 [WARN] PackLoader:240 - Cannot read IP mode file for STMicroelectronics.X-CUBE-NFC7.1.0.1
2024-10-29 03:02:12,209 [WARN] ConditionMgr:438 - getConditionDescription Invalid condition id : LAN8742 Phy interface Condition cause : null
2024-10-29 03:02:12,210 [WARN] PackLoader:240 - Cannot read IP mode file for STMicroelectronics.X-CUBE-AZRTOS-L4.2.0.0
2024-10-29 03:02:12,213 [WARN] ConditionMgr:1039 - genDependencies : Invalid condition id : LAN8742 Phy interface Condition cause : null
2024-10-29 03:02:12,214 [WARN] ConditionMgr:1039 - genDependencies : Invalid condition id : LAN8742 Phy interface Condition cause : null
2024-10-29 03:02:12,215 [WARN] ConditionMgr:1039 - genDependencies : Invalid condition id : LAN8742 Phy interface Condition cause : null
2024-10-29 03:02:12,226 [WARN] PackLoader:240 - Cannot read IP mode file for STMicroelectronics.X-CUBE-SFXS2LP1.4.0.0
2024-10-29 03:02:12,265 [WARN] PackLoader:240 - Cannot read IP mode file for STMicroelectronics.X-CUBE-AZRTOS-H7.3.3.0
2024-10-29 03:02:12,287 [WARN] PackLoader:240 - Cannot read IP mode file for STMicroelectronics.X-CUBE-IPS.3.0.0
2024-10-29 03:02:12,315 [WARN] ConditionMgr:438 - getConditionDescription Invalid condition id : UX DEVICE CLASS RTOS Condition cause : null
2024-10-29 03:02:12,316 [WARN] ConditionMgr:438 - getConditionDescription Invalid condition id : UX DEVICE CLASS RTOS Condition cause : null
2024-10-29 03:02:12,320 [WARN] PackLoader:240 - Cannot read IP mode file for STMicroelectronics.X-CUBE-AZRTOS-WB.2.0.0
2024-10-29 03:02:12,321 [WARN] ConditionMgr:1039 - genDependencies : Invalid condition id : UX DEVICE CLASS RTOS Condition cause : null
2024-10-29 03:02:12,321 [WARN] ConditionMgr:1039 - genDependencies : Invalid condition id : UX DEVICE CLASS RTOS Condition cause : null
2024-10-29 03:02:12,322 [WARN] ConditionMgr:1039 - genDependencies : Invalid condition id : UX DEVICE CLASS RTOS Condition cause : null
2024-10-29 03:02:12,323 [WARN] ConditionMgr:1039 - genDependencies : Invalid condition id : UX DEVICE CLASS RTOS Condition cause : null
2024-10-29 03:02:12,323 [WARN] ConditionMgr:1039 - genDependencies : Invalid condition id : UX DEVICE CLASS RTOS Condition cause : null
2024-10-29 03:02:12,330 [WARN] PackLoader:240 - Cannot read IP mode file for STMicroelectronics.X-CUBE-GNSS1.7.0.0
2024-10-29 03:02:12,341 [WARN] PackLoader:240 - Cannot read IP mode file for STMicroelectronics.FP-SNS-STBOX1.2.0.0
2024-10-29 03:02:12,362 [WARN] PackLoader:240 - Cannot read IP mode file for STMicroelectronics.X-CUBE-SUBG2.5.0.0
2024-10-29 03:02:12,377 [WARN] PackLoader:240 - Cannot read IP mode file for Cesanta.I-CUBE-Mongoose.7.13.0
2024-10-29 03:02:12,398 [WARN] PackLoader:240 - Cannot read IP mode file for STMicroelectronics.X-CUBE-AZRTOS-G4.2.0.0
2024-10-29 03:02:12,406 [WARN] PackLoader:240 - Cannot read IP mode file for STMicroelectronics.X-CUBE-ALS.1.0.2
2024-10-29 03:02:12,411 [WARN] PackLoader:240 - Cannot read IP mode file for STMicroelectronics.X-CUBE-TOUCHGFX.4.24.1
2024-10-29 03:02:12,415 [WARN] PackLoader:240 - Cannot read IP mode file for wolfSSL.I-CUBE-wolfTPM.3.4.0
2024-10-29 03:02:12,419 [WARN] PackLoader:240 - Cannot read IP mode file for portGmbH.I-Cube-SoM-uGOAL.1.1.0
2024-10-29 03:02:12,441 [WARN] PackLoader:240 - Cannot read IP mode file for STMicroelectronics.X-CUBE-AZRTOS-H7RS.1.0.0
2024-10-29 03:02:12,451 [WARN] PackLoader:240 - Cannot read IP mode file for STMicroelectronics.FP-ATR-ASTRA1.2.0.0
2024-10-29 03:02:12,468 [WARN] PackLoader:240 - Cannot read IP mode file for STMicroelectronics.X-CUBE-TOF1.3.4.2
2024-10-29 03:02:12,528 [WARN] PackLoader:240 - Cannot read IP mode file for Infineon.AIROC-Wi-Fi-Bluetooth-STM32.1.6.1
2024-10-29 03:02:12,539 [WARN] PackLoader:240 - Cannot read IP mode file for wolfSSL.I-CUBE-wolfSSH.1.4.17
2024-10-29 03:02:12,540 [INFO] ThirdParty:978 - Integrity check success = true
2024-10-29 03:02:12,541 [INFO] IntegrityCheckThread:100 - exiting critical section [integrity check]
2024-10-29 03:02:12,541 [INFO] IntegrityCheckThread:103 - End integrity checks thread
2024-10-29 03:02:13,284 [INFO] WebApp:448 - Apply proxy settings
2024-10-29 03:02:13,284 [INFO] WebApp:533 - Chromium requires no authentication
2024-10-29 03:02:13,292 [INFO] WebApp:476 - Direct internet connection detected
2024-10-29 03:02:13,314 [INFO] WebApp:869 - Register for checkConnection events
2024-10-29 03:02:13,314 [INFO] WebApp:448 - Apply proxy settings
2024-10-29 03:02:13,314 [INFO] WebApp:533 - Chromium requires no authentication
2024-10-29 03:02:13,315 [INFO] WebApp:476 - Direct internet connection detected
2024-10-29 03:02:13,466 [INFO] WebApp:220 - Starting web application
2024-10-29 03:02:13,466 [INFO] WebApp:578 - Web application path used /opt/st/stm32cubeide_1.16.1/plugins/com.st.stm32cube.common.mx_6.12.1.202409122256/db/plugins/mcufinder/reactClient1/index.html
2024-10-29 03:02:13,563 [INFO] WebApp:186 - Connection restablished
2024-10-29 03:02:13,606 [INFO] UserAuth:417 - Internet connection configuration mode: 1
2024-10-29 03:05:12,628 [INFO] WebApp:189 - Connection lost
2024-10-29 03:05:12,752 [INFO] WebApp:186 - Connection restablished
2024-10-29 13:04:27,785 [INFO] Activator:176 - 


2024-10-29 13:04:27,787 [INFO] Activator:177 - !SESSION log4j initialized
2024-10-29 13:04:32,622 [INFO] LogOutputStream:77 - [STDOUT_REDIRECT] 
2024-10-29 13:04:33,783 [INFO] ApplicationProperties:184 - Using Application install path: /opt/st/stm32cubeide_1.16.1/plugins/com.st.stm32cube.common.mx_6.12.1.202409122256
2024-10-29 13:04:33,797 [INFO] DbMcusXml:78 - Set database path to: /opt/st/stm32cubeide_1.16.1/plugins/com.st.stm32cube.common.mx_6.12.1.202409122256//db//mcu/
2024-10-29 13:04:33,797 [INFO] ApiDb:274 - Set plugin database path to: /opt/st/stm32cubeide_1.16.1/plugins/com.st.stm32cube.common.mx_6.12.1.202409122256//db//plugins/boardmanager/
2024-10-29 13:04:33,798 [WARN] ApiDb:259 - Overriding images path with different value:  => /opt/st/stm32cubeide_1.16.1/plugins/com.st.stm32cube.common.mx_6.12.1.202409122256//db//plugins/mcufinder/images/
2024-10-29 13:04:33,803 [INFO] ApiDb:250 - Set database path to: /home/nakarin/.stmcufinder/plugins/mcufinder//mcu/
2024-10-29 13:04:33,804 [INFO] DbMcusAds:125 - Set database path to: /home/nakarin/.stmcufinder/plugins/mcufinder//mcu/
2024-10-29 13:04:33,807 [INFO] CrossReferenceDbSqlite:203 - Set database path to: /home/nakarin/.stmcufinder/plugins/mcufinder//mcu/cs/
2024-10-29 13:04:33,909 [INFO] RulesReader:64 - Compatibility file has been processed (297 Rules)
2024-10-29 13:04:33,960 [INFO] DbMcusXml:78 - Set database path to: /opt/st/stm32cubeide_1.16.1/plugins/com.st.stm32cube.common.mx_6.12.1.202409122256//db//mcu/
2024-10-29 13:04:33,960 [INFO] ApiDb:274 - Set plugin database path to: /opt/st/stm32cubeide_1.16.1/plugins/com.st.stm32cube.common.mx_6.12.1.202409122256//db//plugins/boardmanager/
2024-10-29 13:04:33,960 [INFO] ApiDb:261 - Set plugin images path to: /opt/st/stm32cubeide_1.16.1/plugins/com.st.stm32cube.common.mx_6.12.1.202409122256//db//plugins/mcufinder/images/
2024-10-29 13:04:33,960 [WARN] DbFile:41 - Overriding database path with different value: /home/nakarin/.stmcufinder/plugins/mcufinder/ => /home/nakarin/.stmcufinder/plugins/mcufinder
2024-10-29 13:04:33,960 [INFO] ApiDb:250 - Set database path to: /home/nakarin/.stmcufinder/plugins/mcufinder//mcu/
2024-10-29 13:04:33,961 [WARN] DbFile:41 - Overriding database path with different value: /home/nakarin/.stmcufinder/plugins/mcufinder/ => /home/nakarin/.stmcufinder/plugins/mcufinder
2024-10-29 13:04:33,961 [INFO] DbMcusAds:125 - Set database path to: /home/nakarin/.stmcufinder/plugins/mcufinder//mcu/
2024-10-29 13:04:33,961 [WARN] DbFile:41 - Overriding database path with different value: /home/nakarin/.stmcufinder/plugins/mcufinder/ => /home/nakarin/.stmcufinder/plugins/mcufinder
2024-10-29 13:04:33,961 [WARN] DbFile:41 - Overriding database path with different value: /home/nakarin/.stmcufinder/plugins/mcufinder/ => /home/nakarin/.stmcufinder/plugins/mcufinder
2024-10-29 13:04:33,961 [INFO] CrossReferenceDbSqlite:203 - Set database path to: /home/nakarin/.stmcufinder/plugins/mcufinder//mcu/cs/
2024-10-29 13:04:34,024 [INFO] MainPanel:268 - HeapMemory: 591396864
2024-10-29 13:04:34,140 [INFO] DbMcusXml:78 - Set database path to: /opt/st/stm32cubeide_1.16.1/plugins/com.st.stm32cube.common.mx_6.12.1.202409122256//db//mcu/
2024-10-29 13:04:34,140 [INFO] ApiDb:274 - Set plugin database path to: /opt/st/stm32cubeide_1.16.1/plugins/com.st.stm32cube.common.mx_6.12.1.202409122256//db//plugins/boardmanager/
2024-10-29 13:04:34,140 [INFO] ApiDb:261 - Set plugin images path to: /opt/st/stm32cubeide_1.16.1/plugins/com.st.stm32cube.common.mx_6.12.1.202409122256//db//plugins/mcufinder/images/
2024-10-29 13:04:34,141 [WARN] DbFile:41 - Overriding database path with different value: /home/nakarin/.stmcufinder/plugins/mcufinder/ => /home/nakarin/.stmcufinder/plugins/mcufinder
2024-10-29 13:04:34,141 [INFO] ApiDb:250 - Set database path to: /home/nakarin/.stmcufinder/plugins/mcufinder//mcu/
2024-10-29 13:04:34,141 [WARN] DbFile:41 - Overriding database path with different value: /home/nakarin/.stmcufinder/plugins/mcufinder/ => /home/nakarin/.stmcufinder/plugins/mcufinder
2024-10-29 13:04:34,141 [INFO] DbMcusAds:125 - Set database path to: /home/nakarin/.stmcufinder/plugins/mcufinder//mcu/
2024-10-29 13:04:34,141 [WARN] DbFile:41 - Overriding database path with different value: /home/nakarin/.stmcufinder/plugins/mcufinder/ => /home/nakarin/.stmcufinder/plugins/mcufinder
2024-10-29 13:04:34,141 [WARN] DbFile:41 - Overriding database path with different value: /home/nakarin/.stmcufinder/plugins/mcufinder/ => /home/nakarin/.stmcufinder/plugins/mcufinder
2024-10-29 13:04:34,141 [INFO] CrossReferenceDbSqlite:203 - Set database path to: /home/nakarin/.stmcufinder/plugins/mcufinder//mcu/cs/
2024-10-29 13:04:34,156 [INFO] ApplicationProperties:184 - Using Application install path: /opt/st/stm32cubeide_1.16.1/plugins/com.st.stm32cube.common.mx_6.12.1.202409122256
2024-10-29 13:04:34,158 [INFO] PluginManage:196 - Search for loadable plugins [exclusion list=, ]
2024-10-29 13:04:34,159 [INFO] PluginManage:310 - Check plugin analytics
2024-10-29 13:04:34,305 [INFO] AnalyticsPlugin:253 - Accepted Software Licenses: 
2024-10-29 13:04:34,305 [INFO] AnalyticsPlugin:255 - Accepted CMSIS Pack Licenses: 
2024-10-29 13:04:34,305 [INFO] AnalyticsPlugin:257 - Accepted Firmware Licenses: FW.G4.1.6.0
2024-10-29 13:04:34,307 [INFO] PluginManage:359 - Loaded plugin analytics (category:tool,tabindex:-1)
2024-10-29 13:04:34,308 [INFO] PluginManage:310 - Check plugin cadmodel
2024-10-29 13:04:34,312 [INFO] CADModel:105 - Init CAD model plugin
2024-10-29 13:04:34,313 [INFO] PluginManage:359 - Loaded plugin cadmodel (category:power,tabindex:5)
2024-10-29 13:04:34,313 [INFO] PluginManage:310 - Check plugin clock
2024-10-29 13:04:34,323 [INFO] PluginManage:359 - Loaded plugin clock (category:base,tabindex:2)
2024-10-29 13:04:34,323 [INFO] PluginManage:310 - Check plugin ddr
2024-10-29 13:04:34,326 [INFO] PluginManage:359 - Loaded plugin ddr (category:tool,tabindex:6)
2024-10-29 13:04:34,326 [INFO] PluginManage:310 - Check plugin filemanager
2024-10-29 13:04:34,455 [INFO] PluginManage:359 - Loaded plugin filemanager (category:base,tabindex:10)
2024-10-29 13:04:34,455 [INFO] PluginManage:310 - Check plugin ipmanager
2024-10-29 13:04:34,459 [INFO] PluginManage:359 - Loaded plugin ipmanager (category:base,tabindex:5)
2024-10-29 13:04:34,459 [INFO] PluginManage:310 - Check plugin lpbam
2024-10-29 13:04:34,466 [INFO] PluginManage:359 - Loaded plugin lpbam (category:base,tabindex:0)
2024-10-29 13:04:34,466 [INFO] PluginManage:310 - Check plugin memorymap
2024-10-29 13:04:34,476 [INFO] PluginManage:359 - Loaded plugin memorymap (category:base,tabindex:4)
2024-10-29 13:04:34,476 [INFO] PluginManage:310 - Check plugin pinoutandconfiguration
2024-10-29 13:04:34,482 [INFO] PluginManage:359 - Loaded plugin pinoutandconfiguration (category:base,tabindex:1)
2024-10-29 13:04:34,482 [INFO] PluginManage:310 - Check plugin pinoutconfig
2024-10-29 13:04:34,575 [WARN] SupportedApi:132 - Cannot load RTOS API schema: s4s-elt-must-match.1: The content of 'definitions' must match (annotation?, (simpleType | complexType)?, (unique | key | keyref)*)). A problem was found starting at: attribute.
2024-10-29 13:04:34,695 [INFO] PluginManage:359 - Loaded plugin pinoutconfig (category:base,tabindex:0)
2024-10-29 13:04:34,695 [INFO] PluginManage:310 - Check plugin power
2024-10-29 13:04:34,705 [INFO] PluginManage:359 - Loaded plugin power (category:power,tabindex:4)
2024-10-29 13:04:34,705 [INFO] PluginManage:310 - Check plugin projectmanager
2024-10-29 13:04:34,723 [INFO] PluginManage:359 - Loaded plugin projectmanager (category:projectmanager,tabindex:4)
2024-10-29 13:04:34,724 [INFO] PluginManage:310 - Check plugin rif
2024-10-29 13:04:34,729 [INFO] PluginManage:359 - Loaded plugin rif (category:base,tabindex:3)
2024-10-29 13:04:34,730 [INFO] PluginManage:310 - Check plugin thirdparty
2024-10-29 13:04:34,845 [WARN] IntegrityCheckThread:84 - waiting for thirdparty lock release [integrity check]
2024-10-29 13:04:34,845 [INFO] PluginManage:359 - Loaded plugin thirdparty (category:base,tabindex:-1)
2024-10-29 13:04:34,845 [INFO] IntegrityCheckThread:86 - entering critical section [integrity check]
2024-10-29 13:04:34,845 [INFO] PluginManage:310 - Check plugin tools
2024-10-29 13:04:34,845 [INFO] ThirdPartyUpdaterWithRetryManager:70 - Updater plugin not ready yet. [1/15]
2024-10-29 13:04:34,847 [INFO] PluginManage:359 - Loaded plugin tools (category:base,tabindex:7)
2024-10-29 13:04:34,848 [INFO] PluginManage:310 - Check plugin tutovideos
2024-10-29 13:04:35,022 [INFO] PluginManage:359 - Loaded plugin tutovideos (category:base,tabindex:-1)
2024-10-29 13:04:35,022 [INFO] PluginManage:310 - Check plugin updater
2024-10-29 13:04:35,041 [INFO] PluginManage:359 - Loaded plugin updater (category:base,tabindex:12)
2024-10-29 13:04:35,041 [INFO] PluginManage:310 - Check plugin userauth
2024-10-29 13:04:35,047 [INFO] UserAuth:113 - Init User Auth plugin
2024-10-29 13:04:35,047 [INFO] PluginManage:359 - Loaded plugin userauth (category:base,tabindex:14)
2024-10-29 13:04:35,048 [INFO] PluginManage:283 - PluginManage : Loaded plugins [18]
2024-10-29 13:04:35,218 [INFO] PinOutPanel:1561 - setPackage(No Configuration,No Configuration)
2024-10-29 13:04:35,288 [INFO] CADModel:165 - CPN selected for project level
2024-10-29 13:04:35,289 [INFO] CADModel:114 - Register for checkConnection events
2024-10-29 13:04:35,301 [INFO] IPUIPlugin:80 - create IPUIPlugin
2024-10-29 13:04:35,301 [INFO] PluginManager:220 - loadIPPluginJar : add ipddr
2024-10-29 13:04:35,303 [INFO] IPUIPlugin:80 - create IPUIPlugin
2024-10-29 13:04:35,304 [INFO] PluginManager:220 - loadIPPluginJar : add radio
2024-10-29 13:04:35,306 [INFO] IPUIPlugin:80 - create IPUIPlugin
2024-10-29 13:04:35,306 [INFO] PluginManager:220 - loadIPPluginJar : add cryp
2024-10-29 13:04:35,309 [INFO] IPUIPlugin:80 - create IPUIPlugin
2024-10-29 13:04:35,310 [INFO] PluginManager:220 - loadIPPluginJar : add usbx
2024-10-29 13:04:35,311 [INFO] IPUIPlugin:80 - create IPUIPlugin
2024-10-29 13:04:35,311 [INFO] PluginManager:220 - loadIPPluginJar : add tim
2024-10-29 13:04:35,312 [INFO] IPUIPlugin:80 - create IPUIPlugin
2024-10-29 13:04:35,313 [INFO] PluginManager:220 - loadIPPluginJar : add comp
2024-10-29 13:04:35,315 [INFO] IPUIPlugin:80 - create IPUIPlugin
2024-10-29 13:04:35,315 [INFO] PluginManager:220 - loadIPPluginJar : add i2s
2024-10-29 13:04:35,318 [INFO] IPUIPlugin:80 - create IPUIPlugin
2024-10-29 13:04:35,319 [INFO] PluginManager:220 - loadIPPluginJar : add nvic
2024-10-29 13:04:35,321 [INFO] IPUIPlugin:80 - create IPUIPlugin
2024-10-29 13:04:35,321 [INFO] PluginManager:220 - loadIPPluginJar : add genericplugin
2024-10-29 13:04:35,324 [INFO] IPUIPlugin:80 - create IPUIPlugin
2024-10-29 13:04:35,324 [INFO] PluginManager:220 - loadIPPluginJar : add sai
2024-10-29 13:04:35,325 [INFO] IPUIPlugin:80 - create IPUIPlugin
2024-10-29 13:04:35,326 [INFO] PluginManager:220 - loadIPPluginJar : add dma3
2024-10-29 13:04:35,329 [INFO] IPUIPlugin:80 - create IPUIPlugin
2024-10-29 13:04:35,329 [INFO] PluginManager:220 - loadIPPluginJar : add extmemmanager
2024-10-29 13:04:35,331 [INFO] IPUIPlugin:80 - create IPUIPlugin
2024-10-29 13:04:35,331 [INFO] PluginManager:220 - loadIPPluginJar : add can
2024-10-29 13:04:35,332 [INFO] IPUIPlugin:80 - create IPUIPlugin
2024-10-29 13:04:35,333 [INFO] PluginManager:220 - loadIPPluginJar : add quadspi
2024-10-29 13:04:35,334 [INFO] IPUIPlugin:80 - create IPUIPlugin
2024-10-29 13:04:35,334 [INFO] PluginManager:220 - loadIPPluginJar : add tsc
2024-10-29 13:04:35,337 [INFO] IPUIPlugin:80 - create IPUIPlugin
2024-10-29 13:04:35,337 [INFO] PluginManager:220 - loadIPPluginJar : add gtzc
2024-10-29 13:04:35,339 [INFO] IPUIPlugin:80 - create IPUIPlugin
2024-10-29 13:04:35,340 [INFO] PluginManager:220 - loadIPPluginJar : add openamp
2024-10-29 13:04:35,345 [INFO] IPUIPlugin:80 - create IPUIPlugin
2024-10-29 13:04:35,348 [INFO] PluginManager:220 - loadIPPluginJar : add plateformsettings
2024-10-29 13:04:35,355 [INFO] IPUIPlugin:80 - create IPUIPlugin
2024-10-29 13:04:35,355 [INFO] PluginManager:220 - loadIPPluginJar : add linkedlist
2024-10-29 13:04:35,361 [INFO] IPUIPlugin:80 - create IPUIPlugin
2024-10-29 13:04:35,361 [INFO] PluginManager:220 - loadIPPluginJar : add stm32_wpan
2024-10-29 13:04:35,367 [INFO] IPUIPlugin:80 - create IPUIPlugin
2024-10-29 13:04:35,367 [INFO] PluginManager:220 - loadIPPluginJar : add adc
2024-10-29 13:04:35,371 [INFO] IPUIPlugin:80 - create IPUIPlugin
2024-10-29 13:04:35,372 [INFO] PluginManager:220 - loadIPPluginJar : add gic
2024-10-29 13:04:35,373 [INFO] IPUIPlugin:80 - create IPUIPlugin
2024-10-29 13:04:35,373 [INFO] PluginManager:220 - loadIPPluginJar : add ucpd
2024-10-29 13:04:35,376 [INFO] IPUIPlugin:80 - create IPUIPlugin
2024-10-29 13:04:35,376 [INFO] PluginManager:220 - loadIPPluginJar : add usart
2024-10-29 13:04:35,382 [INFO] IPUIPlugin:80 - create IPUIPlugin
2024-10-29 13:04:35,382 [INFO] PluginManager:220 - loadIPPluginJar : add mdma
2024-10-29 13:04:35,384 [INFO] IPUIPlugin:80 - create IPUIPlugin
2024-10-29 13:04:35,385 [INFO] PluginManager:220 - loadIPPluginJar : add spi
2024-10-29 13:04:35,386 [INFO] IPUIPlugin:80 - create IPUIPlugin
2024-10-29 13:04:35,386 [INFO] PluginManager:220 - loadIPPluginJar : add ltdc
2024-10-29 13:04:35,387 [INFO] IPUIPlugin:80 - create IPUIPlugin
2024-10-29 13:04:35,388 [INFO] PluginManager:220 - loadIPPluginJar : add gfxmmu
2024-10-29 13:04:35,392 [INFO] IPUIPlugin:80 - create IPUIPlugin
2024-10-29 13:04:35,392 [INFO] PluginManager:220 - loadIPPluginJar : add resmgrutility
2024-10-29 13:04:35,394 [INFO] IPUIPlugin:80 - create IPUIPlugin
2024-10-29 13:04:35,394 [INFO] PluginManager:220 - loadIPPluginJar : add aes
2024-10-29 13:04:35,397 [INFO] IPUIPlugin:80 - create IPUIPlugin
2024-10-29 13:04:35,397 [INFO] PluginManager:220 - loadIPPluginJar : add opamp
2024-10-29 13:04:35,400 [INFO] IPUIPlugin:80 - create IPUIPlugin
2024-10-29 13:04:35,400 [INFO] PluginManager:220 - loadIPPluginJar : add lorawan
2024-10-29 13:04:35,402 [INFO] IPUIPlugin:80 - create IPUIPlugin
2024-10-29 13:04:35,402 [INFO] PluginManager:220 - loadIPPluginJar : add i2c
2024-10-29 13:04:35,405 [INFO] IPUIPlugin:80 - create IPUIPlugin
2024-10-29 13:04:35,405 [INFO] PluginManager:220 - loadIPPluginJar : add i3c
2024-10-29 13:04:35,408 [INFO] IPUIPlugin:80 - create IPUIPlugin
2024-10-29 13:04:35,408 [INFO] PluginManager:220 - loadIPPluginJar : add fmc
2024-10-29 13:04:35,410 [INFO] IPUIPlugin:80 - create IPUIPlugin
2024-10-29 13:04:35,411 [INFO] PluginManager:220 - loadIPPluginJar : add hash
2024-10-29 13:04:35,415 [INFO] IPUIPlugin:80 - create IPUIPlugin
2024-10-29 13:04:35,415 [INFO] PluginManager:220 - loadIPPluginJar : add gpio
2024-10-29 13:04:35,418 [INFO] IPUIPlugin:80 - create IPUIPlugin
2024-10-29 13:04:35,418 [INFO] PluginManager:220 - loadIPPluginJar : add ddr_ctrl_phy
2024-10-29 13:04:35,423 [INFO] IPUIPlugin:80 - create IPUIPlugin
2024-10-29 13:04:35,423 [INFO] PluginManager:220 - loadIPPluginJar : add dma
2024-10-29 13:04:35,425 [INFO] IPUIPlugin:80 - create IPUIPlugin
2024-10-29 13:04:35,425 [INFO] PluginManager:220 - loadIPPluginJar : add pdm2pcm
2024-10-29 13:04:35,427 [INFO] IPUIPlugin:80 - create IPUIPlugin
2024-10-29 13:04:35,427 [INFO] PluginManager:220 - loadIPPluginJar : add tracer_emb
2024-10-29 13:04:35,428 [INFO] IPUIPlugin:80 - create IPUIPlugin
2024-10-29 13:04:35,428 [INFO] PluginManager:220 - loadIPPluginJar : add ts
2024-10-29 13:04:35,430 [INFO] IPUIPlugin:80 - create IPUIPlugin
2024-10-29 13:04:35,430 [INFO] PluginManager:220 - loadIPPluginJar : add dfsdm
2024-10-29 13:04:35,435 [INFO] IPUIPlugin:80 - create IPUIPlugin
2024-10-29 13:04:35,435 [INFO] PluginManager:220 - loadIPPluginJar : add freertos
2024-10-29 13:04:35,436 [INFO] IPUIPlugin:80 - create IPUIPlugin
2024-10-29 13:04:35,437 [INFO] PluginManager:220 - loadIPPluginJar : add fatfs
2024-10-29 13:04:35,440 [INFO] IPUIPlugin:80 - create IPUIPlugin
2024-10-29 13:04:35,440 [INFO] PluginManager:220 - loadIPPluginJar : add touchsensing
2024-10-29 13:04:35,538 [INFO] CADModel:165 - CPN selected for project level
2024-10-29 13:04:35,538 [INFO] CADModel:114 - Register for checkConnection events
2024-10-29 13:04:35,539 [FATAL] Updater:334 - Updater called before beeing initialized
2024-10-29 13:04:35,539 [ERROR] CADModel:125 - Updater not yet initialized, retry later 
2024-10-29 13:04:35,663 [INFO] CADModel:165 - CPN selected for project level
2024-10-29 13:04:35,663 [INFO] CADModel:114 - Register for checkConnection events
2024-10-29 13:04:35,664 [FATAL] Updater:334 - Updater called before beeing initialized
2024-10-29 13:04:35,664 [ERROR] CADModel:125 - Updater not yet initialized, retry later 
2024-10-29 13:04:35,667 [FATAL] Updater:334 - Updater called before beeing initialized
2024-10-29 13:04:35,738 [FATAL] Updater:334 - Updater called before beeing initialized
2024-10-29 13:04:35,742 [INFO] DbMcusAds:53 - JSON generation date=Fri Sep 20 20:04:38 ICT 2024 (1726837478367)
2024-10-29 13:04:35,743 [FATAL] Updater:334 - Updater called before beeing initialized
2024-10-29 13:04:35,778 [WARN] DetailPanel:346 - Failed to get advertising image, set to default
2024-10-29 13:04:35,855 [FATAL] Updater:334 - Updater called before beeing initialized
2024-10-29 13:04:35,856 [FATAL] Updater:334 - Updater called before beeing initialized
2024-10-29 13:04:35,856 [FATAL] Updater:334 - Updater called before beeing initialized
2024-10-29 13:04:35,857 [WARN] DetailPanel:346 - Failed to get advertising image, set to default
2024-10-29 13:04:35,858 [FATAL] Updater:334 - Updater called before beeing initialized
2024-10-29 13:04:35,894 [ERROR] Updater:1164 - MainUpdater not yet initialized. External WinMGr cannot be set.
2024-10-29 13:04:35,895 [INFO] Updater:1100 - Updater Version found : 6.12.1
2024-10-29 13:04:35,914 [INFO] ApplicationProperties:184 - Using Application install path: /opt/st/stm32cubeide_1.16.1/plugins/com.st.stm32cube.common.mx_6.12.1.202409122256
2024-10-29 13:04:36,187 [INFO] MainUpdater:2873 - connection check result : 10
2024-10-29 13:04:36,188 [INFO] MainUpdater:290 - Updater Check For Update Now.
2024-10-29 13:04:36,188 [INFO] MicroXplorer:498 - Change Database Version : DB.6.0.121
2024-10-29 13:04:36,193 [INFO] McuFinderGlobals:63 - Set McuFinder mode to 2 (CubeIDE integrated)
2024-10-29 13:04:36,194 [INFO] UserAuth:417 - Internet connection configuration mode: 1
2024-10-29 13:04:36,209 [INFO] JxBrowserEngine:152 - Initiate JxBrowser Engine with user profile folder
2024-10-29 13:04:36,414 [INFO] CheckServerUpdateThread:120 - End of CheckServer Thread
2024-10-29 13:04:36,989 [INFO] WebApp:167 - Instantiating new browser for Auth
2024-10-29 13:04:37,648 [INFO] WebApp:448 - Apply proxy settings
2024-10-29 13:04:37,648 [INFO] WebApp:533 - Chromium requires no authentication
2024-10-29 13:04:37,654 [INFO] WebApp:476 - Direct internet connection detected
2024-10-29 13:04:37,672 [INFO] WebApp:869 - Register for checkConnection events
2024-10-29 13:04:37,672 [INFO] WebApp:448 - Apply proxy settings
2024-10-29 13:04:37,673 [INFO] WebApp:533 - Chromium requires no authentication
2024-10-29 13:04:37,673 [INFO] WebApp:476 - Direct internet connection detected
2024-10-29 13:04:37,810 [INFO] WebApp:220 - Starting web application
2024-10-29 13:04:37,810 [INFO] WebApp:578 - Web application path used /opt/st/stm32cubeide_1.16.1/plugins/com.st.stm32cube.common.mx_6.12.1.202409122256/db/plugins/mcufinder/reactClient1/index.html
2024-10-29 13:04:37,922 [INFO] WebApp:186 - Connection restablished
2024-10-29 13:04:37,941 [INFO] UserAuth:417 - Internet connection configuration mode: 1
2024-10-29 13:04:38,034 [WARN] PackLoader:240 - Cannot read IP mode file for STMicroelectronics.FP-SNS-MOTENVWB1.1.4.0
2024-10-29 13:04:38,049 [WARN] PackLoader:240 - Cannot read IP mode file for STMicroelectronics.X-CUBE-SMBUS.2.1.0
2024-10-29 13:04:38,068 [WARN] PackLoader:240 - Cannot read IP mode file for STMicroelectronics.X-CUBE-WB05N.1.1.0
2024-10-29 13:04:38,118 [WARN] PackLoader:240 - Cannot read IP mode file for STMicroelectronics.X-CUBE-AZRTOS-F7.1.1.0
2024-10-29 13:04:38,239 [WARN] PackLoader:240 - Cannot read IP mode file for STMicroelectronics.X-CUBE-MEMS1.11.0.0
2024-10-29 13:04:38,508 [WARN] PackLoader:240 - Cannot read IP mode file for STMicroelectronics.FP-SNS-FLIGHT1.5.0.2
2024-10-29 13:04:38,515 [WARN] PackLoader:240 - Cannot read IP mode file for STMicroelectronics.X-CUBE-DISPLAY.3.0.0
2024-10-29 13:04:38,525 [WARN] PackLoader:240 - Cannot read IP mode file for STMicroelectronics.X-CUBE-BLE1.7.0.0
2024-10-29 13:04:38,533 [WARN] PackLoader:240 - Cannot read IP mode file for STMicroelectronics.X-CUBE-NFC10.1.0.0
2024-10-29 13:04:38,540 [WARN] PackLoader:240 - Cannot read IP mode file for emotas.I-CUBE-CANOPEN.1.3.0
2024-10-29 13:04:38,552 [WARN] PackLoader:240 - Cannot read IP mode file for STMicroelectronics.X-CUBE-BLEMGR.3.1.0
2024-10-29 13:04:38,559 [WARN] PackLoader:240 - Cannot read IP mode file for STMicroelectronics.FP-SNS-SMARTAG2.1.2.0
2024-10-29 13:04:38,571 [INFO] LogOutputStream:77 - [STDOUT_REDIRECT] 1 : Invalid condition id : UX_CORESTACK_Condition cause : null
2024-10-29 13:04:38,571 [INFO] LogOutputStream:77 - [STDOUT_REDIRECT] 1 : Invalid condition id : UX_CORESTACK_Condition cause : null
2024-10-29 13:04:38,572 [INFO] LogOutputStream:77 - [STDOUT_REDIRECT] 1 : Invalid condition id : UX_CORESTACK_Condition cause : null
2024-10-29 13:04:38,572 [INFO] LogOutputStream:77 - [STDOUT_REDIRECT] 1 : Invalid condition id : UX_CORESTACK_Condition cause : null
2024-10-29 13:04:38,572 [INFO] LogOutputStream:77 - [STDOUT_REDIRECT] 1 : Invalid condition id : UX_CORESTACK_Condition cause : null
2024-10-29 13:04:38,576 [WARN] PackLoader:240 - Cannot read IP mode file for STMicroelectronics.X-CUBE-AZRTOS-WL.2.0.0
2024-10-29 13:04:38,582 [WARN] PackLoader:240 - Cannot read IP mode file for STMicroelectronics.FP-SNS-MOTENV1.5.0.0
2024-10-29 13:04:38,587 [WARN] PackLoader:240 - Cannot read IP mode file for wolfSSL.I-CUBE-wolfMQTT.1.19.0
2024-10-29 13:04:38,593 [WARN] PackLoader:240 - Cannot read IP mode file for WES.I-CUBE-Cesium.1.3.0
2024-10-29 13:04:38,597 [WARN] PackLoader:240 - Cannot read IP mode file for STMicroelectronics.X-CUBE-BLE2.3.3.0
2024-10-29 13:04:38,604 [WARN] PackLoader:240 - Cannot read IP mode file for STMicroelectronics.X-CUBE-NFC9.1.0.0
2024-10-29 13:04:38,613 [WARN] PackLoader:240 - Cannot read IP mode file for STMicroelectronics.X-CUBE-TCPP.4.1.0
2024-10-29 13:04:38,633 [WARN] PackLoader:240 - Cannot read IP mode file for STMicroelectronics.X-CUBE-AZRTOS-G0.1.1.0
2024-10-29 13:04:38,641 [WARN] PackLoader:240 - Cannot read IP mode file for STMicroelectronics.X-CUBE-SAFEA1.1.2.2
2024-10-29 13:04:38,649 [WARN] PackLoader:240 - Cannot read IP mode file for STMicroelectronics.X-CUBE-NFC4.3.0.0
2024-10-29 13:04:38,662 [WARN] PackLoader:240 - Cannot read IP mode file for EmbeddedOffice.I-CUBE-FS-RTOS.1.0.1
2024-10-29 13:04:38,662 [ERROR] ConditionMgr:805 - Attr not supported : Dmpu
2024-10-29 13:04:38,663 [ERROR] ConditionMgr:805 - Attr not supported : Dmpu
2024-10-29 13:04:38,663 [ERROR] ConditionMgr:805 - Attr not supported : Dmpu
2024-10-29 13:04:38,663 [ERROR] ConditionMgr:805 - Attr not supported : Dmpu
2024-10-29 13:04:38,663 [ERROR] ConditionMgr:805 - Attr not supported : Dmpu
2024-10-29 13:04:38,663 [ERROR] ConditionMgr:805 - Attr not supported : Dmpu
2024-10-29 13:04:38,663 [ERROR] ConditionMgr:805 - Attr not supported : Dmpu
2024-10-29 13:04:38,663 [ERROR] ConditionMgr:805 - Attr not supported : Dmpu
2024-10-29 13:04:38,663 [ERROR] ConditionMgr:805 - Attr not supported : Dmpu
2024-10-29 13:04:38,663 [ERROR] ConditionMgr:805 - Attr not supported : Dmpu
2024-10-29 13:04:38,663 [ERROR] ConditionMgr:805 - Attr not supported : Dmpu
2024-10-29 13:04:38,663 [ERROR] ConditionMgr:805 - Attr not supported : Dmpu
2024-10-29 13:04:38,663 [ERROR] ConditionMgr:805 - Attr not supported : Dmpu
2024-10-29 13:04:38,664 [ERROR] ConditionMgr:805 - Attr not supported : Dmpu
2024-10-29 13:04:38,664 [ERROR] ConditionMgr:805 - Attr not supported : Dmpu
2024-10-29 13:04:38,664 [ERROR] ConditionMgr:805 - Attr not supported : Dmpu
2024-10-29 13:04:38,664 [ERROR] ConditionMgr:805 - Attr not supported : Dmpu
2024-10-29 13:04:38,664 [ERROR] ConditionMgr:805 - Attr not supported : Dmpu
2024-10-29 13:04:38,664 [ERROR] ConditionMgr:805 - Attr not supported : Dmpu
2024-10-29 13:04:38,664 [ERROR] ConditionMgr:805 - Attr not supported : Dmpu
2024-10-29 13:04:38,664 [ERROR] ConditionMgr:805 - Attr not supported : Dmpu
2024-10-29 13:04:38,664 [ERROR] ConditionMgr:805 - Attr not supported : Dmpu
2024-10-29 13:04:38,664 [ERROR] ConditionMgr:805 - Attr not supported : Dmpu
2024-10-29 13:04:38,664 [ERROR] ConditionMgr:805 - Attr not supported : Dmpu
2024-10-29 13:04:38,664 [ERROR] ConditionMgr:805 - Attr not supported : Dmpu
2024-10-29 13:04:38,664 [ERROR] ConditionMgr:805 - Attr not supported : Dmpu
2024-10-29 13:04:38,664 [ERROR] ConditionMgr:805 - Attr not supported : Dmpu
2024-10-29 13:04:38,664 [ERROR] ConditionMgr:805 - Attr not supported : Dmpu
2024-10-29 13:04:38,664 [ERROR] ConditionMgr:805 - Attr not supported : Dmpu
2024-10-29 13:04:38,665 [ERROR] ConditionMgr:805 - Attr not supported : Dmpu
2024-10-29 13:04:38,665 [ERROR] ConditionMgr:805 - Attr not supported : Dmpu
2024-10-29 13:04:38,665 [ERROR] ConditionMgr:805 - Attr not supported : Dmpu
2024-10-29 13:04:38,665 [ERROR] ConditionMgr:805 - Attr not supported : Dmpu
2024-10-29 13:04:38,665 [ERROR] ConditionMgr:805 - Attr not supported : Dmpu
2024-10-29 13:04:38,665 [ERROR] ConditionMgr:805 - Attr not supported : Dmpu
2024-10-29 13:04:38,665 [ERROR] ConditionMgr:805 - Attr not supported : Dmpu
2024-10-29 13:04:38,665 [ERROR] ConditionMgr:805 - Attr not supported : Dmpu
2024-10-29 13:04:38,665 [ERROR] ConditionMgr:805 - Attr not supported : Dmpu
2024-10-29 13:04:38,665 [ERROR] ConditionMgr:805 - Attr not supported : Dmpu
2024-10-29 13:04:38,665 [ERROR] ConditionMgr:805 - Attr not supported : Dmpu
2024-10-29 13:04:38,665 [ERROR] ConditionMgr:805 - Attr not supported : Dmpu
2024-10-29 13:04:38,666 [ERROR] ConditionMgr:805 - Attr not supported : Dmpu
2024-10-29 13:04:38,666 [ERROR] ConditionMgr:805 - Attr not supported : Dmpu
2024-10-29 13:04:38,666 [ERROR] ConditionMgr:805 - Attr not supported : Dmpu
2024-10-29 13:04:38,666 [ERROR] ConditionMgr:805 - Attr not supported : Dmpu
2024-10-29 13:04:38,666 [ERROR] ConditionMgr:805 - Attr not supported : Dmpu
2024-10-29 13:04:38,666 [ERROR] ConditionMgr:805 - Attr not supported : Dmpu
2024-10-29 13:04:38,666 [ERROR] ConditionMgr:805 - Attr not supported : Dmpu
2024-10-29 13:04:38,666 [ERROR] ConditionMgr:805 - Attr not supported : Dmpu
2024-10-29 13:04:38,666 [ERROR] ConditionMgr:805 - Attr not supported : Dmpu
2024-10-29 13:04:38,666 [ERROR] ConditionMgr:805 - Attr not supported : Dmpu
2024-10-29 13:04:38,667 [ERROR] ConditionMgr:805 - Attr not supported : Dmpu
2024-10-29 13:04:38,667 [ERROR] ConditionMgr:805 - Attr not supported : Dmpu
2024-10-29 13:04:38,667 [ERROR] ConditionMgr:805 - Attr not supported : Dmpu
2024-10-29 13:04:38,667 [ERROR] ConditionMgr:805 - Attr not supported : Dmpu
2024-10-29 13:04:38,667 [ERROR] ConditionMgr:805 - Attr not supported : Dmpu
2024-10-29 13:04:38,667 [ERROR] ConditionMgr:805 - Attr not supported : Dmpu
2024-10-29 13:04:38,667 [ERROR] ConditionMgr:805 - Attr not supported : Dmpu
2024-10-29 13:04:38,667 [ERROR] ConditionMgr:805 - Attr not supported : Dmpu
2024-10-29 13:04:38,667 [ERROR] ConditionMgr:805 - Attr not supported : Dmpu
2024-10-29 13:04:38,667 [ERROR] ConditionMgr:805 - Attr not supported : Dmpu
2024-10-29 13:04:38,667 [ERROR] ConditionMgr:805 - Attr not supported : Dmpu
2024-10-29 13:04:38,667 [ERROR] ConditionMgr:805 - Attr not supported : Dmpu
2024-10-29 13:04:38,667 [ERROR] ConditionMgr:805 - Attr not supported : Dmpu
2024-10-29 13:04:38,670 [WARN] PackLoader:240 - Cannot read IP mode file for RealThread.X-CUBE-RT-Thread_Nano.4.1.1
2024-10-29 13:04:38,673 [WARN] PackLoader:240 - Cannot read IP mode file for STMicroelectronics.FP-ATR-SIGFOX1.3.2.0
2024-10-29 13:04:38,675 [WARN] PackLoader:240 - Cannot read IP mode file for wolfSSL.I-CUBE-wolfSSL.5.7.2
2024-10-29 13:04:38,681 [WARN] PackLoader:240 - Cannot read IP mode file for STMicroelectronics.X-CUBE-EEPRMA1.5.1.0
2024-10-29 13:04:38,687 [WARN] PackLoader:240 - Cannot read IP mode file for ITTIA_DB.I-CUBE-ITTIADB.8.9.0
2024-10-29 13:04:38,726 [WARN] PackLoader:240 - Cannot read IP mode file for SEGGER.I-CUBE-embOS.1.3.1
2024-10-29 13:04:38,800 [WARN] PackLoader:240 - Cannot read IP mode file for STMicroelectronics.X-CUBE-ALGOBUILD.1.4.0
2024-10-29 13:04:38,802 [WARN] PackLoader:240 - Cannot read IP mode file for STMicroelectronics.X-CUBE-AI.9.1.0
2024-10-29 13:04:38,816 [WARN] PackLoader:240 - Cannot read IP mode file for STMicroelectronics.X-CUBE-AZRTOS-F4.1.1.0
2024-10-29 13:04:38,822 [WARN] PackLoader:240 - Cannot read IP mode file for STMicroelectronics.X-CUBE-ISPU.2.1.0
2024-10-29 13:04:38,826 [WARN] PackLoader:240 - Cannot read IP mode file for STMicroelectronics.X-CUBE-FREERTOS.1.2.0
2024-10-29 13:04:38,844 [WARN] PackLoader:240 - Cannot read IP mode file for STMicroelectronics.X-CUBE-AZRTOS-L5.2.0.0
2024-10-29 13:04:38,851 [WARN] PackLoader:240 - Cannot read IP mode file for STMicroelectronics.X-CUBE-NFC6.3.1.0
2024-10-29 13:04:38,857 [WARN] PackLoader:240 - Cannot read IP mode file for STMicroelectronics.X-CUBE-DPower.1.2.0
2024-10-29 13:04:38,861 [WARN] PackLoader:240 - Cannot read IP mode file for STMicroelectronics.X-CUBE-NFC7.1.0.1
2024-10-29 13:04:38,879 [WARN] ConditionMgr:438 - getConditionDescription Invalid condition id : LAN8742 Phy interface Condition cause : null
2024-10-29 13:04:38,879 [WARN] PackLoader:240 - Cannot read IP mode file for STMicroelectronics.X-CUBE-AZRTOS-L4.2.0.0
2024-10-29 13:04:38,881 [WARN] ConditionMgr:1039 - genDependencies : Invalid condition id : LAN8742 Phy interface Condition cause : null
2024-10-29 13:04:38,881 [WARN] ConditionMgr:1039 - genDependencies : Invalid condition id : LAN8742 Phy interface Condition cause : null
2024-10-29 13:04:38,882 [WARN] ConditionMgr:1039 - genDependencies : Invalid condition id : LAN8742 Phy interface Condition cause : null
2024-10-29 13:04:38,887 [WARN] PackLoader:240 - Cannot read IP mode file for STMicroelectronics.X-CUBE-SFXS2LP1.4.0.0
2024-10-29 13:04:38,906 [WARN] PackLoader:240 - Cannot read IP mode file for STMicroelectronics.X-CUBE-AZRTOS-H7.3.3.0
2024-10-29 13:04:38,916 [WARN] PackLoader:240 - Cannot read IP mode file for STMicroelectronics.X-CUBE-IPS.3.0.0
2024-10-29 13:04:38,931 [WARN] ConditionMgr:438 - getConditionDescription Invalid condition id : UX DEVICE CLASS RTOS Condition cause : null
2024-10-29 13:04:38,931 [WARN] ConditionMgr:438 - getConditionDescription Invalid condition id : UX DEVICE CLASS RTOS Condition cause : null
2024-10-29 13:04:38,932 [WARN] PackLoader:240 - Cannot read IP mode file for STMicroelectronics.X-CUBE-AZRTOS-WB.2.0.0
2024-10-29 13:04:38,933 [WARN] ConditionMgr:1039 - genDependencies : Invalid condition id : UX DEVICE CLASS RTOS Condition cause : null
2024-10-29 13:04:38,933 [WARN] ConditionMgr:1039 - genDependencies : Invalid condition id : UX DEVICE CLASS RTOS Condition cause : null
2024-10-29 13:04:38,933 [WARN] ConditionMgr:1039 - genDependencies : Invalid condition id : UX DEVICE CLASS RTOS Condition cause : null
2024-10-29 13:04:38,934 [WARN] ConditionMgr:1039 - genDependencies : Invalid condition id : UX DEVICE CLASS RTOS Condition cause : null
2024-10-29 13:04:38,934 [WARN] ConditionMgr:1039 - genDependencies : Invalid condition id : UX DEVICE CLASS RTOS Condition cause : null
2024-10-29 13:04:38,938 [WARN] PackLoader:240 - Cannot read IP mode file for STMicroelectronics.X-CUBE-GNSS1.7.0.0
2024-10-29 13:04:38,943 [WARN] PackLoader:240 - Cannot read IP mode file for STMicroelectronics.FP-SNS-STBOX1.2.0.0
2024-10-29 13:04:38,953 [WARN] PackLoader:240 - Cannot read IP mode file for STMicroelectronics.X-CUBE-SUBG2.5.0.0
2024-10-29 13:04:38,960 [WARN] PackLoader:240 - Cannot read IP mode file for Cesanta.I-CUBE-Mongoose.7.13.0
2024-10-29 13:04:38,973 [WARN] PackLoader:240 - Cannot read IP mode file for STMicroelectronics.X-CUBE-AZRTOS-G4.2.0.0
2024-10-29 13:04:38,977 [WARN] PackLoader:240 - Cannot read IP mode file for STMicroelectronics.X-CUBE-ALS.1.0.2
2024-10-29 13:04:38,982 [WARN] PackLoader:240 - Cannot read IP mode file for STMicroelectronics.X-CUBE-TOUCHGFX.4.24.1
2024-10-29 13:04:38,984 [WARN] PackLoader:240 - Cannot read IP mode file for wolfSSL.I-CUBE-wolfTPM.3.4.0
2024-10-29 13:04:38,988 [WARN] PackLoader:240 - Cannot read IP mode file for portGmbH.I-Cube-SoM-uGOAL.1.1.0
2024-10-29 13:04:39,006 [WARN] PackLoader:240 - Cannot read IP mode file for STMicroelectronics.X-CUBE-AZRTOS-H7RS.1.0.0
2024-10-29 13:04:39,010 [WARN] PackLoader:240 - Cannot read IP mode file for STMicroelectronics.FP-ATR-ASTRA1.2.0.0
2024-10-29 13:04:39,020 [WARN] PackLoader:240 - Cannot read IP mode file for STMicroelectronics.X-CUBE-TOF1.3.4.2
2024-10-29 13:04:39,051 [WARN] PackLoader:240 - Cannot read IP mode file for Infineon.AIROC-Wi-Fi-Bluetooth-STM32.1.6.1
2024-10-29 13:04:39,057 [WARN] PackLoader:240 - Cannot read IP mode file for wolfSSL.I-CUBE-wolfSSH.1.4.17
2024-10-29 13:04:39,057 [INFO] ThirdParty:978 - Integrity check success = true
2024-10-29 13:04:39,057 [INFO] IntegrityCheckThread:100 - exiting critical section [integrity check]
2024-10-29 13:04:39,057 [INFO] IntegrityCheckThread:103 - End integrity checks thread
2024-10-29 13:07:10,139 [INFO] WebApp:189 - Connection lost
2024-10-29 13:07:10,279 [INFO] WebApp:186 - Connection restablished
2024-10-29 13:12:11,040 [INFO] WebApp:189 - Connection lost
2024-10-29 13:12:11,568 [INFO] WebApp:186 - Connection restablished
2024-10-29 13:15:54,711 [INFO] WebApp:189 - Connection lost
2024-10-29 13:15:54,859 [INFO] WebApp:186 - Connection restablished
2024-10-29 13:15:57,234 [INFO] WebApp:189 - Connection lost
2024-10-29 13:15:57,399 [INFO] WebApp:186 - Connection restablished
2024-10-29 13:22:14,943 [INFO] WebApp:189 - Connection lost
2024-10-29 13:22:17,100 [INFO] WebApp:186 - Connection restablished
2024-10-29 14:07:36,176 [INFO] WebApp:189 - Connection lost
2024-10-29 14:07:36,858 [INFO] WebApp:186 - Connection restablished
2024-10-29 14:12:39,121 [INFO] WebApp:189 - Connection lost
2024-10-29 14:12:39,669 [INFO] WebApp:186 - Connection restablished
2024-10-29 14:17:41,958 [INFO] WebApp:189 - Connection lost
2024-10-29 14:17:42,518 [INFO] WebApp:186 - Connection restablished
2024-10-29 14:18:08,467 [INFO] WebApp:189 - Connection lost
2024-10-29 14:18:08,658 [INFO] WebApp:186 - Connection restablished
2024-10-29 14:18:12,988 [INFO] WebApp:189 - Connection lost
2024-10-29 14:18:13,111 [INFO] WebApp:186 - Connection restablished
2024-10-29 14:31:12,347 [INFO] WebApp:189 - Connection lost
2024-10-29 14:31:12,542 [INFO] WebApp:186 - Connection restablished
2024-10-29 14:31:38,523 [INFO] WebApp:189 - Connection lost
2024-10-29 14:31:38,640 [INFO] WebApp:186 - Connection restablished
2024-10-29 14:32:21,444 [INFO] WebApp:189 - Connection lost
2024-10-29 14:32:21,605 [INFO] WebApp:186 - Connection restablished
2024-10-29 14:33:16,588 [INFO] WebApp:189 - Connection lost
2024-10-29 14:33:16,773 [INFO] WebApp:186 - Connection restablished
2024-10-29 14:35:02,448 [INFO] WebApp:189 - Connection lost
2024-10-29 14:35:02,593 [INFO] WebApp:186 - Connection restablished
2024-10-29 14:37:44,158 [INFO] WebApp:189 - Connection lost
2024-10-29 14:37:44,322 [INFO] WebApp:186 - Connection restablished
2024-10-29 14:37:50,730 [INFO] WebApp:189 - Connection lost
2024-10-29 14:37:51,264 [INFO] WebApp:186 - Connection restablished
2024-10-29 14:38:16,040 [INFO] WebApp:189 - Connection lost
2024-10-29 14:38:16,158 [INFO] WebApp:186 - Connection restablished
2024-10-29 14:42:52,193 [INFO] WebApp:189 - Connection lost
2024-10-29 14:42:52,811 [INFO] WebApp:186 - Connection restablished
2024-10-29 14:47:54,088 [INFO] WebApp:189 - Connection lost
2024-10-29 14:47:54,607 [INFO] WebApp:186 - Connection restablished
2024-10-29 15:23:06,469 [INFO] WebApp:189 - Connection lost
2024-10-29 15:23:07,324 [INFO] WebApp:186 - Connection restablished
2024-10-29 15:53:18,425 [INFO] WebApp:189 - Connection lost
2024-10-29 15:53:19,072 [INFO] WebApp:186 - Connection restablished
2024-10-29 16:08:23,398 [INFO] WebApp:189 - Connection lost
2024-10-29 16:08:23,976 [INFO] WebApp:186 - Connection restablished
2024-10-29 16:19:44,108 [INFO] WebApp:189 - Connection lost
2024-10-29 16:19:44,698 [INFO] WebApp:186 - Connection restablished
2024-10-29 19:46:11,694 [INFO] WebApp:189 - Connection lost
2024-10-29 19:46:11,822 [INFO] WebApp:186 - Connection restablished
2024-10-29 19:46:23,009 [INFO] WebApp:189 - Connection lost
2024-10-29 19:46:23,132 [INFO] WebApp:186 - Connection restablished
2024-10-29 19:47:04,402 [INFO] WebApp:189 - Connection lost
2024-10-29 19:47:04,539 [INFO] WebApp:186 - Connection restablished
2024-10-29 19:47:16,066 [INFO] WebApp:189 - Connection lost
2024-10-29 19:47:16,195 [INFO] WebApp:186 - Connection restablished
2024-10-29 20:03:44,419 [INFO] WebApp:189 - Connection lost
2024-10-29 20:03:44,553 [INFO] WebApp:186 - Connection restablished
2024-10-29 20:05:35,572 [INFO] WebApp:189 - Connection lost
2024-10-29 20:05:35,704 [INFO] WebApp:186 - Connection restablished
2024-10-29 20:09:53,308 [ERROR] LogOutputStream:75 - [STDERR_REDIRECT] 
2024-10-29 22:40:33,973 [INFO] Activator:176 - 


2024-10-29 22:40:33,975 [INFO] Activator:177 - !SESSION log4j initialized
2024-10-29 22:40:37,868 [INFO] LogOutputStream:77 - [STDOUT_REDIRECT] 
2024-10-29 22:40:38,710 [INFO] ApplicationProperties:184 - Using Application install path: /opt/st/stm32cubeide_1.16.1/plugins/com.st.stm32cube.common.mx_6.12.1.202409122256
2024-10-29 22:40:38,728 [INFO] DbMcusXml:78 - Set database path to: /opt/st/stm32cubeide_1.16.1/plugins/com.st.stm32cube.common.mx_6.12.1.202409122256//db//mcu/
2024-10-29 22:40:38,728 [INFO] ApiDb:274 - Set plugin database path to: /opt/st/stm32cubeide_1.16.1/plugins/com.st.stm32cube.common.mx_6.12.1.202409122256//db//plugins/boardmanager/
2024-10-29 22:40:38,729 [WARN] ApiDb:259 - Overriding images path with different value:  => /opt/st/stm32cubeide_1.16.1/plugins/com.st.stm32cube.common.mx_6.12.1.202409122256//db//plugins/mcufinder/images/
2024-10-29 22:40:38,736 [INFO] ApiDb:250 - Set database path to: /home/nakarin/.stmcufinder/plugins/mcufinder//mcu/
2024-10-29 22:40:38,738 [INFO] DbMcusAds:125 - Set database path to: /home/nakarin/.stmcufinder/plugins/mcufinder//mcu/
2024-10-29 22:40:38,740 [INFO] CrossReferenceDbSqlite:203 - Set database path to: /home/nakarin/.stmcufinder/plugins/mcufinder//mcu/cs/
2024-10-29 22:40:38,871 [INFO] RulesReader:64 - Compatibility file has been processed (297 Rules)
2024-10-29 22:40:38,952 [INFO] DbMcusXml:78 - Set database path to: /opt/st/stm32cubeide_1.16.1/plugins/com.st.stm32cube.common.mx_6.12.1.202409122256//db//mcu/
2024-10-29 22:40:38,952 [INFO] ApiDb:274 - Set plugin database path to: /opt/st/stm32cubeide_1.16.1/plugins/com.st.stm32cube.common.mx_6.12.1.202409122256//db//plugins/boardmanager/
2024-10-29 22:40:38,953 [INFO] ApiDb:261 - Set plugin images path to: /opt/st/stm32cubeide_1.16.1/plugins/com.st.stm32cube.common.mx_6.12.1.202409122256//db//plugins/mcufinder/images/
2024-10-29 22:40:38,953 [WARN] DbFile:41 - Overriding database path with different value: /home/nakarin/.stmcufinder/plugins/mcufinder/ => /home/nakarin/.stmcufinder/plugins/mcufinder
2024-10-29 22:40:38,953 [INFO] ApiDb:250 - Set database path to: /home/nakarin/.stmcufinder/plugins/mcufinder//mcu/
2024-10-29 22:40:38,953 [WARN] DbFile:41 - Overriding database path with different value: /home/nakarin/.stmcufinder/plugins/mcufinder/ => /home/nakarin/.stmcufinder/plugins/mcufinder
2024-10-29 22:40:38,953 [INFO] DbMcusAds:125 - Set database path to: /home/nakarin/.stmcufinder/plugins/mcufinder//mcu/
2024-10-29 22:40:38,953 [WARN] DbFile:41 - Overriding database path with different value: /home/nakarin/.stmcufinder/plugins/mcufinder/ => /home/nakarin/.stmcufinder/plugins/mcufinder
2024-10-29 22:40:38,954 [WARN] DbFile:41 - Overriding database path with different value: /home/nakarin/.stmcufinder/plugins/mcufinder/ => /home/nakarin/.stmcufinder/plugins/mcufinder
2024-10-29 22:40:38,954 [INFO] CrossReferenceDbSqlite:203 - Set database path to: /home/nakarin/.stmcufinder/plugins/mcufinder//mcu/cs/
2024-10-29 22:40:39,035 [INFO] MainPanel:268 - HeapMemory: 279969792
2024-10-29 22:40:39,159 [INFO] DbMcusXml:78 - Set database path to: /opt/st/stm32cubeide_1.16.1/plugins/com.st.stm32cube.common.mx_6.12.1.202409122256//db//mcu/
2024-10-29 22:40:39,159 [INFO] ApiDb:274 - Set plugin database path to: /opt/st/stm32cubeide_1.16.1/plugins/com.st.stm32cube.common.mx_6.12.1.202409122256//db//plugins/boardmanager/
2024-10-29 22:40:39,159 [INFO] ApiDb:261 - Set plugin images path to: /opt/st/stm32cubeide_1.16.1/plugins/com.st.stm32cube.common.mx_6.12.1.202409122256//db//plugins/mcufinder/images/
2024-10-29 22:40:39,159 [WARN] DbFile:41 - Overriding database path with different value: /home/nakarin/.stmcufinder/plugins/mcufinder/ => /home/nakarin/.stmcufinder/plugins/mcufinder
2024-10-29 22:40:39,159 [INFO] ApiDb:250 - Set database path to: /home/nakarin/.stmcufinder/plugins/mcufinder//mcu/
2024-10-29 22:40:39,159 [WARN] DbFile:41 - Overriding database path with different value: /home/nakarin/.stmcufinder/plugins/mcufinder/ => /home/nakarin/.stmcufinder/plugins/mcufinder
2024-10-29 22:40:39,160 [INFO] DbMcusAds:125 - Set database path to: /home/nakarin/.stmcufinder/plugins/mcufinder//mcu/
2024-10-29 22:40:39,160 [WARN] DbFile:41 - Overriding database path with different value: /home/nakarin/.stmcufinder/plugins/mcufinder/ => /home/nakarin/.stmcufinder/plugins/mcufinder
2024-10-29 22:40:39,160 [WARN] DbFile:41 - Overriding database path with different value: /home/nakarin/.stmcufinder/plugins/mcufinder/ => /home/nakarin/.stmcufinder/plugins/mcufinder
2024-10-29 22:40:39,160 [INFO] CrossReferenceDbSqlite:203 - Set database path to: /home/nakarin/.stmcufinder/plugins/mcufinder//mcu/cs/
2024-10-29 22:40:39,177 [INFO] ApplicationProperties:184 - Using Application install path: /opt/st/stm32cubeide_1.16.1/plugins/com.st.stm32cube.common.mx_6.12.1.202409122256
2024-10-29 22:40:39,178 [INFO] PluginManage:196 - Search for loadable plugins [exclusion list=, ]
2024-10-29 22:40:39,180 [INFO] PluginManage:310 - Check plugin analytics
2024-10-29 22:40:39,329 [INFO] AnalyticsPlugin:253 - Accepted Software Licenses: 
2024-10-29 22:40:39,330 [INFO] AnalyticsPlugin:255 - Accepted CMSIS Pack Licenses: 
2024-10-29 22:40:39,330 [INFO] AnalyticsPlugin:257 - Accepted Firmware Licenses: FW.G4.1.6.0
2024-10-29 22:40:39,332 [INFO] PluginManage:359 - Loaded plugin analytics (category:tool,tabindex:-1)
2024-10-29 22:40:39,333 [INFO] PluginManage:310 - Check plugin cadmodel
2024-10-29 22:40:39,336 [INFO] CADModel:105 - Init CAD model plugin
2024-10-29 22:40:39,336 [INFO] PluginManage:359 - Loaded plugin cadmodel (category:power,tabindex:5)
2024-10-29 22:40:39,337 [INFO] PluginManage:310 - Check plugin clock
2024-10-29 22:40:39,344 [INFO] PluginManage:359 - Loaded plugin clock (category:base,tabindex:2)
2024-10-29 22:40:39,344 [INFO] PluginManage:310 - Check plugin ddr
2024-10-29 22:40:39,346 [INFO] PluginManage:359 - Loaded plugin ddr (category:tool,tabindex:6)
2024-10-29 22:40:39,346 [INFO] PluginManage:310 - Check plugin filemanager
2024-10-29 22:40:39,460 [INFO] PluginManage:359 - Loaded plugin filemanager (category:base,tabindex:10)
2024-10-29 22:40:39,460 [INFO] PluginManage:310 - Check plugin ipmanager
2024-10-29 22:40:39,465 [INFO] PluginManage:359 - Loaded plugin ipmanager (category:base,tabindex:5)
2024-10-29 22:40:39,465 [INFO] PluginManage:310 - Check plugin lpbam
2024-10-29 22:40:39,474 [INFO] PluginManage:359 - Loaded plugin lpbam (category:base,tabindex:0)
2024-10-29 22:40:39,474 [INFO] PluginManage:310 - Check plugin memorymap
2024-10-29 22:40:39,486 [INFO] PluginManage:359 - Loaded plugin memorymap (category:base,tabindex:4)
2024-10-29 22:40:39,486 [INFO] PluginManage:310 - Check plugin pinoutandconfiguration
2024-10-29 22:40:39,495 [INFO] PluginManage:359 - Loaded plugin pinoutandconfiguration (category:base,tabindex:1)
2024-10-29 22:40:39,495 [INFO] PluginManage:310 - Check plugin pinoutconfig
2024-10-29 22:40:39,577 [WARN] SupportedApi:132 - Cannot load RTOS API schema: s4s-elt-must-match.1: The content of 'definitions' must match (annotation?, (simpleType | complexType)?, (unique | key | keyref)*)). A problem was found starting at: attribute.
2024-10-29 22:40:39,694 [INFO] PluginManage:359 - Loaded plugin pinoutconfig (category:base,tabindex:0)
2024-10-29 22:40:39,694 [INFO] PluginManage:310 - Check plugin power
2024-10-29 22:40:39,702 [INFO] PluginManage:359 - Loaded plugin power (category:power,tabindex:4)
2024-10-29 22:40:39,702 [INFO] PluginManage:310 - Check plugin projectmanager
2024-10-29 22:40:39,718 [INFO] PluginManage:359 - Loaded plugin projectmanager (category:projectmanager,tabindex:4)
2024-10-29 22:40:39,718 [INFO] PluginManage:310 - Check plugin rif
2024-10-29 22:40:39,724 [INFO] PluginManage:359 - Loaded plugin rif (category:base,tabindex:3)
2024-10-29 22:40:39,724 [INFO] PluginManage:310 - Check plugin thirdparty
2024-10-29 22:40:39,859 [WARN] IntegrityCheckThread:84 - waiting for thirdparty lock release [integrity check]
2024-10-29 22:40:39,859 [INFO] PluginManage:359 - Loaded plugin thirdparty (category:base,tabindex:-1)
2024-10-29 22:40:39,860 [INFO] IntegrityCheckThread:86 - entering critical section [integrity check]
2024-10-29 22:40:39,860 [INFO] PluginManage:310 - Check plugin tools
2024-10-29 22:40:39,860 [INFO] ThirdPartyUpdaterWithRetryManager:70 - Updater plugin not ready yet. [1/15]
2024-10-29 22:40:39,862 [INFO] PluginManage:359 - Loaded plugin tools (category:base,tabindex:7)
2024-10-29 22:40:39,862 [INFO] PluginManage:310 - Check plugin tutovideos
2024-10-29 22:40:40,043 [INFO] PluginManage:359 - Loaded plugin tutovideos (category:base,tabindex:-1)
2024-10-29 22:40:40,043 [INFO] PluginManage:310 - Check plugin updater
2024-10-29 22:40:40,063 [INFO] PluginManage:359 - Loaded plugin updater (category:base,tabindex:12)
2024-10-29 22:40:40,063 [INFO] PluginManage:310 - Check plugin userauth
2024-10-29 22:40:40,070 [INFO] UserAuth:113 - Init User Auth plugin
2024-10-29 22:40:40,070 [INFO] PluginManage:359 - Loaded plugin userauth (category:base,tabindex:14)
2024-10-29 22:40:40,071 [INFO] PluginManage:283 - PluginManage : Loaded plugins [18]
2024-10-29 22:40:40,244 [INFO] PinOutPanel:1561 - setPackage(No Configuration,No Configuration)
2024-10-29 22:40:40,335 [INFO] CADModel:165 - CPN selected for project level
2024-10-29 22:40:40,335 [INFO] CADModel:114 - Register for checkConnection events
2024-10-29 22:40:40,350 [INFO] IPUIPlugin:80 - create IPUIPlugin
2024-10-29 22:40:40,351 [INFO] PluginManager:220 - loadIPPluginJar : add ipddr
2024-10-29 22:40:40,361 [INFO] IPUIPlugin:80 - create IPUIPlugin
2024-10-29 22:40:40,362 [INFO] PluginManager:220 - loadIPPluginJar : add radio
2024-10-29 22:40:40,364 [INFO] IPUIPlugin:80 - create IPUIPlugin
2024-10-29 22:40:40,365 [INFO] PluginManager:220 - loadIPPluginJar : add cryp
2024-10-29 22:40:40,368 [INFO] IPUIPlugin:80 - create IPUIPlugin
2024-10-29 22:40:40,369 [INFO] PluginManager:220 - loadIPPluginJar : add usbx
2024-10-29 22:40:40,370 [INFO] IPUIPlugin:80 - create IPUIPlugin
2024-10-29 22:40:40,371 [INFO] PluginManager:220 - loadIPPluginJar : add tim
2024-10-29 22:40:40,372 [INFO] IPUIPlugin:80 - create IPUIPlugin
2024-10-29 22:40:40,372 [INFO] PluginManager:220 - loadIPPluginJar : add comp
2024-10-29 22:40:40,375 [INFO] IPUIPlugin:80 - create IPUIPlugin
2024-10-29 22:40:40,376 [INFO] PluginManager:220 - loadIPPluginJar : add i2s
2024-10-29 22:40:40,380 [INFO] IPUIPlugin:80 - create IPUIPlugin
2024-10-29 22:40:40,380 [INFO] PluginManager:220 - loadIPPluginJar : add nvic
2024-10-29 22:40:40,384 [INFO] IPUIPlugin:80 - create IPUIPlugin
2024-10-29 22:40:40,384 [INFO] PluginManager:220 - loadIPPluginJar : add genericplugin
2024-10-29 22:40:40,387 [INFO] IPUIPlugin:80 - create IPUIPlugin
2024-10-29 22:40:40,388 [INFO] PluginManager:220 - loadIPPluginJar : add sai
2024-10-29 22:40:40,390 [INFO] IPUIPlugin:80 - create IPUIPlugin
2024-10-29 22:40:40,390 [INFO] PluginManager:220 - loadIPPluginJar : add dma3
2024-10-29 22:40:40,393 [INFO] IPUIPlugin:80 - create IPUIPlugin
2024-10-29 22:40:40,394 [INFO] PluginManager:220 - loadIPPluginJar : add extmemmanager
2024-10-29 22:40:40,397 [INFO] IPUIPlugin:80 - create IPUIPlugin
2024-10-29 22:40:40,398 [INFO] PluginManager:220 - loadIPPluginJar : add can
2024-10-29 22:40:40,400 [INFO] IPUIPlugin:80 - create IPUIPlugin
2024-10-29 22:40:40,401 [INFO] PluginManager:220 - loadIPPluginJar : add quadspi
2024-10-29 22:40:40,403 [INFO] IPUIPlugin:80 - create IPUIPlugin
2024-10-29 22:40:40,403 [INFO] PluginManager:220 - loadIPPluginJar : add tsc
2024-10-29 22:40:40,406 [INFO] IPUIPlugin:80 - create IPUIPlugin
2024-10-29 22:40:40,407 [INFO] PluginManager:220 - loadIPPluginJar : add gtzc
2024-10-29 22:40:40,410 [INFO] IPUIPlugin:80 - create IPUIPlugin
2024-10-29 22:40:40,411 [INFO] PluginManager:220 - loadIPPluginJar : add openamp
2024-10-29 22:40:40,417 [INFO] IPUIPlugin:80 - create IPUIPlugin
2024-10-29 22:40:40,420 [INFO] PluginManager:220 - loadIPPluginJar : add plateformsettings
2024-10-29 22:40:40,427 [INFO] IPUIPlugin:80 - create IPUIPlugin
2024-10-29 22:40:40,428 [INFO] PluginManager:220 - loadIPPluginJar : add linkedlist
2024-10-29 22:40:40,435 [INFO] IPUIPlugin:80 - create IPUIPlugin
2024-10-29 22:40:40,435 [INFO] PluginManager:220 - loadIPPluginJar : add stm32_wpan
2024-10-29 22:40:40,440 [INFO] IPUIPlugin:80 - create IPUIPlugin
2024-10-29 22:40:40,440 [INFO] PluginManager:220 - loadIPPluginJar : add adc
2024-10-29 22:40:40,445 [INFO] IPUIPlugin:80 - create IPUIPlugin
2024-10-29 22:40:40,445 [INFO] PluginManager:220 - loadIPPluginJar : add gic
2024-10-29 22:40:40,447 [INFO] IPUIPlugin:80 - create IPUIPlugin
2024-10-29 22:40:40,448 [INFO] PluginManager:220 - loadIPPluginJar : add ucpd
2024-10-29 22:40:40,452 [INFO] IPUIPlugin:80 - create IPUIPlugin
2024-10-29 22:40:40,452 [INFO] PluginManager:220 - loadIPPluginJar : add usart
2024-10-29 22:40:40,459 [INFO] IPUIPlugin:80 - create IPUIPlugin
2024-10-29 22:40:40,459 [INFO] PluginManager:220 - loadIPPluginJar : add mdma
2024-10-29 22:40:40,462 [INFO] IPUIPlugin:80 - create IPUIPlugin
2024-10-29 22:40:40,462 [INFO] PluginManager:220 - loadIPPluginJar : add spi
2024-10-29 22:40:40,464 [INFO] IPUIPlugin:80 - create IPUIPlugin
2024-10-29 22:40:40,464 [INFO] PluginManager:220 - loadIPPluginJar : add ltdc
2024-10-29 22:40:40,466 [INFO] IPUIPlugin:80 - create IPUIPlugin
2024-10-29 22:40:40,467 [INFO] PluginManager:220 - loadIPPluginJar : add gfxmmu
2024-10-29 22:40:40,471 [INFO] IPUIPlugin:80 - create IPUIPlugin
2024-10-29 22:40:40,471 [INFO] PluginManager:220 - loadIPPluginJar : add resmgrutility
2024-10-29 22:40:40,474 [INFO] IPUIPlugin:80 - create IPUIPlugin
2024-10-29 22:40:40,474 [INFO] PluginManager:220 - loadIPPluginJar : add aes
2024-10-29 22:40:40,478 [INFO] IPUIPlugin:80 - create IPUIPlugin
2024-10-29 22:40:40,478 [INFO] PluginManager:220 - loadIPPluginJar : add opamp
2024-10-29 22:40:40,481 [INFO] IPUIPlugin:80 - create IPUIPlugin
2024-10-29 22:40:40,481 [INFO] PluginManager:220 - loadIPPluginJar : add lorawan
2024-10-29 22:40:40,484 [INFO] IPUIPlugin:80 - create IPUIPlugin
2024-10-29 22:40:40,484 [INFO] PluginManager:220 - loadIPPluginJar : add i2c
2024-10-29 22:40:40,487 [INFO] IPUIPlugin:80 - create IPUIPlugin
2024-10-29 22:40:40,487 [INFO] PluginManager:220 - loadIPPluginJar : add i3c
2024-10-29 22:40:40,492 [INFO] IPUIPlugin:80 - create IPUIPlugin
2024-10-29 22:40:40,492 [INFO] PluginManager:220 - loadIPPluginJar : add fmc
2024-10-29 22:40:40,494 [INFO] IPUIPlugin:80 - create IPUIPlugin
2024-10-29 22:40:40,494 [INFO] PluginManager:220 - loadIPPluginJar : add hash
2024-10-29 22:40:40,499 [INFO] IPUIPlugin:80 - create IPUIPlugin
2024-10-29 22:40:40,499 [INFO] PluginManager:220 - loadIPPluginJar : add gpio
2024-10-29 22:40:40,502 [INFO] IPUIPlugin:80 - create IPUIPlugin
2024-10-29 22:40:40,502 [INFO] PluginManager:220 - loadIPPluginJar : add ddr_ctrl_phy
2024-10-29 22:40:40,507 [INFO] IPUIPlugin:80 - create IPUIPlugin
2024-10-29 22:40:40,507 [INFO] PluginManager:220 - loadIPPluginJar : add dma
2024-10-29 22:40:40,510 [INFO] IPUIPlugin:80 - create IPUIPlugin
2024-10-29 22:40:40,510 [INFO] PluginManager:220 - loadIPPluginJar : add pdm2pcm
2024-10-29 22:40:40,512 [INFO] IPUIPlugin:80 - create IPUIPlugin
2024-10-29 22:40:40,512 [INFO] PluginManager:220 - loadIPPluginJar : add tracer_emb
2024-10-29 22:40:40,514 [INFO] IPUIPlugin:80 - create IPUIPlugin
2024-10-29 22:40:40,514 [INFO] PluginManager:220 - loadIPPluginJar : add ts
2024-10-29 22:40:40,516 [INFO] IPUIPlugin:80 - create IPUIPlugin
2024-10-29 22:40:40,516 [INFO] PluginManager:220 - loadIPPluginJar : add dfsdm
2024-10-29 22:40:40,521 [INFO] IPUIPlugin:80 - create IPUIPlugin
2024-10-29 22:40:40,521 [INFO] PluginManager:220 - loadIPPluginJar : add freertos
2024-10-29 22:40:40,523 [INFO] IPUIPlugin:80 - create IPUIPlugin
2024-10-29 22:40:40,523 [INFO] PluginManager:220 - loadIPPluginJar : add fatfs
2024-10-29 22:40:40,526 [INFO] IPUIPlugin:80 - create IPUIPlugin
2024-10-29 22:40:40,526 [INFO] PluginManager:220 - loadIPPluginJar : add touchsensing
2024-10-29 22:40:40,630 [INFO] CADModel:165 - CPN selected for project level
2024-10-29 22:40:40,630 [INFO] CADModel:114 - Register for checkConnection events
2024-10-29 22:40:40,630 [FATAL] Updater:334 - Updater called before beeing initialized
2024-10-29 22:40:40,630 [ERROR] CADModel:125 - Updater not yet initialized, retry later 
2024-10-29 22:40:40,744 [INFO] CADModel:165 - CPN selected for project level
2024-10-29 22:40:40,744 [INFO] CADModel:114 - Register for checkConnection events
2024-10-29 22:40:40,744 [FATAL] Updater:334 - Updater called before beeing initialized
2024-10-29 22:40:40,744 [ERROR] CADModel:125 - Updater not yet initialized, retry later 
2024-10-29 22:40:40,747 [FATAL] Updater:334 - Updater called before beeing initialized
2024-10-29 22:40:40,849 [FATAL] Updater:334 - Updater called before beeing initialized
2024-10-29 22:40:40,853 [INFO] DbMcusAds:53 - JSON generation date=Fri Sep 20 20:04:38 ICT 2024 (1726837478367)
2024-10-29 22:40:40,854 [FATAL] Updater:334 - Updater called before beeing initialized
2024-10-29 22:40:40,894 [WARN] DetailPanel:346 - Failed to get advertising image, set to default
2024-10-29 22:40:40,962 [FATAL] Updater:334 - Updater called before beeing initialized
2024-10-29 22:40:40,963 [FATAL] Updater:334 - Updater called before beeing initialized
2024-10-29 22:40:40,964 [FATAL] Updater:334 - Updater called before beeing initialized
2024-10-29 22:40:40,964 [WARN] DetailPanel:346 - Failed to get advertising image, set to default
2024-10-29 22:40:40,964 [FATAL] Updater:334 - Updater called before beeing initialized
2024-10-29 22:40:40,993 [ERROR] Updater:1164 - MainUpdater not yet initialized. External WinMGr cannot be set.
2024-10-29 22:40:40,994 [INFO] Updater:1100 - Updater Version found : 6.12.1
2024-10-29 22:40:41,011 [INFO] ApplicationProperties:184 - Using Application install path: /opt/st/stm32cubeide_1.16.1/plugins/com.st.stm32cube.common.mx_6.12.1.202409122256
2024-10-29 22:40:42,335 [INFO] MainUpdater:2873 - connection check result : 10
2024-10-29 22:40:42,336 [INFO] MainUpdater:3567 - Updater definition file requires update
2024-10-29 22:40:42,336 [INFO] MainUpdater:290 - Updater Check For Update Now.
2024-10-29 22:40:42,336 [INFO] MicroXplorer:498 - Change Database Version : DB.6.0.121
2024-10-29 22:40:42,341 [INFO] McuFinderGlobals:63 - Set McuFinder mode to 2 (CubeIDE integrated)
2024-10-29 22:40:42,342 [INFO] UserAuth:417 - Internet connection configuration mode: 1
2024-10-29 22:40:42,355 [INFO] JxBrowserEngine:152 - Initiate JxBrowser Engine with user profile folder
2024-10-29 22:40:42,861 [WARN] MainUpdater:1194 - Updater busy. Cannot search thirdparties
2024-10-29 22:40:42,861 [INFO] ThirdPartyUpdaterWithRetryManager:96 - Updater plugin is busy. [1/15]
2024-10-29 22:40:43,130 [INFO] WebApp:167 - Instantiating new browser for Auth
2024-10-29 22:40:43,803 [INFO] WebApp:448 - Apply proxy settings
2024-10-29 22:40:43,803 [INFO] WebApp:533 - Chromium requires no authentication
2024-10-29 22:40:43,809 [INFO] WebApp:476 - Direct internet connection detected
2024-10-29 22:40:43,826 [INFO] WebApp:869 - Register for checkConnection events
2024-10-29 22:40:43,826 [INFO] WebApp:448 - Apply proxy settings
2024-10-29 22:40:43,826 [INFO] WebApp:533 - Chromium requires no authentication
2024-10-29 22:40:43,827 [INFO] WebApp:476 - Direct internet connection detected
2024-10-29 22:40:43,976 [INFO] WebApp:220 - Starting web application
2024-10-29 22:40:43,977 [INFO] WebApp:578 - Web application path used /opt/st/stm32cubeide_1.16.1/plugins/com.st.stm32cube.common.mx_6.12.1.202409122256/db/plugins/mcufinder/reactClient1/index.html
2024-10-29 22:40:44,086 [INFO] UserAuth:417 - Internet connection configuration mode: 1
2024-10-29 22:40:44,138 [INFO] WebApp:186 - Connection restablished
2024-10-29 22:40:44,267 [INFO] ServerAccessManage:473 - Download File updaters.zip
2024-10-29 22:40:44,402 [INFO] FileExtend:240 - Unzip File : updaters.zip
2024-10-29 22:40:44,403 [INFO] FileExtend:255 - Standard Zip Deflate
2024-10-29 22:40:45,536 [INFO] ServerAccessManage:473 - Download File PacksControlFlags.xml
2024-10-29 22:40:45,861 [WARN] MainUpdater:1194 - Updater busy. Cannot search thirdparties
2024-10-29 22:40:45,862 [INFO] ThirdPartyUpdaterWithRetryManager:96 - Updater plugin is busy. [2/15]
2024-10-29 22:40:47,396 [INFO] ServerAccessManage:473 - Download File cubemx.pidx
2024-10-29 22:40:47,523 [INFO] LoadServerUpdatesThread:375 - End of LoadServerUpdate Thread
2024-10-29 22:40:47,710 [INFO] CheckServerUpdateThread:120 - End of CheckServer Thread
2024-10-29 22:40:48,991 [WARN] PackLoader:240 - Cannot read IP mode file for STMicroelectronics.FP-SNS-MOTENVWB1.1.4.0
2024-10-29 22:40:49,000 [WARN] PackLoader:240 - Cannot read IP mode file for STMicroelectronics.X-CUBE-SMBUS.2.1.0
2024-10-29 22:40:49,008 [WARN] PackLoader:240 - Cannot read IP mode file for STMicroelectronics.X-CUBE-WB05N.1.1.0
2024-10-29 22:40:49,048 [WARN] PackLoader:240 - Cannot read IP mode file for STMicroelectronics.X-CUBE-AZRTOS-F7.1.1.0
2024-10-29 22:40:49,156 [WARN] PackLoader:240 - Cannot read IP mode file for STMicroelectronics.X-CUBE-MEMS1.11.0.0
2024-10-29 22:40:49,406 [WARN] PackLoader:240 - Cannot read IP mode file for STMicroelectronics.FP-SNS-FLIGHT1.5.0.2
2024-10-29 22:40:49,413 [WARN] PackLoader:240 - Cannot read IP mode file for STMicroelectronics.X-CUBE-DISPLAY.3.0.0
2024-10-29 22:40:49,422 [WARN] PackLoader:240 - Cannot read IP mode file for STMicroelectronics.X-CUBE-BLE1.7.0.0
2024-10-29 22:40:49,428 [WARN] PackLoader:240 - Cannot read IP mode file for STMicroelectronics.X-CUBE-NFC10.1.0.0
2024-10-29 22:40:49,434 [WARN] PackLoader:240 - Cannot read IP mode file for emotas.I-CUBE-CANOPEN.1.3.0
2024-10-29 22:40:49,445 [WARN] PackLoader:240 - Cannot read IP mode file for STMicroelectronics.X-CUBE-BLEMGR.3.1.0
2024-10-29 22:40:49,452 [WARN] PackLoader:240 - Cannot read IP mode file for STMicroelectronics.FP-SNS-SMARTAG2.1.2.0
2024-10-29 22:40:49,460 [INFO] LogOutputStream:77 - [STDOUT_REDIRECT] 1 : Invalid condition id : UX_CORESTACK_Condition cause : null
2024-10-29 22:40:49,461 [INFO] LogOutputStream:77 - [STDOUT_REDIRECT] 1 : Invalid condition id : UX_CORESTACK_Condition cause : null
2024-10-29 22:40:49,461 [INFO] LogOutputStream:77 - [STDOUT_REDIRECT] 1 : Invalid condition id : UX_CORESTACK_Condition cause : null
2024-10-29 22:40:49,461 [INFO] LogOutputStream:77 - [STDOUT_REDIRECT] 1 : Invalid condition id : UX_CORESTACK_Condition cause : null
2024-10-29 22:40:49,461 [INFO] LogOutputStream:77 - [STDOUT_REDIRECT] 1 : Invalid condition id : UX_CORESTACK_Condition cause : null
2024-10-29 22:40:49,466 [WARN] PackLoader:240 - Cannot read IP mode file for STMicroelectronics.X-CUBE-AZRTOS-WL.2.0.0
2024-10-29 22:40:49,470 [WARN] PackLoader:240 - Cannot read IP mode file for STMicroelectronics.FP-SNS-MOTENV1.5.0.0
2024-10-29 22:40:49,474 [WARN] PackLoader:240 - Cannot read IP mode file for wolfSSL.I-CUBE-wolfMQTT.1.19.0
2024-10-29 22:40:49,480 [WARN] PackLoader:240 - Cannot read IP mode file for WES.I-CUBE-Cesium.1.3.0
2024-10-29 22:40:49,484 [WARN] PackLoader:240 - Cannot read IP mode file for STMicroelectronics.X-CUBE-BLE2.3.3.0
2024-10-29 22:40:49,490 [WARN] PackLoader:240 - Cannot read IP mode file for STMicroelectronics.X-CUBE-NFC9.1.0.0
2024-10-29 22:40:49,496 [WARN] PackLoader:240 - Cannot read IP mode file for STMicroelectronics.X-CUBE-TCPP.4.1.0
2024-10-29 22:40:49,515 [WARN] PackLoader:240 - Cannot read IP mode file for STMicroelectronics.X-CUBE-AZRTOS-G0.1.1.0
2024-10-29 22:40:49,523 [WARN] PackLoader:240 - Cannot read IP mode file for STMicroelectronics.X-CUBE-SAFEA1.1.2.2
2024-10-29 22:40:49,528 [WARN] PackLoader:240 - Cannot read IP mode file for STMicroelectronics.X-CUBE-NFC4.3.0.0
2024-10-29 22:40:49,538 [WARN] PackLoader:240 - Cannot read IP mode file for EmbeddedOffice.I-CUBE-FS-RTOS.1.0.1
2024-10-29 22:40:49,539 [ERROR] ConditionMgr:805 - Attr not supported : Dmpu
2024-10-29 22:40:49,539 [ERROR] ConditionMgr:805 - Attr not supported : Dmpu
2024-10-29 22:40:49,539 [ERROR] ConditionMgr:805 - Attr not supported : Dmpu
2024-10-29 22:40:49,539 [ERROR] ConditionMgr:805 - Attr not supported : Dmpu
2024-10-29 22:40:49,539 [ERROR] ConditionMgr:805 - Attr not supported : Dmpu
2024-10-29 22:40:49,539 [ERROR] ConditionMgr:805 - Attr not supported : Dmpu
2024-10-29 22:40:49,539 [ERROR] ConditionMgr:805 - Attr not supported : Dmpu
2024-10-29 22:40:49,539 [ERROR] ConditionMgr:805 - Attr not supported : Dmpu
2024-10-29 22:40:49,539 [ERROR] ConditionMgr:805 - Attr not supported : Dmpu
2024-10-29 22:40:49,540 [ERROR] ConditionMgr:805 - Attr not supported : Dmpu
2024-10-29 22:40:49,540 [ERROR] ConditionMgr:805 - Attr not supported : Dmpu
2024-10-29 22:40:49,540 [ERROR] ConditionMgr:805 - Attr not supported : Dmpu
2024-10-29 22:40:49,540 [ERROR] ConditionMgr:805 - Attr not supported : Dmpu
2024-10-29 22:40:49,540 [ERROR] ConditionMgr:805 - Attr not supported : Dmpu
2024-10-29 22:40:49,540 [ERROR] ConditionMgr:805 - Attr not supported : Dmpu
2024-10-29 22:40:49,540 [ERROR] ConditionMgr:805 - Attr not supported : Dmpu
2024-10-29 22:40:49,540 [ERROR] ConditionMgr:805 - Attr not supported : Dmpu
2024-10-29 22:40:49,540 [ERROR] ConditionMgr:805 - Attr not supported : Dmpu
2024-10-29 22:40:49,541 [ERROR] ConditionMgr:805 - Attr not supported : Dmpu
2024-10-29 22:40:49,541 [ERROR] ConditionMgr:805 - Attr not supported : Dmpu
2024-10-29 22:40:49,541 [ERROR] ConditionMgr:805 - Attr not supported : Dmpu
2024-10-29 22:40:49,541 [ERROR] ConditionMgr:805 - Attr not supported : Dmpu
2024-10-29 22:40:49,541 [ERROR] ConditionMgr:805 - Attr not supported : Dmpu
2024-10-29 22:40:49,541 [ERROR] ConditionMgr:805 - Attr not supported : Dmpu
2024-10-29 22:40:49,541 [ERROR] ConditionMgr:805 - Attr not supported : Dmpu
2024-10-29 22:40:49,541 [ERROR] ConditionMgr:805 - Attr not supported : Dmpu
2024-10-29 22:40:49,541 [ERROR] ConditionMgr:805 - Attr not supported : Dmpu
2024-10-29 22:40:49,541 [ERROR] ConditionMgr:805 - Attr not supported : Dmpu
2024-10-29 22:40:49,541 [ERROR] ConditionMgr:805 - Attr not supported : Dmpu
2024-10-29 22:40:49,541 [ERROR] ConditionMgr:805 - Attr not supported : Dmpu
2024-10-29 22:40:49,541 [ERROR] ConditionMgr:805 - Attr not supported : Dmpu
2024-10-29 22:40:49,541 [ERROR] ConditionMgr:805 - Attr not supported : Dmpu
2024-10-29 22:40:49,541 [ERROR] ConditionMgr:805 - Attr not supported : Dmpu
2024-10-29 22:40:49,541 [ERROR] ConditionMgr:805 - Attr not supported : Dmpu
2024-10-29 22:40:49,542 [ERROR] ConditionMgr:805 - Attr not supported : Dmpu
2024-10-29 22:40:49,542 [ERROR] ConditionMgr:805 - Attr not supported : Dmpu
2024-10-29 22:40:49,542 [ERROR] ConditionMgr:805 - Attr not supported : Dmpu
2024-10-29 22:40:49,542 [ERROR] ConditionMgr:805 - Attr not supported : Dmpu
2024-10-29 22:40:49,542 [ERROR] ConditionMgr:805 - Attr not supported : Dmpu
2024-10-29 22:40:49,542 [ERROR] ConditionMgr:805 - Attr not supported : Dmpu
2024-10-29 22:40:49,542 [ERROR] ConditionMgr:805 - Attr not supported : Dmpu
2024-10-29 22:40:49,542 [ERROR] ConditionMgr:805 - Attr not supported : Dmpu
2024-10-29 22:40:49,542 [ERROR] ConditionMgr:805 - Attr not supported : Dmpu
2024-10-29 22:40:49,542 [ERROR] ConditionMgr:805 - Attr not supported : Dmpu
2024-10-29 22:40:49,542 [ERROR] ConditionMgr:805 - Attr not supported : Dmpu
2024-10-29 22:40:49,542 [ERROR] ConditionMgr:805 - Attr not supported : Dmpu
2024-10-29 22:40:49,543 [ERROR] ConditionMgr:805 - Attr not supported : Dmpu
2024-10-29 22:40:49,543 [ERROR] ConditionMgr:805 - Attr not supported : Dmpu
2024-10-29 22:40:49,543 [ERROR] ConditionMgr:805 - Attr not supported : Dmpu
2024-10-29 22:40:49,543 [ERROR] ConditionMgr:805 - Attr not supported : Dmpu
2024-10-29 22:40:49,543 [ERROR] ConditionMgr:805 - Attr not supported : Dmpu
2024-10-29 22:40:49,543 [ERROR] ConditionMgr:805 - Attr not supported : Dmpu
2024-10-29 22:40:49,543 [ERROR] ConditionMgr:805 - Attr not supported : Dmpu
2024-10-29 22:40:49,543 [ERROR] ConditionMgr:805 - Attr not supported : Dmpu
2024-10-29 22:40:49,543 [ERROR] ConditionMgr:805 - Attr not supported : Dmpu
2024-10-29 22:40:49,543 [ERROR] ConditionMgr:805 - Attr not supported : Dmpu
2024-10-29 22:40:49,543 [ERROR] ConditionMgr:805 - Attr not supported : Dmpu
2024-10-29 22:40:49,543 [ERROR] ConditionMgr:805 - Attr not supported : Dmpu
2024-10-29 22:40:49,543 [ERROR] ConditionMgr:805 - Attr not supported : Dmpu
2024-10-29 22:40:49,544 [ERROR] ConditionMgr:805 - Attr not supported : Dmpu
2024-10-29 22:40:49,544 [ERROR] ConditionMgr:805 - Attr not supported : Dmpu
2024-10-29 22:40:49,544 [ERROR] ConditionMgr:805 - Attr not supported : Dmpu
2024-10-29 22:40:49,544 [ERROR] ConditionMgr:805 - Attr not supported : Dmpu
2024-10-29 22:40:49,544 [ERROR] ConditionMgr:805 - Attr not supported : Dmpu
2024-10-29 22:40:49,548 [WARN] PackLoader:240 - Cannot read IP mode file for RealThread.X-CUBE-RT-Thread_Nano.4.1.1
2024-10-29 22:40:49,551 [WARN] PackLoader:240 - Cannot read IP mode file for STMicroelectronics.FP-ATR-SIGFOX1.3.2.0
2024-10-29 22:40:49,554 [WARN] PackLoader:240 - Cannot read IP mode file for wolfSSL.I-CUBE-wolfSSL.5.7.2
2024-10-29 22:40:49,558 [WARN] PackLoader:240 - Cannot read IP mode file for STMicroelectronics.X-CUBE-EEPRMA1.5.1.0
2024-10-29 22:40:49,565 [WARN] PackLoader:240 - Cannot read IP mode file for ITTIA_DB.I-CUBE-ITTIADB.8.9.0
2024-10-29 22:40:49,599 [WARN] PackLoader:240 - Cannot read IP mode file for SEGGER.I-CUBE-embOS.1.3.1
2024-10-29 22:40:49,660 [WARN] PackLoader:240 - Cannot read IP mode file for STMicroelectronics.X-CUBE-ALGOBUILD.1.4.0
2024-10-29 22:40:49,663 [WARN] PackLoader:240 - Cannot read IP mode file for STMicroelectronics.X-CUBE-AI.9.1.0
2024-10-29 22:40:49,689 [WARN] PackLoader:240 - Cannot read IP mode file for STMicroelectronics.X-CUBE-AZRTOS-F4.1.1.0
2024-10-29 22:40:49,696 [WARN] PackLoader:240 - Cannot read IP mode file for STMicroelectronics.X-CUBE-ISPU.2.1.0
2024-10-29 22:40:49,700 [WARN] PackLoader:240 - Cannot read IP mode file for STMicroelectronics.X-CUBE-FREERTOS.1.2.0
2024-10-29 22:40:49,716 [WARN] PackLoader:240 - Cannot read IP mode file for STMicroelectronics.X-CUBE-AZRTOS-L5.2.0.0
2024-10-29 22:40:49,726 [WARN] PackLoader:240 - Cannot read IP mode file for STMicroelectronics.X-CUBE-NFC6.3.1.0
2024-10-29 22:40:49,732 [WARN] PackLoader:240 - Cannot read IP mode file for STMicroelectronics.X-CUBE-DPower.1.2.0
2024-10-29 22:40:49,737 [WARN] PackLoader:240 - Cannot read IP mode file for STMicroelectronics.X-CUBE-NFC7.1.0.1
2024-10-29 22:40:49,758 [WARN] ConditionMgr:438 - getConditionDescription Invalid condition id : LAN8742 Phy interface Condition cause : null
2024-10-29 22:40:49,759 [WARN] PackLoader:240 - Cannot read IP mode file for STMicroelectronics.X-CUBE-AZRTOS-L4.2.0.0
2024-10-29 22:40:49,762 [WARN] ConditionMgr:1039 - genDependencies : Invalid condition id : LAN8742 Phy interface Condition cause : null
2024-10-29 22:40:49,762 [WARN] ConditionMgr:1039 - genDependencies : Invalid condition id : LAN8742 Phy interface Condition cause : null
2024-10-29 22:40:49,763 [WARN] ConditionMgr:1039 - genDependencies : Invalid condition id : LAN8742 Phy interface Condition cause : null
2024-10-29 22:40:49,770 [WARN] PackLoader:240 - Cannot read IP mode file for STMicroelectronics.X-CUBE-SFXS2LP1.4.0.0
2024-10-29 22:40:49,791 [WARN] PackLoader:240 - Cannot read IP mode file for STMicroelectronics.X-CUBE-AZRTOS-H7.3.3.0
2024-10-29 22:40:49,804 [WARN] PackLoader:240 - Cannot read IP mode file for STMicroelectronics.X-CUBE-IPS.3.0.0
2024-10-29 22:40:49,818 [WARN] ConditionMgr:438 - getConditionDescription Invalid condition id : UX DEVICE CLASS RTOS Condition cause : null
2024-10-29 22:40:49,818 [WARN] ConditionMgr:438 - getConditionDescription Invalid condition id : UX DEVICE CLASS RTOS Condition cause : null
2024-10-29 22:40:49,820 [WARN] PackLoader:240 - Cannot read IP mode file for STMicroelectronics.X-CUBE-AZRTOS-WB.2.0.0
2024-10-29 22:40:49,821 [WARN] ConditionMgr:1039 - genDependencies : Invalid condition id : UX DEVICE CLASS RTOS Condition cause : null
2024-10-29 22:40:49,821 [WARN] ConditionMgr:1039 - genDependencies : Invalid condition id : UX DEVICE CLASS RTOS Condition cause : null
2024-10-29 22:40:49,822 [WARN] ConditionMgr:1039 - genDependencies : Invalid condition id : UX DEVICE CLASS RTOS Condition cause : null
2024-10-29 22:40:49,822 [WARN] ConditionMgr:1039 - genDependencies : Invalid condition id : UX DEVICE CLASS RTOS Condition cause : null
2024-10-29 22:40:49,822 [WARN] ConditionMgr:1039 - genDependencies : Invalid condition id : UX DEVICE CLASS RTOS Condition cause : null
2024-10-29 22:40:49,827 [WARN] PackLoader:240 - Cannot read IP mode file for STMicroelectronics.X-CUBE-GNSS1.7.0.0
2024-10-29 22:40:49,833 [WARN] PackLoader:240 - Cannot read IP mode file for STMicroelectronics.FP-SNS-STBOX1.2.0.0
2024-10-29 22:40:49,843 [WARN] PackLoader:240 - Cannot read IP mode file for STMicroelectronics.X-CUBE-SUBG2.5.0.0
2024-10-29 22:40:49,850 [WARN] PackLoader:240 - Cannot read IP mode file for Cesanta.I-CUBE-Mongoose.7.13.0
2024-10-29 22:40:49,861 [WARN] PackLoader:240 - Cannot read IP mode file for STMicroelectronics.X-CUBE-AZRTOS-G4.2.0.0
2024-10-29 22:40:49,866 [WARN] PackLoader:240 - Cannot read IP mode file for STMicroelectronics.X-CUBE-ALS.1.0.2
2024-10-29 22:40:49,870 [WARN] PackLoader:240 - Cannot read IP mode file for STMicroelectronics.X-CUBE-TOUCHGFX.4.24.1
2024-10-29 22:40:49,871 [WARN] PackLoader:240 - Cannot read IP mode file for wolfSSL.I-CUBE-wolfTPM.3.4.0
2024-10-29 22:40:49,875 [WARN] PackLoader:240 - Cannot read IP mode file for portGmbH.I-Cube-SoM-uGOAL.1.1.0
2024-10-29 22:40:49,896 [WARN] PackLoader:240 - Cannot read IP mode file for STMicroelectronics.X-CUBE-AZRTOS-H7RS.1.0.0
2024-10-29 22:40:49,903 [WARN] PackLoader:240 - Cannot read IP mode file for STMicroelectronics.FP-ATR-ASTRA1.2.0.0
2024-10-29 22:40:49,914 [WARN] PackLoader:240 - Cannot read IP mode file for STMicroelectronics.X-CUBE-TOF1.3.4.2
2024-10-29 22:40:49,951 [WARN] PackLoader:240 - Cannot read IP mode file for Infineon.AIROC-Wi-Fi-Bluetooth-STM32.1.6.1
2024-10-29 22:40:49,958 [WARN] PackLoader:240 - Cannot read IP mode file for wolfSSL.I-CUBE-wolfSSH.1.4.17
2024-10-29 22:40:49,959 [INFO] ThirdParty:978 - Integrity check success = true
2024-10-29 22:40:49,959 [INFO] IntegrityCheckThread:100 - exiting critical section [integrity check]
2024-10-29 22:40:49,959 [INFO] IntegrityCheckThread:103 - End integrity checks thread
2024-10-29 22:44:02,054 [INFO] WebApp:189 - Connection lost
2024-10-29 22:44:02,233 [INFO] WebApp:186 - Connection restablished
2024-10-29 22:44:04,355 [INFO] WebApp:189 - Connection lost
2024-10-29 22:44:04,512 [INFO] WebApp:186 - Connection restablished
2024-10-29 22:45:06,317 [INFO] WebApp:189 - Connection lost
2024-10-29 22:45:06,470 [INFO] WebApp:186 - Connection restablished
2024-10-29 22:45:49,110 [INFO] WebApp:189 - Connection lost
2024-10-29 22:45:49,241 [INFO] WebApp:186 - Connection restablished
2024-10-29 22:47:57,896 [INFO] WebApp:189 - Connection lost
2024-10-29 22:47:58,032 [INFO] WebApp:186 - Connection restablished
2024-10-29 22:50:30,475 [INFO] WebApp:189 - Connection lost
2024-10-29 22:50:30,610 [INFO] WebApp:186 - Connection restablished
