2024-10-28 21:19:35,645 [INFO] Activator:176 - 


2024-10-28 21:19:35,652 [INFO] Activator:177 - !SESSION log4j initialized
2024-10-28 21:19:41,839 [INFO] LogOutputStream:77 - [STDOUT_REDIRECT] 
2024-10-28 21:19:42,587 [INFO] ApplicationProperties:184 - Using Application install path: /opt/st/stm32cubeide_1.16.1/plugins/com.st.stm32cube.common.mx_6.12.1.202409122256
2024-10-28 21:19:42,605 [INFO] DbMcusXml:78 - Set database path to: /opt/st/stm32cubeide_1.16.1/plugins/com.st.stm32cube.common.mx_6.12.1.202409122256//db//mcu/
2024-10-28 21:19:42,605 [INFO] ApiDb:274 - Set plugin database path to: /opt/st/stm32cubeide_1.16.1/plugins/com.st.stm32cube.common.mx_6.12.1.202409122256//db//plugins/boardmanager/
2024-10-28 21:19:42,606 [WARN] ApiDb:259 - Overriding images path with different value:  => /opt/st/stm32cubeide_1.16.1/plugins/com.st.stm32cube.common.mx_6.12.1.202409122256//db//plugins/mcufinder/images/
2024-10-28 21:19:42,611 [INFO] ApiDb:250 - Set database path to: /home/nakarin/.stmcufinder/plugins/mcufinder//mcu/
2024-10-28 21:19:42,612 [INFO] DbMcusAds:125 - Set database path to: /home/nakarin/.stmcufinder/plugins/mcufinder//mcu/
2024-10-28 21:19:42,614 [INFO] CrossReferenceDbSqlite:203 - Set database path to: /home/nakarin/.stmcufinder/plugins/mcufinder//mcu/cs/
2024-10-28 21:19:42,705 [INFO] RulesReader:64 - Compatibility file has been processed (297 Rules)
2024-10-28 21:19:42,756 [INFO] DbMcusXml:78 - Set database path to: /opt/st/stm32cubeide_1.16.1/plugins/com.st.stm32cube.common.mx_6.12.1.202409122256//db//mcu/
2024-10-28 21:19:42,756 [INFO] ApiDb:274 - Set plugin database path to: /opt/st/stm32cubeide_1.16.1/plugins/com.st.stm32cube.common.mx_6.12.1.202409122256//db//plugins/boardmanager/
2024-10-28 21:19:42,756 [INFO] ApiDb:261 - Set plugin images path to: /opt/st/stm32cubeide_1.16.1/plugins/com.st.stm32cube.common.mx_6.12.1.202409122256//db//plugins/mcufinder/images/
2024-10-28 21:19:42,756 [WARN] DbFile:41 - Overriding database path with different value: /home/nakarin/.stmcufinder/plugins/mcufinder/ => /home/nakarin/.stmcufinder/plugins/mcufinder
2024-10-28 21:19:42,756 [INFO] ApiDb:250 - Set database path to: /home/nakarin/.stmcufinder/plugins/mcufinder//mcu/
2024-10-28 21:19:42,756 [WARN] DbFile:41 - Overriding database path with different value: /home/nakarin/.stmcufinder/plugins/mcufinder/ => /home/nakarin/.stmcufinder/plugins/mcufinder
2024-10-28 21:19:42,757 [INFO] DbMcusAds:125 - Set database path to: /home/nakarin/.stmcufinder/plugins/mcufinder//mcu/
2024-10-28 21:19:42,757 [WARN] DbFile:41 - Overriding database path with different value: /home/nakarin/.stmcufinder/plugins/mcufinder/ => /home/nakarin/.stmcufinder/plugins/mcufinder
2024-10-28 21:19:42,757 [WARN] DbFile:41 - Overriding database path with different value: /home/nakarin/.stmcufinder/plugins/mcufinder/ => /home/nakarin/.stmcufinder/plugins/mcufinder
2024-10-28 21:19:42,757 [INFO] CrossReferenceDbSqlite:203 - Set database path to: /home/nakarin/.stmcufinder/plugins/mcufinder//mcu/cs/
2024-10-28 21:19:42,813 [INFO] MainPanel:268 - HeapMemory: 268435456
2024-10-28 21:19:42,923 [INFO] DbMcusXml:78 - Set database path to: /opt/st/stm32cubeide_1.16.1/plugins/com.st.stm32cube.common.mx_6.12.1.202409122256//db//mcu/
2024-10-28 21:19:42,923 [INFO] ApiDb:274 - Set plugin database path to: /opt/st/stm32cubeide_1.16.1/plugins/com.st.stm32cube.common.mx_6.12.1.202409122256//db//plugins/boardmanager/
2024-10-28 21:19:42,923 [INFO] ApiDb:261 - Set plugin images path to: /opt/st/stm32cubeide_1.16.1/plugins/com.st.stm32cube.common.mx_6.12.1.202409122256//db//plugins/mcufinder/images/
2024-10-28 21:19:42,923 [WARN] DbFile:41 - Overriding database path with different value: /home/nakarin/.stmcufinder/plugins/mcufinder/ => /home/nakarin/.stmcufinder/plugins/mcufinder
2024-10-28 21:19:42,923 [INFO] ApiDb:250 - Set database path to: /home/nakarin/.stmcufinder/plugins/mcufinder//mcu/
2024-10-28 21:19:42,924 [WARN] DbFile:41 - Overriding database path with different value: /home/nakarin/.stmcufinder/plugins/mcufinder/ => /home/nakarin/.stmcufinder/plugins/mcufinder
2024-10-28 21:19:42,924 [INFO] DbMcusAds:125 - Set database path to: /home/nakarin/.stmcufinder/plugins/mcufinder//mcu/
2024-10-28 21:19:42,924 [WARN] DbFile:41 - Overriding database path with different value: /home/nakarin/.stmcufinder/plugins/mcufinder/ => /home/nakarin/.stmcufinder/plugins/mcufinder
2024-10-28 21:19:42,924 [WARN] DbFile:41 - Overriding database path with different value: /home/nakarin/.stmcufinder/plugins/mcufinder/ => /home/nakarin/.stmcufinder/plugins/mcufinder
2024-10-28 21:19:42,924 [INFO] CrossReferenceDbSqlite:203 - Set database path to: /home/nakarin/.stmcufinder/plugins/mcufinder//mcu/cs/
2024-10-28 21:19:42,940 [INFO] ApplicationProperties:184 - Using Application install path: /opt/st/stm32cubeide_1.16.1/plugins/com.st.stm32cube.common.mx_6.12.1.202409122256
2024-10-28 21:19:42,942 [INFO] PluginManage:196 - Search for loadable plugins [exclusion list=, ]
2024-10-28 21:19:42,943 [INFO] PluginManage:310 - Check plugin analytics
2024-10-28 21:19:43,079 [INFO] AnalyticsPlugin:253 - Accepted Software Licenses: 
2024-10-28 21:19:43,079 [INFO] AnalyticsPlugin:255 - Accepted CMSIS Pack Licenses: 
2024-10-28 21:19:43,079 [INFO] AnalyticsPlugin:257 - Accepted Firmware Licenses: FW.G4.1.6.0
2024-10-28 21:19:43,082 [INFO] PluginManage:359 - Loaded plugin analytics (category:tool,tabindex:-1)
2024-10-28 21:19:43,082 [INFO] PluginManage:310 - Check plugin cadmodel
2024-10-28 21:19:43,088 [INFO] CADModel:105 - Init CAD model plugin
2024-10-28 21:19:43,088 [INFO] PluginManage:359 - Loaded plugin cadmodel (category:power,tabindex:5)
2024-10-28 21:19:43,088 [INFO] PluginManage:310 - Check plugin clock
2024-10-28 21:19:43,099 [INFO] PluginManage:359 - Loaded plugin clock (category:base,tabindex:2)
2024-10-28 21:19:43,099 [INFO] PluginManage:310 - Check plugin ddr
2024-10-28 21:19:43,102 [INFO] PluginManage:359 - Loaded plugin ddr (category:tool,tabindex:6)
2024-10-28 21:19:43,102 [INFO] PluginManage:310 - Check plugin filemanager
2024-10-28 21:19:43,256 [INFO] PluginManage:359 - Loaded plugin filemanager (category:base,tabindex:10)
2024-10-28 21:19:43,256 [INFO] PluginManage:310 - Check plugin ipmanager
2024-10-28 21:19:43,262 [INFO] PluginManage:359 - Loaded plugin ipmanager (category:base,tabindex:5)
2024-10-28 21:19:43,262 [INFO] PluginManage:310 - Check plugin lpbam
2024-10-28 21:19:43,272 [INFO] PluginManage:359 - Loaded plugin lpbam (category:base,tabindex:0)
2024-10-28 21:19:43,272 [INFO] PluginManage:310 - Check plugin memorymap
2024-10-28 21:19:43,285 [INFO] PluginManage:359 - Loaded plugin memorymap (category:base,tabindex:4)
2024-10-28 21:19:43,285 [INFO] PluginManage:310 - Check plugin pinoutandconfiguration
2024-10-28 21:19:43,294 [INFO] PluginManage:359 - Loaded plugin pinoutandconfiguration (category:base,tabindex:1)
2024-10-28 21:19:43,295 [INFO] PluginManage:310 - Check plugin pinoutconfig
2024-10-28 21:19:43,387 [WARN] SupportedApi:132 - Cannot load RTOS API schema: s4s-elt-must-match.1: The content of 'definitions' must match (annotation?, (simpleType | complexType)?, (unique | key | keyref)*)). A problem was found starting at: attribute.
2024-10-28 21:19:43,522 [INFO] PluginManage:359 - Loaded plugin pinoutconfig (category:base,tabindex:0)
2024-10-28 21:19:43,522 [INFO] PluginManage:310 - Check plugin power
2024-10-28 21:19:43,532 [INFO] PluginManage:359 - Loaded plugin power (category:power,tabindex:4)
2024-10-28 21:19:43,533 [INFO] PluginManage:310 - Check plugin projectmanager
2024-10-28 21:19:43,551 [INFO] PluginManage:359 - Loaded plugin projectmanager (category:projectmanager,tabindex:4)
2024-10-28 21:19:43,551 [INFO] PluginManage:310 - Check plugin rif
2024-10-28 21:19:43,557 [INFO] PluginManage:359 - Loaded plugin rif (category:base,tabindex:3)
2024-10-28 21:19:43,557 [INFO] PluginManage:310 - Check plugin thirdparty
2024-10-28 21:19:43,694 [INFO] PluginManage:359 - Loaded plugin thirdparty (category:base,tabindex:-1)
2024-10-28 21:19:43,694 [WARN] IntegrityCheckThread:84 - waiting for thirdparty lock release [integrity check]
2024-10-28 21:19:43,694 [INFO] PluginManage:310 - Check plugin tools
2024-10-28 21:19:43,694 [INFO] IntegrityCheckThread:86 - entering critical section [integrity check]
2024-10-28 21:19:43,695 [INFO] ThirdPartyUpdaterWithRetryManager:70 - Updater plugin not ready yet. [1/15]
2024-10-28 21:19:43,697 [INFO] PluginManage:359 - Loaded plugin tools (category:base,tabindex:7)
2024-10-28 21:19:43,697 [INFO] PluginManage:310 - Check plugin tutovideos
2024-10-28 21:19:43,852 [INFO] PluginManage:359 - Loaded plugin tutovideos (category:base,tabindex:-1)
2024-10-28 21:19:43,852 [INFO] PluginManage:310 - Check plugin updater
2024-10-28 21:19:43,869 [INFO] PluginManage:359 - Loaded plugin updater (category:base,tabindex:12)
2024-10-28 21:19:43,869 [INFO] PluginManage:310 - Check plugin userauth
2024-10-28 21:19:43,874 [INFO] UserAuth:113 - Init User Auth plugin
2024-10-28 21:19:43,874 [INFO] PluginManage:359 - Loaded plugin userauth (category:base,tabindex:14)
2024-10-28 21:19:43,874 [INFO] PluginManage:283 - PluginManage : Loaded plugins [18]
2024-10-28 21:19:44,035 [INFO] PinOutPanel:1561 - setPackage(No Configuration,No Configuration)
2024-10-28 21:19:44,122 [INFO] CADModel:165 - CPN selected for project level
2024-10-28 21:19:44,123 [INFO] CADModel:114 - Register for checkConnection events
2024-10-28 21:19:44,137 [INFO] IPUIPlugin:80 - create IPUIPlugin
2024-10-28 21:19:44,138 [INFO] PluginManager:220 - loadIPPluginJar : add ipddr
2024-10-28 21:19:44,149 [INFO] IPUIPlugin:80 - create IPUIPlugin
2024-10-28 21:19:44,150 [INFO] PluginManager:220 - loadIPPluginJar : add radio
2024-10-28 21:19:44,154 [INFO] IPUIPlugin:80 - create IPUIPlugin
2024-10-28 21:19:44,155 [INFO] PluginManager:220 - loadIPPluginJar : add cryp
2024-10-28 21:19:44,158 [INFO] IPUIPlugin:80 - create IPUIPlugin
2024-10-28 21:19:44,158 [INFO] PluginManager:220 - loadIPPluginJar : add usbx
2024-10-28 21:19:44,160 [INFO] IPUIPlugin:80 - create IPUIPlugin
2024-10-28 21:19:44,160 [INFO] PluginManager:220 - loadIPPluginJar : add tim
2024-10-28 21:19:44,162 [INFO] IPUIPlugin:80 - create IPUIPlugin
2024-10-28 21:19:44,162 [INFO] PluginManager:220 - loadIPPluginJar : add comp
2024-10-28 21:19:44,166 [INFO] IPUIPlugin:80 - create IPUIPlugin
2024-10-28 21:19:44,167 [INFO] PluginManager:220 - loadIPPluginJar : add i2s
2024-10-28 21:19:44,173 [INFO] IPUIPlugin:80 - create IPUIPlugin
2024-10-28 21:19:44,173 [INFO] PluginManager:220 - loadIPPluginJar : add nvic
2024-10-28 21:19:44,175 [INFO] IPUIPlugin:80 - create IPUIPlugin
2024-10-28 21:19:44,175 [INFO] PluginManager:220 - loadIPPluginJar : add genericplugin
2024-10-28 21:19:44,178 [INFO] IPUIPlugin:80 - create IPUIPlugin
2024-10-28 21:19:44,179 [INFO] PluginManager:220 - loadIPPluginJar : add sai
2024-10-28 21:19:44,183 [INFO] IPUIPlugin:80 - create IPUIPlugin
2024-10-28 21:19:44,183 [INFO] PluginManager:220 - loadIPPluginJar : add dma3
2024-10-28 21:19:44,185 [INFO] IPUIPlugin:80 - create IPUIPlugin
2024-10-28 21:19:44,185 [INFO] PluginManager:220 - loadIPPluginJar : add extmemmanager
2024-10-28 21:19:44,187 [INFO] IPUIPlugin:80 - create IPUIPlugin
2024-10-28 21:19:44,187 [INFO] PluginManager:220 - loadIPPluginJar : add can
2024-10-28 21:19:44,189 [INFO] IPUIPlugin:80 - create IPUIPlugin
2024-10-28 21:19:44,189 [INFO] PluginManager:220 - loadIPPluginJar : add quadspi
2024-10-28 21:19:44,191 [INFO] IPUIPlugin:80 - create IPUIPlugin
2024-10-28 21:19:44,191 [INFO] PluginManager:220 - loadIPPluginJar : add tsc
2024-10-28 21:19:44,194 [INFO] IPUIPlugin:80 - create IPUIPlugin
2024-10-28 21:19:44,194 [INFO] PluginManager:220 - loadIPPluginJar : add gtzc
2024-10-28 21:19:44,196 [INFO] IPUIPlugin:80 - create IPUIPlugin
2024-10-28 21:19:44,196 [INFO] PluginManager:220 - loadIPPluginJar : add openamp
2024-10-28 21:19:44,203 [INFO] IPUIPlugin:80 - create IPUIPlugin
2024-10-28 21:19:44,205 [INFO] PluginManager:220 - loadIPPluginJar : add plateformsettings
2024-10-28 21:19:44,211 [INFO] IPUIPlugin:80 - create IPUIPlugin
2024-10-28 21:19:44,211 [INFO] PluginManager:220 - loadIPPluginJar : add linkedlist
2024-10-28 21:19:44,217 [INFO] IPUIPlugin:80 - create IPUIPlugin
2024-10-28 21:19:44,218 [INFO] PluginManager:220 - loadIPPluginJar : add stm32_wpan
2024-10-28 21:19:44,222 [INFO] IPUIPlugin:80 - create IPUIPlugin
2024-10-28 21:19:44,223 [INFO] PluginManager:220 - loadIPPluginJar : add adc
2024-10-28 21:19:44,227 [INFO] IPUIPlugin:80 - create IPUIPlugin
2024-10-28 21:19:44,227 [INFO] PluginManager:220 - loadIPPluginJar : add gic
2024-10-28 21:19:44,229 [INFO] IPUIPlugin:80 - create IPUIPlugin
2024-10-28 21:19:44,229 [INFO] PluginManager:220 - loadIPPluginJar : add ucpd
2024-10-28 21:19:44,231 [INFO] IPUIPlugin:80 - create IPUIPlugin
2024-10-28 21:19:44,231 [INFO] PluginManager:220 - loadIPPluginJar : add usart
2024-10-28 21:19:44,236 [INFO] IPUIPlugin:80 - create IPUIPlugin
2024-10-28 21:19:44,236 [INFO] PluginManager:220 - loadIPPluginJar : add mdma
2024-10-28 21:19:44,238 [INFO] IPUIPlugin:80 - create IPUIPlugin
2024-10-28 21:19:44,238 [INFO] PluginManager:220 - loadIPPluginJar : add spi
2024-10-28 21:19:44,239 [INFO] IPUIPlugin:80 - create IPUIPlugin
2024-10-28 21:19:44,239 [INFO] PluginManager:220 - loadIPPluginJar : add ltdc
2024-10-28 21:19:44,241 [INFO] IPUIPlugin:80 - create IPUIPlugin
2024-10-28 21:19:44,241 [INFO] PluginManager:220 - loadIPPluginJar : add gfxmmu
2024-10-28 21:19:44,244 [INFO] IPUIPlugin:80 - create IPUIPlugin
2024-10-28 21:19:44,245 [INFO] PluginManager:220 - loadIPPluginJar : add resmgrutility
2024-10-28 21:19:44,247 [INFO] IPUIPlugin:80 - create IPUIPlugin
2024-10-28 21:19:44,247 [INFO] PluginManager:220 - loadIPPluginJar : add aes
2024-10-28 21:19:44,249 [INFO] IPUIPlugin:80 - create IPUIPlugin
2024-10-28 21:19:44,249 [INFO] PluginManager:220 - loadIPPluginJar : add opamp
2024-10-28 21:19:44,251 [INFO] IPUIPlugin:80 - create IPUIPlugin
2024-10-28 21:19:44,252 [INFO] PluginManager:220 - loadIPPluginJar : add lorawan
2024-10-28 21:19:44,254 [INFO] IPUIPlugin:80 - create IPUIPlugin
2024-10-28 21:19:44,254 [INFO] PluginManager:220 - loadIPPluginJar : add i2c
2024-10-28 21:19:44,256 [INFO] IPUIPlugin:80 - create IPUIPlugin
2024-10-28 21:19:44,256 [INFO] PluginManager:220 - loadIPPluginJar : add i3c
2024-10-28 21:19:44,259 [INFO] IPUIPlugin:80 - create IPUIPlugin
2024-10-28 21:19:44,260 [INFO] PluginManager:220 - loadIPPluginJar : add fmc
2024-10-28 21:19:44,261 [INFO] IPUIPlugin:80 - create IPUIPlugin
2024-10-28 21:19:44,262 [INFO] PluginManager:220 - loadIPPluginJar : add hash
2024-10-28 21:19:44,265 [INFO] IPUIPlugin:80 - create IPUIPlugin
2024-10-28 21:19:44,265 [INFO] PluginManager:220 - loadIPPluginJar : add gpio
2024-10-28 21:19:44,268 [INFO] IPUIPlugin:80 - create IPUIPlugin
2024-10-28 21:19:44,269 [INFO] PluginManager:220 - loadIPPluginJar : add ddr_ctrl_phy
2024-10-28 21:19:44,274 [INFO] IPUIPlugin:80 - create IPUIPlugin
2024-10-28 21:19:44,274 [INFO] PluginManager:220 - loadIPPluginJar : add dma
2024-10-28 21:19:44,276 [INFO] IPUIPlugin:80 - create IPUIPlugin
2024-10-28 21:19:44,277 [INFO] PluginManager:220 - loadIPPluginJar : add pdm2pcm
2024-10-28 21:19:44,278 [INFO] IPUIPlugin:80 - create IPUIPlugin
2024-10-28 21:19:44,278 [INFO] PluginManager:220 - loadIPPluginJar : add tracer_emb
2024-10-28 21:19:44,279 [INFO] IPUIPlugin:80 - create IPUIPlugin
2024-10-28 21:19:44,280 [INFO] PluginManager:220 - loadIPPluginJar : add ts
2024-10-28 21:19:44,282 [INFO] IPUIPlugin:80 - create IPUIPlugin
2024-10-28 21:19:44,282 [INFO] PluginManager:220 - loadIPPluginJar : add dfsdm
2024-10-28 21:19:44,286 [INFO] IPUIPlugin:80 - create IPUIPlugin
2024-10-28 21:19:44,287 [INFO] PluginManager:220 - loadIPPluginJar : add freertos
2024-10-28 21:19:44,288 [INFO] IPUIPlugin:80 - create IPUIPlugin
2024-10-28 21:19:44,288 [INFO] PluginManager:220 - loadIPPluginJar : add fatfs
2024-10-28 21:19:44,292 [INFO] IPUIPlugin:80 - create IPUIPlugin
2024-10-28 21:19:44,292 [INFO] PluginManager:220 - loadIPPluginJar : add touchsensing
2024-10-28 21:19:44,390 [INFO] CADModel:165 - CPN selected for project level
2024-10-28 21:19:44,390 [INFO] CADModel:114 - Register for checkConnection events
2024-10-28 21:19:44,391 [FATAL] Updater:334 - Updater called before beeing initialized
2024-10-28 21:19:44,391 [ERROR] CADModel:125 - Updater not yet initialized, retry later 
2024-10-28 21:19:44,524 [INFO] CADModel:165 - CPN selected for project level
2024-10-28 21:19:44,524 [INFO] CADModel:114 - Register for checkConnection events
2024-10-28 21:19:44,524 [FATAL] Updater:334 - Updater called before beeing initialized
2024-10-28 21:19:44,524 [ERROR] CADModel:125 - Updater not yet initialized, retry later 
2024-10-28 21:19:44,532 [FATAL] Updater:334 - Updater called before beeing initialized
2024-10-28 21:19:44,600 [FATAL] Updater:334 - Updater called before beeing initialized
2024-10-28 21:19:44,604 [INFO] DbMcusAds:53 - JSON generation date=Fri Sep 20 20:04:38 ICT 2024 (1726837478367)
2024-10-28 21:19:44,604 [FATAL] Updater:334 - Updater called before beeing initialized
2024-10-28 21:19:44,637 [WARN] DetailPanel:346 - Failed to get advertising image, set to default
2024-10-28 21:19:44,706 [FATAL] Updater:334 - Updater called before beeing initialized
2024-10-28 21:19:44,708 [FATAL] Updater:334 - Updater called before beeing initialized
2024-10-28 21:19:44,708 [FATAL] Updater:334 - Updater called before beeing initialized
2024-10-28 21:19:44,708 [WARN] DetailPanel:346 - Failed to get advertising image, set to default
2024-10-28 21:19:44,709 [FATAL] Updater:334 - Updater called before beeing initialized
2024-10-28 21:19:44,735 [ERROR] Updater:1164 - MainUpdater not yet initialized. External WinMGr cannot be set.
2024-10-28 21:19:44,736 [INFO] Updater:1100 - Updater Version found : 6.12.1
2024-10-28 21:19:44,751 [INFO] ApplicationProperties:184 - Using Application install path: /opt/st/stm32cubeide_1.16.1/plugins/com.st.stm32cube.common.mx_6.12.1.202409122256
2024-10-28 21:19:45,322 [INFO] MainUpdater:2873 - connection check result : 10
2024-10-28 21:19:45,324 [INFO] MainUpdater:290 - Updater Check For Update Now.
2024-10-28 21:19:45,325 [INFO] MicroXplorer:498 - Change Database Version : DB.6.0.121
2024-10-28 21:19:45,336 [INFO] McuFinderGlobals:63 - Set McuFinder mode to 2 (CubeIDE integrated)
2024-10-28 21:19:45,337 [INFO] UserAuth:417 - Internet connection configuration mode: 1
2024-10-28 21:19:45,366 [INFO] JxBrowserEngine:152 - Initiate JxBrowser Engine with user profile folder
2024-10-28 21:19:45,581 [INFO] CheckServerUpdateThread:120 - End of CheckServer Thread
2024-10-28 21:19:46,193 [INFO] WebApp:167 - Instantiating new browser for Auth
2024-10-28 21:19:46,831 [WARN] PackLoader:240 - Cannot read IP mode file for STMicroelectronics.FP-SNS-MOTENVWB1.1.4.0
2024-10-28 21:19:46,841 [WARN] PackLoader:240 - Cannot read IP mode file for STMicroelectronics.X-CUBE-SMBUS.2.1.0
2024-10-28 21:19:46,850 [WARN] PackLoader:240 - Cannot read IP mode file for STMicroelectronics.X-CUBE-WB05N.1.1.0
2024-10-28 21:19:46,884 [WARN] PackLoader:240 - Cannot read IP mode file for STMicroelectronics.X-CUBE-AZRTOS-F7.1.1.0
2024-10-28 21:19:46,984 [WARN] PackLoader:240 - Cannot read IP mode file for STMicroelectronics.X-CUBE-MEMS1.11.0.0
2024-10-28 21:19:47,055 [INFO] WebApp:448 - Apply proxy settings
2024-10-28 21:19:47,055 [INFO] WebApp:533 - Chromium requires no authentication
2024-10-28 21:19:47,071 [INFO] WebApp:476 - Direct internet connection detected
2024-10-28 21:19:47,103 [INFO] WebApp:869 - Register for checkConnection events
2024-10-28 21:19:47,104 [INFO] WebApp:448 - Apply proxy settings
2024-10-28 21:19:47,104 [INFO] WebApp:533 - Chromium requires no authentication
2024-10-28 21:19:47,107 [INFO] WebApp:476 - Direct internet connection detected
2024-10-28 21:19:47,264 [WARN] PackLoader:240 - Cannot read IP mode file for STMicroelectronics.FP-SNS-FLIGHT1.5.0.2
2024-10-28 21:19:47,273 [WARN] PackLoader:240 - Cannot read IP mode file for STMicroelectronics.X-CUBE-DISPLAY.3.0.0
2024-10-28 21:19:47,284 [WARN] PackLoader:240 - Cannot read IP mode file for STMicroelectronics.X-CUBE-BLE1.7.0.0
2024-10-28 21:19:47,294 [WARN] PackLoader:240 - Cannot read IP mode file for STMicroelectronics.X-CUBE-NFC10.1.0.0
2024-10-28 21:19:47,311 [WARN] PackLoader:240 - Cannot read IP mode file for emotas.I-CUBE-CANOPEN.1.3.0
2024-10-28 21:19:47,330 [WARN] PackLoader:240 - Cannot read IP mode file for STMicroelectronics.X-CUBE-BLEMGR.3.1.0
2024-10-28 21:19:47,334 [INFO] WebApp:186 - Connection restablished
2024-10-28 21:19:47,341 [WARN] PackLoader:240 - Cannot read IP mode file for STMicroelectronics.FP-SNS-SMARTAG2.1.2.0
2024-10-28 21:19:47,356 [INFO] LogOutputStream:77 - [STDOUT_REDIRECT] 1 : Invalid condition id : UX_CORESTACK_Condition cause : null
2024-10-28 21:19:47,357 [INFO] LogOutputStream:77 - [STDOUT_REDIRECT] 1 : Invalid condition id : UX_CORESTACK_Condition cause : null
2024-10-28 21:19:47,357 [INFO] LogOutputStream:77 - [STDOUT_REDIRECT] 1 : Invalid condition id : UX_CORESTACK_Condition cause : null
2024-10-28 21:19:47,357 [INFO] LogOutputStream:77 - [STDOUT_REDIRECT] 1 : Invalid condition id : UX_CORESTACK_Condition cause : null
2024-10-28 21:19:47,358 [INFO] LogOutputStream:77 - [STDOUT_REDIRECT] 1 : Invalid condition id : UX_CORESTACK_Condition cause : null
2024-10-28 21:19:47,362 [WARN] PackLoader:240 - Cannot read IP mode file for STMicroelectronics.X-CUBE-AZRTOS-WL.2.0.0
2024-10-28 21:19:47,369 [WARN] PackLoader:240 - Cannot read IP mode file for STMicroelectronics.FP-SNS-MOTENV1.5.0.0
2024-10-28 21:19:47,374 [WARN] PackLoader:240 - Cannot read IP mode file for wolfSSL.I-CUBE-wolfMQTT.1.19.0
2024-10-28 21:19:47,374 [INFO] WebApp:220 - Starting web application
2024-10-28 21:19:47,375 [INFO] WebApp:578 - Web application path used /opt/st/stm32cubeide_1.16.1/plugins/com.st.stm32cube.common.mx_6.12.1.202409122256/db/plugins/mcufinder/reactClient1/index.html
2024-10-28 21:19:47,383 [WARN] PackLoader:240 - Cannot read IP mode file for WES.I-CUBE-Cesium.1.3.0
2024-10-28 21:19:47,388 [WARN] PackLoader:240 - Cannot read IP mode file for STMicroelectronics.X-CUBE-BLE2.3.3.0
2024-10-28 21:19:47,396 [WARN] PackLoader:240 - Cannot read IP mode file for STMicroelectronics.X-CUBE-NFC9.1.0.0
2024-10-28 21:19:47,409 [WARN] PackLoader:240 - Cannot read IP mode file for STMicroelectronics.X-CUBE-TCPP.4.1.0
2024-10-28 21:19:47,436 [WARN] PackLoader:240 - Cannot read IP mode file for STMicroelectronics.X-CUBE-AZRTOS-G0.1.1.0
2024-10-28 21:19:47,445 [WARN] PackLoader:240 - Cannot read IP mode file for STMicroelectronics.X-CUBE-SAFEA1.1.2.2
2024-10-28 21:19:47,453 [WARN] PackLoader:240 - Cannot read IP mode file for STMicroelectronics.X-CUBE-NFC4.3.0.0
2024-10-28 21:19:47,462 [WARN] PackLoader:240 - Cannot read IP mode file for EmbeddedOffice.I-CUBE-FS-RTOS.1.0.1
2024-10-28 21:19:47,463 [ERROR] ConditionMgr:805 - Attr not supported : Dmpu
2024-10-28 21:19:47,463 [ERROR] ConditionMgr:805 - Attr not supported : Dmpu
2024-10-28 21:19:47,463 [ERROR] ConditionMgr:805 - Attr not supported : Dmpu
2024-10-28 21:19:47,463 [ERROR] ConditionMgr:805 - Attr not supported : Dmpu
2024-10-28 21:19:47,463 [ERROR] ConditionMgr:805 - Attr not supported : Dmpu
2024-10-28 21:19:47,463 [ERROR] ConditionMgr:805 - Attr not supported : Dmpu
2024-10-28 21:19:47,463 [ERROR] ConditionMgr:805 - Attr not supported : Dmpu
2024-10-28 21:19:47,463 [ERROR] ConditionMgr:805 - Attr not supported : Dmpu
2024-10-28 21:19:47,464 [ERROR] ConditionMgr:805 - Attr not supported : Dmpu
2024-10-28 21:19:47,464 [ERROR] ConditionMgr:805 - Attr not supported : Dmpu
2024-10-28 21:19:47,464 [ERROR] ConditionMgr:805 - Attr not supported : Dmpu
2024-10-28 21:19:47,464 [ERROR] ConditionMgr:805 - Attr not supported : Dmpu
2024-10-28 21:19:47,464 [ERROR] ConditionMgr:805 - Attr not supported : Dmpu
2024-10-28 21:19:47,465 [ERROR] ConditionMgr:805 - Attr not supported : Dmpu
2024-10-28 21:19:47,465 [ERROR] ConditionMgr:805 - Attr not supported : Dmpu
2024-10-28 21:19:47,465 [ERROR] ConditionMgr:805 - Attr not supported : Dmpu
2024-10-28 21:19:47,465 [ERROR] ConditionMgr:805 - Attr not supported : Dmpu
2024-10-28 21:19:47,465 [ERROR] ConditionMgr:805 - Attr not supported : Dmpu
2024-10-28 21:19:47,466 [ERROR] ConditionMgr:805 - Attr not supported : Dmpu
2024-10-28 21:19:47,466 [ERROR] ConditionMgr:805 - Attr not supported : Dmpu
2024-10-28 21:19:47,466 [ERROR] ConditionMgr:805 - Attr not supported : Dmpu
2024-10-28 21:19:47,466 [ERROR] ConditionMgr:805 - Attr not supported : Dmpu
2024-10-28 21:19:47,466 [ERROR] ConditionMgr:805 - Attr not supported : Dmpu
2024-10-28 21:19:47,466 [ERROR] ConditionMgr:805 - Attr not supported : Dmpu
2024-10-28 21:19:47,466 [ERROR] ConditionMgr:805 - Attr not supported : Dmpu
2024-10-28 21:19:47,466 [ERROR] ConditionMgr:805 - Attr not supported : Dmpu
2024-10-28 21:19:47,466 [ERROR] ConditionMgr:805 - Attr not supported : Dmpu
2024-10-28 21:19:47,467 [ERROR] ConditionMgr:805 - Attr not supported : Dmpu
2024-10-28 21:19:47,467 [ERROR] ConditionMgr:805 - Attr not supported : Dmpu
2024-10-28 21:19:47,467 [ERROR] ConditionMgr:805 - Attr not supported : Dmpu
2024-10-28 21:19:47,467 [ERROR] ConditionMgr:805 - Attr not supported : Dmpu
2024-10-28 21:19:47,467 [ERROR] ConditionMgr:805 - Attr not supported : Dmpu
2024-10-28 21:19:47,467 [ERROR] ConditionMgr:805 - Attr not supported : Dmpu
2024-10-28 21:19:47,467 [ERROR] ConditionMgr:805 - Attr not supported : Dmpu
2024-10-28 21:19:47,467 [ERROR] ConditionMgr:805 - Attr not supported : Dmpu
2024-10-28 21:19:47,467 [ERROR] ConditionMgr:805 - Attr not supported : Dmpu
2024-10-28 21:19:47,467 [ERROR] ConditionMgr:805 - Attr not supported : Dmpu
2024-10-28 21:19:47,467 [ERROR] ConditionMgr:805 - Attr not supported : Dmpu
2024-10-28 21:19:47,467 [ERROR] ConditionMgr:805 - Attr not supported : Dmpu
2024-10-28 21:19:47,467 [ERROR] ConditionMgr:805 - Attr not supported : Dmpu
2024-10-28 21:19:47,467 [ERROR] ConditionMgr:805 - Attr not supported : Dmpu
2024-10-28 21:19:47,468 [ERROR] ConditionMgr:805 - Attr not supported : Dmpu
2024-10-28 21:19:47,468 [ERROR] ConditionMgr:805 - Attr not supported : Dmpu
2024-10-28 21:19:47,468 [ERROR] ConditionMgr:805 - Attr not supported : Dmpu
2024-10-28 21:19:47,468 [ERROR] ConditionMgr:805 - Attr not supported : Dmpu
2024-10-28 21:19:47,468 [ERROR] ConditionMgr:805 - Attr not supported : Dmpu
2024-10-28 21:19:47,468 [ERROR] ConditionMgr:805 - Attr not supported : Dmpu
2024-10-28 21:19:47,468 [ERROR] ConditionMgr:805 - Attr not supported : Dmpu
2024-10-28 21:19:47,468 [ERROR] ConditionMgr:805 - Attr not supported : Dmpu
2024-10-28 21:19:47,468 [ERROR] ConditionMgr:805 - Attr not supported : Dmpu
2024-10-28 21:19:47,468 [ERROR] ConditionMgr:805 - Attr not supported : Dmpu
2024-10-28 21:19:47,468 [ERROR] ConditionMgr:805 - Attr not supported : Dmpu
2024-10-28 21:19:47,469 [ERROR] ConditionMgr:805 - Attr not supported : Dmpu
2024-10-28 21:19:47,469 [ERROR] ConditionMgr:805 - Attr not supported : Dmpu
2024-10-28 21:19:47,469 [ERROR] ConditionMgr:805 - Attr not supported : Dmpu
2024-10-28 21:19:47,469 [ERROR] ConditionMgr:805 - Attr not supported : Dmpu
2024-10-28 21:19:47,469 [ERROR] ConditionMgr:805 - Attr not supported : Dmpu
2024-10-28 21:19:47,469 [ERROR] ConditionMgr:805 - Attr not supported : Dmpu
2024-10-28 21:19:47,469 [ERROR] ConditionMgr:805 - Attr not supported : Dmpu
2024-10-28 21:19:47,469 [ERROR] ConditionMgr:805 - Attr not supported : Dmpu
2024-10-28 21:19:47,469 [ERROR] ConditionMgr:805 - Attr not supported : Dmpu
2024-10-28 21:19:47,469 [ERROR] ConditionMgr:805 - Attr not supported : Dmpu
2024-10-28 21:19:47,469 [ERROR] ConditionMgr:805 - Attr not supported : Dmpu
2024-10-28 21:19:47,469 [ERROR] ConditionMgr:805 - Attr not supported : Dmpu
2024-10-28 21:19:47,473 [WARN] PackLoader:240 - Cannot read IP mode file for RealThread.X-CUBE-RT-Thread_Nano.4.1.1
2024-10-28 21:19:47,476 [WARN] PackLoader:240 - Cannot read IP mode file for STMicroelectronics.FP-ATR-SIGFOX1.3.2.0
2024-10-28 21:19:47,480 [WARN] PackLoader:240 - Cannot read IP mode file for wolfSSL.I-CUBE-wolfSSL.5.7.2
2024-10-28 21:19:47,485 [WARN] PackLoader:240 - Cannot read IP mode file for STMicroelectronics.X-CUBE-EEPRMA1.5.1.0
2024-10-28 21:19:47,492 [WARN] PackLoader:240 - Cannot read IP mode file for ITTIA_DB.I-CUBE-ITTIADB.8.9.0
2024-10-28 21:19:47,531 [WARN] PackLoader:240 - Cannot read IP mode file for SEGGER.I-CUBE-embOS.1.3.1
2024-10-28 21:19:47,538 [INFO] UserAuth:417 - Internet connection configuration mode: 1
2024-10-28 21:19:47,614 [WARN] PackLoader:240 - Cannot read IP mode file for STMicroelectronics.X-CUBE-ALGOBUILD.1.4.0
2024-10-28 21:19:47,619 [WARN] PackLoader:240 - Cannot read IP mode file for STMicroelectronics.X-CUBE-AI.9.1.0
2024-10-28 21:19:47,654 [WARN] PackLoader:240 - Cannot read IP mode file for STMicroelectronics.X-CUBE-AZRTOS-F4.1.1.0
2024-10-28 21:19:47,662 [WARN] PackLoader:240 - Cannot read IP mode file for STMicroelectronics.X-CUBE-ISPU.2.1.0
2024-10-28 21:19:47,668 [WARN] PackLoader:240 - Cannot read IP mode file for STMicroelectronics.X-CUBE-FREERTOS.1.2.0
2024-10-28 21:19:47,699 [WARN] PackLoader:240 - Cannot read IP mode file for STMicroelectronics.X-CUBE-AZRTOS-L5.2.0.0
2024-10-28 21:19:47,715 [WARN] PackLoader:240 - Cannot read IP mode file for STMicroelectronics.X-CUBE-NFC6.3.1.0
2024-10-28 21:19:47,728 [WARN] PackLoader:240 - Cannot read IP mode file for STMicroelectronics.X-CUBE-DPower.1.2.0
2024-10-28 21:19:47,737 [WARN] PackLoader:240 - Cannot read IP mode file for STMicroelectronics.X-CUBE-NFC7.1.0.1
2024-10-28 21:19:47,767 [WARN] ConditionMgr:438 - getConditionDescription Invalid condition id : LAN8742 Phy interface Condition cause : null
2024-10-28 21:19:47,768 [WARN] PackLoader:240 - Cannot read IP mode file for STMicroelectronics.X-CUBE-AZRTOS-L4.2.0.0
2024-10-28 21:19:47,770 [WARN] ConditionMgr:1039 - genDependencies : Invalid condition id : LAN8742 Phy interface Condition cause : null
2024-10-28 21:19:47,771 [WARN] ConditionMgr:1039 - genDependencies : Invalid condition id : LAN8742 Phy interface Condition cause : null
2024-10-28 21:19:47,773 [WARN] ConditionMgr:1039 - genDependencies : Invalid condition id : LAN8742 Phy interface Condition cause : null
2024-10-28 21:19:47,790 [WARN] PackLoader:240 - Cannot read IP mode file for STMicroelectronics.X-CUBE-SFXS2LP1.4.0.0
2024-10-28 21:19:47,835 [WARN] PackLoader:240 - Cannot read IP mode file for STMicroelectronics.X-CUBE-AZRTOS-H7.3.3.0
2024-10-28 21:19:47,863 [WARN] PackLoader:240 - Cannot read IP mode file for STMicroelectronics.X-CUBE-IPS.3.0.0
2024-10-28 21:19:47,886 [WARN] ConditionMgr:438 - getConditionDescription Invalid condition id : UX DEVICE CLASS RTOS Condition cause : null
2024-10-28 21:19:47,887 [WARN] ConditionMgr:438 - getConditionDescription Invalid condition id : UX DEVICE CLASS RTOS Condition cause : null
2024-10-28 21:19:47,890 [WARN] PackLoader:240 - Cannot read IP mode file for STMicroelectronics.X-CUBE-AZRTOS-WB.2.0.0
2024-10-28 21:19:47,891 [WARN] ConditionMgr:1039 - genDependencies : Invalid condition id : UX DEVICE CLASS RTOS Condition cause : null
2024-10-28 21:19:47,891 [WARN] ConditionMgr:1039 - genDependencies : Invalid condition id : UX DEVICE CLASS RTOS Condition cause : null
2024-10-28 21:19:47,891 [WARN] ConditionMgr:1039 - genDependencies : Invalid condition id : UX DEVICE CLASS RTOS Condition cause : null
2024-10-28 21:19:47,892 [WARN] ConditionMgr:1039 - genDependencies : Invalid condition id : UX DEVICE CLASS RTOS Condition cause : null
2024-10-28 21:19:47,892 [WARN] ConditionMgr:1039 - genDependencies : Invalid condition id : UX DEVICE CLASS RTOS Condition cause : null
2024-10-28 21:19:47,899 [WARN] PackLoader:240 - Cannot read IP mode file for STMicroelectronics.X-CUBE-GNSS1.7.0.0
2024-10-28 21:19:47,906 [WARN] PackLoader:240 - Cannot read IP mode file for STMicroelectronics.FP-SNS-STBOX1.2.0.0
2024-10-28 21:19:47,918 [WARN] PackLoader:240 - Cannot read IP mode file for STMicroelectronics.X-CUBE-SUBG2.5.0.0
2024-10-28 21:19:47,927 [WARN] PackLoader:240 - Cannot read IP mode file for Cesanta.I-CUBE-Mongoose.7.13.0
2024-10-28 21:19:47,945 [WARN] PackLoader:240 - Cannot read IP mode file for STMicroelectronics.X-CUBE-AZRTOS-G4.2.0.0
2024-10-28 21:19:47,952 [WARN] PackLoader:240 - Cannot read IP mode file for STMicroelectronics.X-CUBE-ALS.1.0.2
2024-10-28 21:19:47,963 [WARN] PackLoader:240 - Cannot read IP mode file for STMicroelectronics.X-CUBE-TOUCHGFX.4.24.1
2024-10-28 21:19:47,966 [WARN] PackLoader:240 - Cannot read IP mode file for wolfSSL.I-CUBE-wolfTPM.3.4.0
2024-10-28 21:19:47,969 [WARN] PackLoader:240 - Cannot read IP mode file for portGmbH.I-Cube-SoM-uGOAL.1.1.0
2024-10-28 21:19:47,989 [WARN] PackLoader:240 - Cannot read IP mode file for STMicroelectronics.X-CUBE-AZRTOS-H7RS.1.0.0
2024-10-28 21:19:48,014 [WARN] PackLoader:240 - Cannot read IP mode file for STMicroelectronics.FP-ATR-ASTRA1.2.0.0
2024-10-28 21:19:48,033 [WARN] PackLoader:240 - Cannot read IP mode file for STMicroelectronics.X-CUBE-TOF1.3.4.2
2024-10-28 21:19:48,091 [WARN] PackLoader:240 - Cannot read IP mode file for Infineon.AIROC-Wi-Fi-Bluetooth-STM32.1.6.1
2024-10-28 21:19:48,101 [WARN] PackLoader:240 - Cannot read IP mode file for wolfSSL.I-CUBE-wolfSSH.1.4.17
2024-10-28 21:19:48,102 [INFO] ThirdParty:978 - Integrity check success = true
2024-10-28 21:19:48,102 [INFO] IntegrityCheckThread:100 - exiting critical section [integrity check]
2024-10-28 21:19:48,102 [INFO] IntegrityCheckThread:103 - End integrity checks thread
2024-10-28 21:25:53,774 [INFO] WebApp:189 - Connection lost
2024-10-28 21:25:53,946 [INFO] WebApp:186 - Connection restablished
2024-10-28 21:26:37,988 [INFO] WebApp:189 - Connection lost
2024-10-28 21:26:38,117 [INFO] WebApp:186 - Connection restablished
2024-10-28 21:27:36,748 [INFO] McuFinderGlobals:63 - Set McuFinder mode to 2 (CubeIDE integrated)
2024-10-28 21:27:36,751 [INFO] MainUpdater:2873 - connection check result : 10
2024-10-28 21:27:36,751 [INFO] MainUpdater:2873 - connection check result : 10
2024-10-28 21:27:36,802 [INFO] RulesReader:64 - Compatibility file has been processed (297 Rules)
2024-10-28 21:27:36,814 [INFO] RulesReader:64 - Compatibility file has been processed (297 Rules)
2024-10-28 21:27:36,819 [INFO] MicroXplorer:468 - Change Database Path : 
2024-10-28 21:27:36,820 [INFO] MicroXplorer:498 - Change Database Version : DB.6.0.121
2024-10-28 21:27:36,826 [WARN] ThirdParty:871 - waiting for thirdparty lock release [close project]
2024-10-28 21:27:36,826 [INFO] ThirdParty:873 - entering critical section [close project]
2024-10-28 21:27:36,828 [INFO] ThirdParty:883 - exiting critical section [close project]
2024-10-28 21:27:36,831 [INFO] PinOutPanel:1561 - setPackage(No Configuration,No Configuration)
2024-10-28 21:27:36,836 [INFO] UtilMem:75 - Begin LoadConfig() Used Memory: 856394256 Bytes (1073741824)
2024-10-28 21:27:36,838 [INFO] MicroXplorer:468 - Change Database Path : 
2024-10-28 21:27:36,838 [INFO] MicroXplorer:498 - Change Database Version : DB.6.0.121
2024-10-28 21:27:36,838 [INFO] OpenFileManager:332 - Change cursor
2024-10-28 21:27:36,872 [INFO] Mcu:2032 - Initializing MCU STM32G474R(B-C-E)Tx STM32G474RETx STM32G474RET6
2024-10-28 21:27:42,130 [INFO] Context:742 - Trying to add GPIOservice into a context  which must be forbidden
2024-10-28 21:27:45,045 [INFO] ApiDbMcu:508 - Load IP Config File for NUCLEO-G474RE
2024-10-28 21:27:45,534 [INFO] RtosManager:555 - Registered RTOS mode: class=CMSIS, group=RTOS, mode=CMSIS_V1, owner=FREERTOS
2024-10-28 21:27:45,535 [INFO] RtosManager:555 - Registered RTOS mode: class=CMSIS, group=RTOS2, mode=CMSIS_V2, owner=FREERTOS
2024-10-28 21:27:45,545 [INFO] RtosManager:555 - Registered RTOS mode: class=RTOS, group=Core, mode=CMSIS_V1, owner=FREERTOS
2024-10-28 21:27:45,545 [INFO] RtosManager:555 - Registered RTOS mode: class=RTOS, group=Core, mode=CMSIS_V2, owner=FREERTOS
2024-10-28 21:27:45,545 [WARN] ModelIntegratedComponent:184 - Missing modes for component STMicroelectronics:FreeRTOS:0.0.1:STMicroelectronics:RTOS:FreeRTOS:Core:::10.2.0:
2024-10-28 21:27:45,559 [WARN] ModelIntegratedComponent:63 - No mode defined for component null
2024-10-28 21:27:45,559 [WARN] ModelIntegratedComponent:63 - No mode defined for component null
2024-10-28 21:27:45,559 [WARN] ModelIntegratedComponent:63 - No mode defined for component null
2024-10-28 21:27:45,559 [WARN] ModelIntegratedComponent:63 - No mode defined for component null
2024-10-28 21:27:45,559 [WARN] ModelIntegratedComponent:63 - No mode defined for component null
2024-10-28 21:27:45,560 [WARN] ModelIntegratedComponent:63 - No mode defined for component null
2024-10-28 21:27:45,560 [WARN] ModelIntegratedComponent:63 - No mode defined for component null
2024-10-28 21:27:45,560 [WARN] ModelIntegratedComponent:63 - No mode defined for component null
2024-10-28 21:27:45,560 [WARN] ModelIntegratedComponent:63 - No mode defined for component null
2024-10-28 21:27:45,560 [WARN] ModelIntegratedComponent:63 - No mode defined for component null
2024-10-28 21:27:45,560 [WARN] ModelIntegratedComponent:63 - No mode defined for component null
2024-10-28 21:27:45,560 [WARN] ModelIntegratedComponent:63 - No mode defined for component null
2024-10-28 21:27:45,560 [WARN] ModelIntegratedComponent:63 - No mode defined for component null
2024-10-28 21:27:45,560 [WARN] ModelIntegratedComponent:63 - No mode defined for component null
2024-10-28 21:27:45,561 [WARN] ModelIntegratedComponent:63 - No mode defined for component null
2024-10-28 21:27:45,561 [WARN] ModelIntegratedComponent:63 - No mode defined for component null
2024-10-28 21:27:45,561 [WARN] ModelIntegratedComponent:63 - No mode defined for component null
2024-10-28 21:27:45,561 [WARN] ModelIntegratedComponent:63 - No mode defined for component null
2024-10-28 21:27:45,561 [WARN] ModelIntegratedComponent:63 - No mode defined for component null
2024-10-28 21:27:45,561 [WARN] ModelIntegratedComponent:63 - No mode defined for component null
2024-10-28 21:27:45,561 [WARN] ModelIntegratedComponent:63 - No mode defined for component null
2024-10-28 21:27:45,561 [WARN] ModelIntegratedComponent:63 - No mode defined for component null
2024-10-28 21:27:45,561 [WARN] ModelIntegratedComponent:63 - No mode defined for component null
2024-10-28 21:27:45,561 [WARN] ModelIntegratedComponent:63 - No mode defined for component null
2024-10-28 21:27:45,561 [WARN] ModelIntegratedComponent:63 - No mode defined for component null
2024-10-28 21:27:45,561 [WARN] ModelIntegratedComponent:63 - No mode defined for component null
2024-10-28 21:27:45,562 [WARN] ModelIntegratedComponent:63 - No mode defined for component null
2024-10-28 21:27:45,562 [WARN] ModelIntegratedComponent:63 - No mode defined for component null
2024-10-28 21:27:45,562 [WARN] ModelIntegratedComponent:63 - No mode defined for component null
2024-10-28 21:27:45,562 [WARN] ModelIntegratedComponent:63 - No mode defined for component null
2024-10-28 21:27:45,562 [WARN] ModelIntegratedComponent:63 - No mode defined for component null
2024-10-28 21:27:45,562 [WARN] ModelIntegratedComponent:63 - No mode defined for component null
2024-10-28 21:27:45,562 [WARN] ModelIntegratedComponent:63 - No mode defined for component null
2024-10-28 21:27:45,562 [WARN] ModelIntegratedComponent:63 - No mode defined for component null
2024-10-28 21:27:45,562 [WARN] ModelIntegratedComponent:63 - No mode defined for component null
2024-10-28 21:27:45,562 [WARN] ModelPack:524 - Component already loaded: STMicroelectronics:HAL Drivers:0.0.0:STMicroelectronics:Device:STMicro_Driver:XSPI:HAL::0.0.1:HAL_XSPI
2024-10-28 21:27:45,616 [INFO] ThirdPartyModel:298 - Start build external matchings
2024-10-28 21:27:46,021 [INFO] ThirdPartyModel:316 - End build external matchings
2024-10-28 21:27:46,036 [INFO] RtosManager:919 - Current active RTOS is FREERTOS [Cortex-M4NS]
2024-10-28 21:27:46,050 [INFO] ImportTextPane:205 - (OptionalMessage_ERROR) IP (DMA) : Parameter (Instance) has Id (LPUART1_RX) currently not set
2024-10-28 21:27:46,050 [INFO] ImportTextPane:205 - (OptionalMessage_ERROR) IP (DMA) : Parameter (Request) has Id (LPUART1_RX) currently not set
2024-10-28 21:27:46,050 [INFO] ImportTextPane:205 - (OptionalMessage_ERROR) IP (DMA) : Parameter (Direction) has Id (LPUART1_RX) currently not set
2024-10-28 21:27:46,051 [INFO] ImportTextPane:205 - (OptionalMessage_ERROR) IP (DMA) : Parameter (PeriphInc) has Id (LPUART1_RX) currently not set
2024-10-28 21:27:46,051 [INFO] ImportTextPane:205 - (OptionalMessage_ERROR) IP (DMA) : Parameter (MemInc) has Id (LPUART1_RX) currently not set
2024-10-28 21:27:46,051 [INFO] ImportTextPane:205 - (OptionalMessage_ERROR) IP (DMA) : Parameter (PeriphDataAlignment) has Id (LPUART1_RX) currently not set
2024-10-28 21:27:46,052 [INFO] ImportTextPane:205 - (OptionalMessage_ERROR) IP (DMA) : Parameter (MemDataAlignment) has Id (LPUART1_RX) currently not set
2024-10-28 21:27:46,052 [INFO] ImportTextPane:205 - (OptionalMessage_ERROR) IP (DMA) : Parameter (Mode) has Id (LPUART1_RX) currently not set
2024-10-28 21:27:46,052 [INFO] ImportTextPane:205 - (OptionalMessage_ERROR) IP (DMA) : Parameter (Priority) has Id (LPUART1_RX) currently not set
2024-10-28 21:27:46,052 [INFO] ImportTextPane:205 - (OptionalMessage_ERROR) IP (DMA) : Parameter (SignalID) has Id (LPUART1_RX) currently not set
2024-10-28 21:27:46,052 [INFO] ImportTextPane:205 - (OptionalMessage_ERROR) IP (DMA) : Parameter (Polarity) has Id (LPUART1_RX) currently not set
2024-10-28 21:27:46,052 [INFO] ImportTextPane:205 - (OptionalMessage_ERROR) IP (DMA) : Parameter (RequestNumber) has Id (LPUART1_RX) currently not set
2024-10-28 21:27:46,053 [INFO] ImportTextPane:205 - (OptionalMessage_ERROR) IP (DMA) : Parameter (SyncSignalID) has Id (LPUART1_RX) currently not set
2024-10-28 21:27:46,053 [INFO] ImportTextPane:205 - (OptionalMessage_ERROR) IP (DMA) : Parameter (SyncPolarity) has Id (LPUART1_RX) currently not set
2024-10-28 21:27:46,053 [INFO] ImportTextPane:205 - (OptionalMessage_ERROR) IP (DMA) : Parameter (SyncEnable) has Id (LPUART1_RX) currently not set
2024-10-28 21:27:46,053 [INFO] ImportTextPane:205 - (OptionalMessage_ERROR) IP (DMA) : Parameter (EventEnable) has Id (LPUART1_RX) currently not set
2024-10-28 21:27:46,053 [INFO] ImportTextPane:205 - (OptionalMessage_ERROR) IP (DMA) : Parameter (SyncRequestNumber) has Id (LPUART1_RX) currently not set
2024-10-28 21:27:46,053 [INFO] ImportTextPane:205 - (OptionalMessage_ERROR) IP (DMA) : Parameter (Instance) has Id (LPUART1_TX) currently not set
2024-10-28 21:27:46,053 [INFO] ImportTextPane:205 - (OptionalMessage_ERROR) IP (DMA) : Parameter (Request) has Id (LPUART1_TX) currently not set
2024-10-28 21:27:46,053 [INFO] ImportTextPane:205 - (OptionalMessage_ERROR) IP (DMA) : Parameter (Direction) has Id (LPUART1_TX) currently not set
2024-10-28 21:27:46,053 [INFO] ImportTextPane:205 - (OptionalMessage_ERROR) IP (DMA) : Parameter (PeriphInc) has Id (LPUART1_TX) currently not set
2024-10-28 21:27:46,053 [INFO] ImportTextPane:205 - (OptionalMessage_ERROR) IP (DMA) : Parameter (MemInc) has Id (LPUART1_TX) currently not set
2024-10-28 21:27:46,053 [INFO] ImportTextPane:205 - (OptionalMessage_ERROR) IP (DMA) : Parameter (PeriphDataAlignment) has Id (LPUART1_TX) currently not set
2024-10-28 21:27:46,053 [INFO] ImportTextPane:205 - (OptionalMessage_ERROR) IP (DMA) : Parameter (MemDataAlignment) has Id (LPUART1_TX) currently not set
2024-10-28 21:27:46,053 [INFO] ImportTextPane:205 - (OptionalMessage_ERROR) IP (DMA) : Parameter (Mode) has Id (LPUART1_TX) currently not set
2024-10-28 21:27:46,053 [INFO] ImportTextPane:205 - (OptionalMessage_ERROR) IP (DMA) : Parameter (Priority) has Id (LPUART1_TX) currently not set
2024-10-28 21:27:46,054 [INFO] ImportTextPane:205 - (OptionalMessage_ERROR) IP (DMA) : Parameter (SignalID) has Id (LPUART1_TX) currently not set
2024-10-28 21:27:46,054 [INFO] ImportTextPane:205 - (OptionalMessage_ERROR) IP (DMA) : Parameter (Polarity) has Id (LPUART1_TX) currently not set
2024-10-28 21:27:46,054 [INFO] ImportTextPane:205 - (OptionalMessage_ERROR) IP (DMA) : Parameter (RequestNumber) has Id (LPUART1_TX) currently not set
2024-10-28 21:27:46,054 [INFO] ImportTextPane:205 - (OptionalMessage_ERROR) IP (DMA) : Parameter (SyncSignalID) has Id (LPUART1_TX) currently not set
2024-10-28 21:27:46,054 [INFO] ImportTextPane:205 - (OptionalMessage_ERROR) IP (DMA) : Parameter (SyncPolarity) has Id (LPUART1_TX) currently not set
2024-10-28 21:27:46,054 [INFO] ImportTextPane:205 - (OptionalMessage_ERROR) IP (DMA) : Parameter (SyncEnable) has Id (LPUART1_TX) currently not set
2024-10-28 21:27:46,054 [INFO] ImportTextPane:205 - (OptionalMessage_ERROR) IP (DMA) : Parameter (EventEnable) has Id (LPUART1_TX) currently not set
2024-10-28 21:27:46,054 [INFO] ImportTextPane:205 - (OptionalMessage_ERROR) IP (DMA) : Parameter (SyncRequestNumber) has Id (LPUART1_TX) currently not set
2024-10-28 21:27:46,066 [INFO] ImportTextPane:205 - (OptionalMessage_ERROR) IP (RCC) : Invalid parameter (FamilyName)
2024-10-28 21:27:46,067 [INFO] ImportTextPane:205 - (OptionalMessage_ERROR) IP (RCC) : Parameter (RNGFreq_Value) has invalid value (170000000)
2024-10-28 21:27:46,068 [INFO] ImportTextPane:205 - (OptionalMessage_ERROR) IP (RCC) : Parameter (USBFreq_Value) has invalid value (170000000)
2024-10-28 21:27:46,613 [INFO] ApiDb:581 - Connected to CubeFinder SQLite database (/home/nakarin/.stmcufinder/plugins/mcufinder/mcu/cube-finder-db.db)
2024-10-28 21:27:46,686 [INFO] ApiDb:668 - CubeFinder database Data Model version=2.1
2024-10-28 21:27:46,686 [INFO] ApiDb:669 - CubeFinder database Configuration version=3.0.39
2024-10-28 21:27:46,688 [INFO] ApiDb:670 - CubeFinder database generation date=2024-10-15 (1729006872)
2024-10-28 21:27:46,688 [INFO] ApiDb:671 - CubeFinder database FW Pack versions=[FP-ATR-ASTRA1_V2.0.0, FP-SNS-FLIGHT1_V5.0.2, FP-SNS-MOTENV1_V5.0.0, FP-SNS-MOTENVWB1_V1.4.0, FP-SNS-SMARTAG2_V1.2.0, FP-SNS-STBOX1_V2.0.0, STM32Cube_FW_C0_V1.2.0, STM32Cube_FW_F4_V1.28.1, STM32Cube_FW_F7_V1.17.2, STM32Cube_FW_G0_V1.6.2, STM32Cube_FW_G4_V1.6.0, STM32Cube_FW_H5_V1.3.0, STM32Cube_FW_H7RS_V1.1.0, STM32Cube_FW_H7_V1.11.2, STM32Cube_FW_L0_V1.12.2, STM32Cube_FW_L5_V1.5.1, STM32Cube_FW_U0_V1.1.0, STM32Cube_FW_U5_V1.6.0, STM32Cube_FW_WB0_V1.0.0, STM32Cube_FW_WBA_V1.4.1, STM32Cube_FW_WB_V1.20.0, STM32Cube_FW_WL_V1.3.0, X-CUBE-ALGOBUILD_V1.4.0, X-CUBE-ALS_V1.0.2, X-CUBE-AZRTOS-F4_V1.1.0, X-CUBE-AZRTOS-F7_V1.1.0, X-CUBE-AZRTOS-G0_V1.1.0, X-CUBE-AZRTOS-G4_V2.0.0, X-CUBE-AZRTOS-H7RS_V1.0.0, X-CUBE-AZRTOS-H7_V3.3.0, X-CUBE-AZRTOS-L4_V2.0.0, X-CUBE-AZRTOS-L5_V2.0.0, X-CUBE-AZRTOS-WB_V2.0.0, X-CUBE-AZRTOS-WL_V2.0.0, X-CUBE-BLE1_V7.0.0, X-CUBE-BLE2_V3.3.0, X-CUBE-BLEMGR_V3.1.0, X-CUBE-EEPRMA1_V5.1.0, X-CUBE-FREERTOS_V1.2.0, X-CUBE-GNSS1_V6.0.0, X-CUBE-MEMS1_V11.0.0, X-CUBE-NFC4_V3.0.0, X-CUBE-NFC7_V1.0.1, X-CUBE-SFXS2LP1_V4.0.0, X-CUBE-SUBG2_V5.0.0, X-CUBE-TOF1_V3.4.2]
2024-10-28 21:27:46,808 [INFO] DbBoardsSqlite:226 - include board P-NUCLEO-WB55-NUCLEO as a kit item of type 'Nucleo-64'
2024-10-28 21:27:46,809 [INFO] DbBoardsSqlite:226 - include board P-NUCLEO-WB55-USBDONGLE as a kit item of type 'Nucleo USB Dongle'
2024-10-28 21:27:46,810 [INFO] DbBoardsSqlite:226 - include board STEVAL-IDP005V1 as a kit item of type 'Evaluation Board'
2024-10-28 21:27:46,811 [INFO] DbBoardsSqlite:226 - include board STEVAL-IDP005V2 as a kit item of type 'Evaluation Board'
2024-10-28 21:27:46,924 [INFO] ApiDb:240 - Found 646 in-development CPN: [B-G473E-ZEST1S, B-WB1M-WPAN1, B-WL5M-SUBG1, NUCLEO-C031C6, NUCLEO-C071RB, NUCLEO-H503RB, NUCLEO-H533RE, NUCLEO-H563ZI, NUCLEO-H7S3L8, NUCLEO-U031R8, NUCLEO-U083RC, NUCLEO-U545RE-Q, NUCLEO-U5A5ZJ-Q, NUCLEO-WB05KZ, NUCLEO-WB07CC, NUCLEO-WB09KE, NUCLEO-WBA52CG, NUCLEO-WBA55CG, STEVAL-PROTEUS1, STEVAL-SMARTAG2, STEVAL-STWINBX1, STM320518-EVAL, STM32C0116-DK, STM32C011D6Y3TR, STM32C011D6Y6TR, STM32C011F4P3, STM32C011F4P6, STM32C011F4U3, STM32C011F4U6TR, STM32C011F6P3, STM32C011F6P6, STM32C011F6U3, STM32C011F6U6TR, STM32C011J4M3, STM32C011J4M6, STM32C011J6M3, STM32C011J6M6, STM32C0316-DK, STM32C031C4T3, STM32C031C4T6, STM32C031C4U3, STM32C031C4U6, STM32C031C6T3, STM32C031C6T6, STM32C031C6U3, STM32C031C6U6, STM32C031F4P3, STM32C031F4P6, STM32C031F6P3, STM32C031F6P6, STM32C031G4U3, STM32C031G4U6, STM32C031G6U3, STM32C031G6U6, STM32C031K4T3, STM32C031K4T6, STM32C031K4U3, STM32C031K4U6, STM32C031K6T3, STM32C031K6T6, STM32C031K6U3, STM32C031K6U6, STM32C071C8T6, STM32C071C8T6N, STM32C071C8U6, STM32C071C8U6N, STM32C071CBT6, STM32C071CBT6N, STM32C071CBU6, STM32C071CBU6N, STM32C071F8P6, STM32C071F8P6N, STM32C071FBP6, STM32C071FBP6N, STM32C071FBY6TR, STM32C071G8U6, STM32C071G8U6N, STM32C071GBU6, STM32C071GBU6N, STM32C071K8T6, STM32C071K8T6N, STM32C071K8U6, STM32C071K8U6N, STM32C071KBT6, STM32C071KBT6N, STM32C071KBU6, STM32C071KBU6N, STM32C071R8T6, STM32C071R8T6N, STM32C071RBI6N, STM32C071RBT6, STM32C071RBT6N, STM32G071K8TXN, STM32G071K8UXN, STM32G081GBU6N, STM32G081KBT6N, STM32G081KBUXN, STM32G0B1CCT6N, STM32G0B1KCT6, STM32G0B1NEY6TR, STM32G0B1RCT6N, STM32G0C1CCT6, STM32G0C1CCT6N, STM32G0C1CCU6N, STM32G0C1CET6N, STM32G0C1CEU6N, STM32G0C1KCT6, STM32G0C1NEY6TR, STM32G0C1RCI6N, STM32G0C1RCT6N, STM32G0C1REI6N, STM32G0C1RET6N, STM32G0C1VCI6, STM32G0C1VEI6, STM32G411C6T3, STM32G411C6T6, STM32G411C6U3, STM32G411C6U6, STM32G411C8T3, STM32G411C8T6, STM32G411C8U3, STM32G411C8U6, STM32G411CBT3, STM32G411CBT6, STM32G411CBU3, STM32G411CBU6, STM32G411K6T3, STM32G411K6T6, STM32G411K6U3, STM32G411K6U6, STM32G411K8T3, STM32G411K8T6, STM32G411K8U3, STM32G411K8U6, STM32G411KBT3, STM32G411KBT6, STM32G411KBU3, STM32G411KBU6, STM32G411M6T3, STM32G411M6T6, STM32G411M8T3, STM32G411M8T6, STM32G411MBT3, STM32G411MBT6, STM32G411R6T3, STM32G411R6T6, STM32G411R8T3, STM32G411R8T6, STM32G411RBT3, STM32G411RBT6, STM32G414CBT3, STM32G414CBT6, STM32G414CBU3, STM32G414CBU6, STM32G414CCT3, STM32G414CCT6, STM32G414CCU3, STM32G414CCU6, STM32G414MBT3, STM32G414MBT6, STM32G414MCT3, STM32G414MCT6, STM32G414RBT3, STM32G414RBT6, STM32G414RCT3, STM32G414RCT6, STM32G414VBT3, STM32G414VBT6, STM32G414VCT3, STM32G414VCT6, STM32G431CBT3Z, STM32G431RBT3Z, STM32G471CCT6, STM32G471CCU6, STM32G471CET3, STM32G471CET6, STM32G471CEU3, STM32G471CEU6, STM32G471MCT6, STM32G471MET3, STM32G471MET6, STM32G471MEY6TR, STM32G471QCT6, STM32G471QET3, STM32G471RCT6, STM32G471RET3, STM32G471RET6, STM32G471VCH6, STM32G471VCI6, STM32G471VCT6, STM32G471VEH3, STM32G471VEH6, STM32G471VEI3, STM32G471VEI6, STM32G471VET3, STM32G471VET6, STM32G473QET3Z, STM32G473RET3Z, STM32G474CCT6, STM32G491RET3Z, STM32H503CBT6, STM32H503CBU6, STM32H503EBY6TR, STM32H503KBU6, STM32H503RBT6, STM32H523CCT6, STM32H523CCU6, STM32H523CET6, STM32H523CEU6, STM32H523HEY6TR, STM32H523RCT6, STM32H523RET6, STM32H523VCI6, STM32H523VCT6, STM32H523VEI6, STM32H523VET6, STM32H523ZCJ6, STM32H523ZCT6, STM32H523ZEJ6, STM32H523ZET6, STM32H533CET6, STM32H533CEU6, STM32H533HEY6TR, STM32H533RET6, STM32H533VEI6, STM32H533VET6, STM32H533ZEJ6, STM32H533ZET6, STM32H562AGI6, STM32H562AII6, STM32H562IGK6, STM32H562IGT6, STM32H562IIK6, STM32H562IIT6, STM32H562RGT6, STM32H562RGV6, STM32H562RIT6, STM32H562RIV6, STM32H562VGT6, STM32H562VIT6, STM32H562ZGT6, STM32H562ZIT6, STM32H563AGI6, STM32H563AII3Q, STM32H563AII6, STM32H563IGK6, STM32H563IGT6, STM32H563IIK3Q, STM32H563IIK6, STM32H563IIT3Q, STM32H563IIT6, STM32H563MIY3QTR, STM32H563RGT6, STM32H563RGV6, STM32H563RIT6, STM32H563RIV6, STM32H563VGT6, STM32H563VIT3Q, STM32H563VIT6, STM32H563ZGT6, STM32H563ZIT3Q, STM32H563ZIT6, STM32H573AII3Q, STM32H573AII6, STM32H573I-DK, STM32H573IIK3Q, STM32H573IIK6, STM32H573IIT3Q, STM32H573IIT6, STM32H573MIY3QTR, STM32H573RIT6, STM32H573RIV6, STM32H573VIT3Q, STM32H573VIT6, STM32H573ZIT3Q, STM32H573ZIT6, STM32H7R3A8I6, STM32H7R3I8K6, STM32H7R3I8T6, STM32H7R3L8H6, STM32H7R3L8H6H, STM32H7R3R8V6, STM32H7R3V8H6, STM32H7R3V8T6, STM32H7R3V8Y6TR, STM32H7R3Z8J6, STM32H7R3Z8T6, STM32H7R7A8I6, STM32H7R7I8K6, STM32H7R7I8T6, STM32H7R7L8H6, STM32H7R7L8H6H, STM32H7R7Z8J6, STM32H7S3A8I6, STM32H7S3I8K6, STM32H7S3I8T6, STM32H7S3L8H6, STM32H7S3L8H6H, STM32H7S3R8V6, STM32H7S3V8H6, STM32H7S3V8T6, STM32H7S3V8Y6TR, STM32H7S3Z8J6, STM32H7S3Z8T6, STM32H7S78-DK, STM32H7S7A8I6, STM32H7S7I8K6, STM32H7S7I8T6, STM32H7S7L8H6, STM32H7S7L8H6H, STM32H7S7Z8J6, STM32L4R5QGI6STR, STM32MP131AAE3, STM32MP131AAF3, STM32MP131AAG3, STM32MP131CAE3, STM32MP131CAF3, STM32MP131CAG3, STM32MP131DAE7, STM32MP131DAF7, STM32MP131DAG7, STM32MP131FAE7, STM32MP131FAF7, STM32MP131FAG7, STM32MP133AAE3, STM32MP133AAF3, STM32MP133AAG3, STM32MP133CAE3, STM32MP133CAF3, STM32MP133CAG3, STM32MP133DAE7, STM32MP133DAF7, STM32MP133DAG7, STM32MP133FAE7, STM32MP133FAF7, STM32MP133FAG7, STM32MP135AAE3, STM32MP135AAF3, STM32MP135AAG3, STM32MP135CAE3, STM32MP135CAF3, STM32MP135CAG3, STM32MP135DAE7, STM32MP135DAF7, STM32MP135DAG7, STM32MP135F-DK, STM32MP135FAE7, STM32MP135FAF7, STM32MP135FAF7T, STM32MP135FAF7U, STM32MP135FAG7, STM32MP251AAI3, STM32MP251AAK3, STM32MP251AAL3, STM32MP251CAI3, STM32MP251CAK3, STM32MP251CAL3, STM32MP251DAI3, STM32MP251DAK3, STM32MP251DAL3, STM32MP251FAI3, STM32MP251FAK3, STM32MP251FAL3, STM32MP253AAI3, STM32MP253AAK3, STM32MP253AAL3, STM32MP253CAI3, STM32MP253CAK3, STM32MP253CAL3, STM32MP253DAI3, STM32MP253DAK3, STM32MP253DAL3, STM32MP253FAI3, STM32MP253FAK3, STM32MP253FAL3, STM32MP255AAI3, STM32MP255AAK3, STM32MP255AAL3, STM32MP255CAI3, STM32MP255CAK3, STM32MP255CAL3, STM32MP255DAI3, STM32MP255DAK3, STM32MP255DAL3, STM32MP255FAI3, STM32MP255FAK3, STM32MP255FAL3, STM32MP257AAI3, STM32MP257AAK3, STM32MP257AAL3, STM32MP257CAI3, STM32MP257CAK3, STM32MP257CAL3, STM32MP257DAI3, STM32MP257DAK3, STM32MP257DAL3, STM32MP257F-DK, STM32MP257F-EV1, STM32MP257FAI3, STM32MP257FAK3, STM32MP257FAL3, STM32U031C6T6, STM32U031C6U6, STM32U031C8T6, STM32U031C8U6, STM32U031F4P6, STM32U031F6P6, STM32U031F8P6, STM32U031G6Y6TR, STM32U031G8Y6TR, STM32U031K4U6, STM32U031K6U6, STM32U031K8U6, STM32U031R6I6, STM32U031R6T6, STM32U031R8I6, STM32U031R8T6, STM32U073C8T6, STM32U073C8U6, STM32U073CBT6, STM32U073CBU6, STM32U073CCT6, STM32U073CCU6, STM32U073H8Y6TR, STM32U073HBY6TR, STM32U073HCY6TR, STM32U073K8U6, STM32U073KBU6, STM32U073KCU6, STM32U073M8I6, STM32U073M8T6, STM32U073MBI6, STM32U073MBT6, STM32U073MCI6, STM32U073MCT6, STM32U073R8I6, STM32U073R8T6, STM32U073RBI6, STM32U073RBT6, STM32U073RCI6, STM32U073RCT6, STM32U083C-DK, STM32U083CCT6, STM32U083CCU6, STM32U083HCY6TR, STM32U083KCU6, STM32U083MCI6, STM32U083MCT6, STM32U083RCI6, STM32U083RCT6, STM32U535CBT6, STM32U535CBT6Q, STM32U535CBU6, STM32U535CBU6Q, STM32U535CCT6, STM32U535CCT6Q, STM32U535CCU6, STM32U535CCU6Q, STM32U535CET6, STM32U535CET6Q, STM32U535CEU6, STM32U535CEU6Q, STM32U535JEY6QTR, STM32U535NCY6QTR, STM32U535NEY6QTR, STM32U535RBI6, STM32U535RBI6Q, STM32U535RBT6, STM32U535RBT6Q, STM32U535RCI6, STM32U535RCI6Q, STM32U535RCT6, STM32U535RCT6Q, STM32U535REI6, STM32U535REI6Q, STM32U535RET6, STM32U535RET6Q, STM32U535VCI6, STM32U535VCI6Q, STM32U535VCT6, STM32U535VCT6Q, STM32U535VEI6, STM32U535VEI6Q, STM32U535VET6, STM32U535VET6Q, STM32U545CET6, STM32U545CET6Q, STM32U545CEU6, STM32U545CEU6Q, STM32U545JEY6QTR, STM32U545NEY6QTR, STM32U545REI6, STM32U545REI6Q, STM32U545RET6, STM32U545RET6Q, STM32U545VEI6, STM32U545VEI6Q, STM32U545VET6, STM32U545VET6Q, STM32U595AIH6, STM32U595AIH6Q, STM32U595AJH6, STM32U595AJH6Q, STM32U595QII6, STM32U595QII6Q, STM32U595QJI6, STM32U595QJI6Q, STM32U595RIT6, STM32U595RIT6Q, STM32U595RJT6, STM32U595RJT6Q, STM32U595VIT6, STM32U595VIT6Q, STM32U595VJT6, STM32U595VJT6Q, STM32U595ZIT6, STM32U595ZIT6Q, STM32U595ZIY6QTR, STM32U595ZJT6, STM32U595ZJT6Q, STM32U595ZJY6QTR, STM32U599BJY6QTR, STM32U599NIH6Q, STM32U599NJH6Q, STM32U599VIT6Q, STM32U599VJT6, STM32U599VJT6Q, STM32U599ZIT6Q, STM32U599ZIY6QTR, STM32U599ZJT6Q, STM32U599ZJY6QTR, STM32U5A5AJH6, STM32U5A5AJH6Q, STM32U5A5QII3Q , STM32U5A5QJI6, STM32U5A5QJI6Q, STM32U5A5RJT6, STM32U5A5RJT6Q, STM32U5A5VJT6, STM32U5A5VJT6Q, STM32U5A5ZJT6, STM32U5A5ZJT6Q, STM32U5A5ZJY6QTR, STM32U5A9BJY6QTR, STM32U5A9J-DK, STM32U5A9NJH6Q, STM32U5A9VJT6Q, STM32U5A9ZJT6Q, STM32U5A9ZJY6QTR, STM32U5F7VIT6, STM32U5F7VIT6Q, STM32U5F7VJT6, STM32U5F7VJT6Q, STM32U5F9BJY6QTR, STM32U5F9NJH6Q, STM32U5F9VIT6Q, STM32U5F9VJT6Q, STM32U5F9ZIJ6QTR, STM32U5F9ZIT6Q, STM32U5F9ZJJ6QTR, STM32U5F9ZJT6Q, STM32U5G7VJT6, STM32U5G7VJT6Q, STM32U5G9BJY6QTR, STM32U5G9J-DK1, STM32U5G9J-DK2, STM32U5G9NJH6Q, STM32U5G9VJT6Q, STM32U5G9ZJJ6QTR, STM32U5G9ZJT6Q, STM32WB05KZV6TR, STM32WB05KZV7TR, STM32WB05TZF6TR, STM32WB05TZF7TR, STM32WB06CCF6TR, STM32WB06CCF7TR, STM32WB06CCV6TR, STM32WB06CCV7TR, STM32WB06KCV6TR, STM32WB06KCV7TR, STM32WB07CCF6TR, STM32WB07CCF7TR, STM32WB07CCV6TR, STM32WB07CCV7TR, STM32WB07KCV6TR, STM32WB07KCV7TR, STM32WB09KEV6TR, STM32WB09KEV7TR, STM32WB09TEF6TR, STM32WB09TEF7TR, STM32WB1MMCH6, STM32WBA50KGU6, STM32WBA50KGU6TR, STM32WBA52CEU6, STM32WBA52CEU6TR, STM32WBA52CEU7, STM32WBA52CEU7TR, STM32WBA52CGU6, STM32WBA52CGU6TR, STM32WBA52CGU6U, STM32WBA52CGU7, STM32WBA52CGU7TR, STM32WBA52KEU6, STM32WBA52KEU6TR, STM32WBA52KGU6, STM32WBA52KGU6TR, STM32WBA54CEU6, STM32WBA54CEU6TR, STM32WBA54CEU7, STM32WBA54CEU7TR, STM32WBA54CGU6, STM32WBA54CGU6TR, STM32WBA54CGU7, STM32WBA54CGU7TR, STM32WBA54KEU6, STM32WBA54KEU6TR, STM32WBA54KEU7, STM32WBA54KEU7TR, STM32WBA54KGU6, STM32WBA54KGU6TR, STM32WBA54KGU7, STM32WBA54KGU7TR, STM32WBA55CEU6, STM32WBA55CEU6TR, STM32WBA55CEU7, STM32WBA55CEU7TR, STM32WBA55CGU6, STM32WBA55CGU6TR, STM32WBA55CGU6U, STM32WBA55CGU7, STM32WBA55CGU7TR, STM32WBA55G-DK1, STM32WBA55HEF6, STM32WBA55HEF7, STM32WBA55HGF6, STM32WBA55HGF7, STM32WBA55UEI6, STM32WBA55UEI6TR, STM32WBA55UEI7, STM32WBA55UEI7TR, STM32WBA55UGI6, STM32WBA55UGI6TR, STM32WBA55UGI7, STM32WBA55UGI7TR, STM32WL5MOCH6, STM32WL5MOCH6TR]
2024-10-28 21:27:47,041 [INFO] BoardInfo:889 - No configuration file found for board P-NUCLEO-WB55
2024-10-28 21:27:47,041 [INFO] DbBoards:161 - Kit is not supported: P-NUCLEO-WB55
2024-10-28 21:27:47,045 [INFO] BoardInfo:889 - No configuration file found for board STEVAL-BFA001V1B
2024-10-28 21:27:47,045 [INFO] DbBoards:161 - Kit is not supported: STEVAL-BFA001V1B
2024-10-28 21:27:47,046 [INFO] BoardInfo:889 - No configuration file found for board STEVAL-BFA001V2B
2024-10-28 21:27:47,046 [INFO] DbBoards:161 - Kit is not supported: STEVAL-BFA001V2B
2024-10-28 21:27:47,156 [INFO] DbBoards:168 - Found 201 boards, 198 are supported
2024-10-28 21:27:47,156 [INFO] DbBoards:169 - Found 201 boards, 25 of them is supported for  Bsp
2024-10-28 21:27:47,159 [INFO] ApiDb:668 - CubeFinder database Data Model version=2.1
2024-10-28 21:27:47,159 [INFO] ApiDb:669 - CubeFinder database Configuration version=3.0.39
2024-10-28 21:27:47,159 [INFO] ApiDb:670 - CubeFinder database generation date=2024-10-15 (1729006872)
2024-10-28 21:27:47,159 [INFO] ApiDb:671 - CubeFinder database FW Pack versions=[FP-ATR-ASTRA1_V2.0.0, FP-SNS-FLIGHT1_V5.0.2, FP-SNS-MOTENV1_V5.0.0, FP-SNS-MOTENVWB1_V1.4.0, FP-SNS-SMARTAG2_V1.2.0, FP-SNS-STBOX1_V2.0.0, STM32Cube_FW_C0_V1.2.0, STM32Cube_FW_F4_V1.28.1, STM32Cube_FW_F7_V1.17.2, STM32Cube_FW_G0_V1.6.2, STM32Cube_FW_G4_V1.6.0, STM32Cube_FW_H5_V1.3.0, STM32Cube_FW_H7RS_V1.1.0, STM32Cube_FW_H7_V1.11.2, STM32Cube_FW_L0_V1.12.2, STM32Cube_FW_L5_V1.5.1, STM32Cube_FW_U0_V1.1.0, STM32Cube_FW_U5_V1.6.0, STM32Cube_FW_WB0_V1.0.0, STM32Cube_FW_WBA_V1.4.1, STM32Cube_FW_WB_V1.20.0, STM32Cube_FW_WL_V1.3.0, X-CUBE-ALGOBUILD_V1.4.0, X-CUBE-ALS_V1.0.2, X-CUBE-AZRTOS-F4_V1.1.0, X-CUBE-AZRTOS-F7_V1.1.0, X-CUBE-AZRTOS-G0_V1.1.0, X-CUBE-AZRTOS-G4_V2.0.0, X-CUBE-AZRTOS-H7RS_V1.0.0, X-CUBE-AZRTOS-H7_V3.3.0, X-CUBE-AZRTOS-L4_V2.0.0, X-CUBE-AZRTOS-L5_V2.0.0, X-CUBE-AZRTOS-WB_V2.0.0, X-CUBE-AZRTOS-WL_V2.0.0, X-CUBE-BLE1_V7.0.0, X-CUBE-BLE2_V3.3.0, X-CUBE-BLEMGR_V3.1.0, X-CUBE-EEPRMA1_V5.1.0, X-CUBE-FREERTOS_V1.2.0, X-CUBE-GNSS1_V6.0.0, X-CUBE-MEMS1_V11.0.0, X-CUBE-NFC4_V3.0.0, X-CUBE-NFC7_V1.0.1, X-CUBE-SFXS2LP1_V4.0.0, X-CUBE-SUBG2_V5.0.0, X-CUBE-TOF1_V3.4.2]
2024-10-28 21:27:49,408 [INFO] ApiDb:240 - Found 646 in-development CPN: [B-G473E-ZEST1S, B-WB1M-WPAN1, B-WL5M-SUBG1, NUCLEO-C031C6, NUCLEO-C071RB, NUCLEO-H503RB, NUCLEO-H533RE, NUCLEO-H563ZI, NUCLEO-H7S3L8, NUCLEO-U031R8, NUCLEO-U083RC, NUCLEO-U545RE-Q, NUCLEO-U5A5ZJ-Q, NUCLEO-WB05KZ, NUCLEO-WB07CC, NUCLEO-WB09KE, NUCLEO-WBA52CG, NUCLEO-WBA55CG, STEVAL-PROTEUS1, STEVAL-SMARTAG2, STEVAL-STWINBX1, STM320518-EVAL, STM32C0116-DK, STM32C011D6Y3TR, STM32C011D6Y6TR, STM32C011F4P3, STM32C011F4P6, STM32C011F4U3, STM32C011F4U6TR, STM32C011F6P3, STM32C011F6P6, STM32C011F6U3, STM32C011F6U6TR, STM32C011J4M3, STM32C011J4M6, STM32C011J6M3, STM32C011J6M6, STM32C0316-DK, STM32C031C4T3, STM32C031C4T6, STM32C031C4U3, STM32C031C4U6, STM32C031C6T3, STM32C031C6T6, STM32C031C6U3, STM32C031C6U6, STM32C031F4P3, STM32C031F4P6, STM32C031F6P3, STM32C031F6P6, STM32C031G4U3, STM32C031G4U6, STM32C031G6U3, STM32C031G6U6, STM32C031K4T3, STM32C031K4T6, STM32C031K4U3, STM32C031K4U6, STM32C031K6T3, STM32C031K6T6, STM32C031K6U3, STM32C031K6U6, STM32C071C8T6, STM32C071C8T6N, STM32C071C8U6, STM32C071C8U6N, STM32C071CBT6, STM32C071CBT6N, STM32C071CBU6, STM32C071CBU6N, STM32C071F8P6, STM32C071F8P6N, STM32C071FBP6, STM32C071FBP6N, STM32C071FBY6TR, STM32C071G8U6, STM32C071G8U6N, STM32C071GBU6, STM32C071GBU6N, STM32C071K8T6, STM32C071K8T6N, STM32C071K8U6, STM32C071K8U6N, STM32C071KBT6, STM32C071KBT6N, STM32C071KBU6, STM32C071KBU6N, STM32C071R8T6, STM32C071R8T6N, STM32C071RBI6N, STM32C071RBT6, STM32C071RBT6N, STM32G071K8TXN, STM32G071K8UXN, STM32G081GBU6N, STM32G081KBT6N, STM32G081KBUXN, STM32G0B1CCT6N, STM32G0B1KCT6, STM32G0B1NEY6TR, STM32G0B1RCT6N, STM32G0C1CCT6, STM32G0C1CCT6N, STM32G0C1CCU6N, STM32G0C1CET6N, STM32G0C1CEU6N, STM32G0C1KCT6, STM32G0C1NEY6TR, STM32G0C1RCI6N, STM32G0C1RCT6N, STM32G0C1REI6N, STM32G0C1RET6N, STM32G0C1VCI6, STM32G0C1VEI6, STM32G411C6T3, STM32G411C6T6, STM32G411C6U3, STM32G411C6U6, STM32G411C8T3, STM32G411C8T6, STM32G411C8U3, STM32G411C8U6, STM32G411CBT3, STM32G411CBT6, STM32G411CBU3, STM32G411CBU6, STM32G411K6T3, STM32G411K6T6, STM32G411K6U3, STM32G411K6U6, STM32G411K8T3, STM32G411K8T6, STM32G411K8U3, STM32G411K8U6, STM32G411KBT3, STM32G411KBT6, STM32G411KBU3, STM32G411KBU6, STM32G411M6T3, STM32G411M6T6, STM32G411M8T3, STM32G411M8T6, STM32G411MBT3, STM32G411MBT6, STM32G411R6T3, STM32G411R6T6, STM32G411R8T3, STM32G411R8T6, STM32G411RBT3, STM32G411RBT6, STM32G414CBT3, STM32G414CBT6, STM32G414CBU3, STM32G414CBU6, STM32G414CCT3, STM32G414CCT6, STM32G414CCU3, STM32G414CCU6, STM32G414MBT3, STM32G414MBT6, STM32G414MCT3, STM32G414MCT6, STM32G414RBT3, STM32G414RBT6, STM32G414RCT3, STM32G414RCT6, STM32G414VBT3, STM32G414VBT6, STM32G414VCT3, STM32G414VCT6, STM32G431CBT3Z, STM32G431RBT3Z, STM32G471CCT6, STM32G471CCU6, STM32G471CET3, STM32G471CET6, STM32G471CEU3, STM32G471CEU6, STM32G471MCT6, STM32G471MET3, STM32G471MET6, STM32G471MEY6TR, STM32G471QCT6, STM32G471QET3, STM32G471RCT6, STM32G471RET3, STM32G471RET6, STM32G471VCH6, STM32G471VCI6, STM32G471VCT6, STM32G471VEH3, STM32G471VEH6, STM32G471VEI3, STM32G471VEI6, STM32G471VET3, STM32G471VET6, STM32G473QET3Z, STM32G473RET3Z, STM32G474CCT6, STM32G491RET3Z, STM32H503CBT6, STM32H503CBU6, STM32H503EBY6TR, STM32H503KBU6, STM32H503RBT6, STM32H523CCT6, STM32H523CCU6, STM32H523CET6, STM32H523CEU6, STM32H523HEY6TR, STM32H523RCT6, STM32H523RET6, STM32H523VCI6, STM32H523VCT6, STM32H523VEI6, STM32H523VET6, STM32H523ZCJ6, STM32H523ZCT6, STM32H523ZEJ6, STM32H523ZET6, STM32H533CET6, STM32H533CEU6, STM32H533HEY6TR, STM32H533RET6, STM32H533VEI6, STM32H533VET6, STM32H533ZEJ6, STM32H533ZET6, STM32H562AGI6, STM32H562AII6, STM32H562IGK6, STM32H562IGT6, STM32H562IIK6, STM32H562IIT6, STM32H562RGT6, STM32H562RGV6, STM32H562RIT6, STM32H562RIV6, STM32H562VGT6, STM32H562VIT6, STM32H562ZGT6, STM32H562ZIT6, STM32H563AGI6, STM32H563AII3Q, STM32H563AII6, STM32H563IGK6, STM32H563IGT6, STM32H563IIK3Q, STM32H563IIK6, STM32H563IIT3Q, STM32H563IIT6, STM32H563MIY3QTR, STM32H563RGT6, STM32H563RGV6, STM32H563RIT6, STM32H563RIV6, STM32H563VGT6, STM32H563VIT3Q, STM32H563VIT6, STM32H563ZGT6, STM32H563ZIT3Q, STM32H563ZIT6, STM32H573AII3Q, STM32H573AII6, STM32H573I-DK, STM32H573IIK3Q, STM32H573IIK6, STM32H573IIT3Q, STM32H573IIT6, STM32H573MIY3QTR, STM32H573RIT6, STM32H573RIV6, STM32H573VIT3Q, STM32H573VIT6, STM32H573ZIT3Q, STM32H573ZIT6, STM32H7R3A8I6, STM32H7R3I8K6, STM32H7R3I8T6, STM32H7R3L8H6, STM32H7R3L8H6H, STM32H7R3R8V6, STM32H7R3V8H6, STM32H7R3V8T6, STM32H7R3V8Y6TR, STM32H7R3Z8J6, STM32H7R3Z8T6, STM32H7R7A8I6, STM32H7R7I8K6, STM32H7R7I8T6, STM32H7R7L8H6, STM32H7R7L8H6H, STM32H7R7Z8J6, STM32H7S3A8I6, STM32H7S3I8K6, STM32H7S3I8T6, STM32H7S3L8H6, STM32H7S3L8H6H, STM32H7S3R8V6, STM32H7S3V8H6, STM32H7S3V8T6, STM32H7S3V8Y6TR, STM32H7S3Z8J6, STM32H7S3Z8T6, STM32H7S78-DK, STM32H7S7A8I6, STM32H7S7I8K6, STM32H7S7I8T6, STM32H7S7L8H6, STM32H7S7L8H6H, STM32H7S7Z8J6, STM32L4R5QGI6STR, STM32MP131AAE3, STM32MP131AAF3, STM32MP131AAG3, STM32MP131CAE3, STM32MP131CAF3, STM32MP131CAG3, STM32MP131DAE7, STM32MP131DAF7, STM32MP131DAG7, STM32MP131FAE7, STM32MP131FAF7, STM32MP131FAG7, STM32MP133AAE3, STM32MP133AAF3, STM32MP133AAG3, STM32MP133CAE3, STM32MP133CAF3, STM32MP133CAG3, STM32MP133DAE7, STM32MP133DAF7, STM32MP133DAG7, STM32MP133FAE7, STM32MP133FAF7, STM32MP133FAG7, STM32MP135AAE3, STM32MP135AAF3, STM32MP135AAG3, STM32MP135CAE3, STM32MP135CAF3, STM32MP135CAG3, STM32MP135DAE7, STM32MP135DAF7, STM32MP135DAG7, STM32MP135F-DK, STM32MP135FAE7, STM32MP135FAF7, STM32MP135FAF7T, STM32MP135FAF7U, STM32MP135FAG7, STM32MP251AAI3, STM32MP251AAK3, STM32MP251AAL3, STM32MP251CAI3, STM32MP251CAK3, STM32MP251CAL3, STM32MP251DAI3, STM32MP251DAK3, STM32MP251DAL3, STM32MP251FAI3, STM32MP251FAK3, STM32MP251FAL3, STM32MP253AAI3, STM32MP253AAK3, STM32MP253AAL3, STM32MP253CAI3, STM32MP253CAK3, STM32MP253CAL3, STM32MP253DAI3, STM32MP253DAK3, STM32MP253DAL3, STM32MP253FAI3, STM32MP253FAK3, STM32MP253FAL3, STM32MP255AAI3, STM32MP255AAK3, STM32MP255AAL3, STM32MP255CAI3, STM32MP255CAK3, STM32MP255CAL3, STM32MP255DAI3, STM32MP255DAK3, STM32MP255DAL3, STM32MP255FAI3, STM32MP255FAK3, STM32MP255FAL3, STM32MP257AAI3, STM32MP257AAK3, STM32MP257AAL3, STM32MP257CAI3, STM32MP257CAK3, STM32MP257CAL3, STM32MP257DAI3, STM32MP257DAK3, STM32MP257DAL3, STM32MP257F-DK, STM32MP257F-EV1, STM32MP257FAI3, STM32MP257FAK3, STM32MP257FAL3, STM32U031C6T6, STM32U031C6U6, STM32U031C8T6, STM32U031C8U6, STM32U031F4P6, STM32U031F6P6, STM32U031F8P6, STM32U031G6Y6TR, STM32U031G8Y6TR, STM32U031K4U6, STM32U031K6U6, STM32U031K8U6, STM32U031R6I6, STM32U031R6T6, STM32U031R8I6, STM32U031R8T6, STM32U073C8T6, STM32U073C8U6, STM32U073CBT6, STM32U073CBU6, STM32U073CCT6, STM32U073CCU6, STM32U073H8Y6TR, STM32U073HBY6TR, STM32U073HCY6TR, STM32U073K8U6, STM32U073KBU6, STM32U073KCU6, STM32U073M8I6, STM32U073M8T6, STM32U073MBI6, STM32U073MBT6, STM32U073MCI6, STM32U073MCT6, STM32U073R8I6, STM32U073R8T6, STM32U073RBI6, STM32U073RBT6, STM32U073RCI6, STM32U073RCT6, STM32U083C-DK, STM32U083CCT6, STM32U083CCU6, STM32U083HCY6TR, STM32U083KCU6, STM32U083MCI6, STM32U083MCT6, STM32U083RCI6, STM32U083RCT6, STM32U535CBT6, STM32U535CBT6Q, STM32U535CBU6, STM32U535CBU6Q, STM32U535CCT6, STM32U535CCT6Q, STM32U535CCU6, STM32U535CCU6Q, STM32U535CET6, STM32U535CET6Q, STM32U535CEU6, STM32U535CEU6Q, STM32U535JEY6QTR, STM32U535NCY6QTR, STM32U535NEY6QTR, STM32U535RBI6, STM32U535RBI6Q, STM32U535RBT6, STM32U535RBT6Q, STM32U535RCI6, STM32U535RCI6Q, STM32U535RCT6, STM32U535RCT6Q, STM32U535REI6, STM32U535REI6Q, STM32U535RET6, STM32U535RET6Q, STM32U535VCI6, STM32U535VCI6Q, STM32U535VCT6, STM32U535VCT6Q, STM32U535VEI6, STM32U535VEI6Q, STM32U535VET6, STM32U535VET6Q, STM32U545CET6, STM32U545CET6Q, STM32U545CEU6, STM32U545CEU6Q, STM32U545JEY6QTR, STM32U545NEY6QTR, STM32U545REI6, STM32U545REI6Q, STM32U545RET6, STM32U545RET6Q, STM32U545VEI6, STM32U545VEI6Q, STM32U545VET6, STM32U545VET6Q, STM32U595AIH6, STM32U595AIH6Q, STM32U595AJH6, STM32U595AJH6Q, STM32U595QII6, STM32U595QII6Q, STM32U595QJI6, STM32U595QJI6Q, STM32U595RIT6, STM32U595RIT6Q, STM32U595RJT6, STM32U595RJT6Q, STM32U595VIT6, STM32U595VIT6Q, STM32U595VJT6, STM32U595VJT6Q, STM32U595ZIT6, STM32U595ZIT6Q, STM32U595ZIY6QTR, STM32U595ZJT6, STM32U595ZJT6Q, STM32U595ZJY6QTR, STM32U599BJY6QTR, STM32U599NIH6Q, STM32U599NJH6Q, STM32U599VIT6Q, STM32U599VJT6, STM32U599VJT6Q, STM32U599ZIT6Q, STM32U599ZIY6QTR, STM32U599ZJT6Q, STM32U599ZJY6QTR, STM32U5A5AJH6, STM32U5A5AJH6Q, STM32U5A5QII3Q , STM32U5A5QJI6, STM32U5A5QJI6Q, STM32U5A5RJT6, STM32U5A5RJT6Q, STM32U5A5VJT6, STM32U5A5VJT6Q, STM32U5A5ZJT6, STM32U5A5ZJT6Q, STM32U5A5ZJY6QTR, STM32U5A9BJY6QTR, STM32U5A9J-DK, STM32U5A9NJH6Q, STM32U5A9VJT6Q, STM32U5A9ZJT6Q, STM32U5A9ZJY6QTR, STM32U5F7VIT6, STM32U5F7VIT6Q, STM32U5F7VJT6, STM32U5F7VJT6Q, STM32U5F9BJY6QTR, STM32U5F9NJH6Q, STM32U5F9VIT6Q, STM32U5F9VJT6Q, STM32U5F9ZIJ6QTR, STM32U5F9ZIT6Q, STM32U5F9ZJJ6QTR, STM32U5F9ZJT6Q, STM32U5G7VJT6, STM32U5G7VJT6Q, STM32U5G9BJY6QTR, STM32U5G9J-DK1, STM32U5G9J-DK2, STM32U5G9NJH6Q, STM32U5G9VJT6Q, STM32U5G9ZJJ6QTR, STM32U5G9ZJT6Q, STM32WB05KZV6TR, STM32WB05KZV7TR, STM32WB05TZF6TR, STM32WB05TZF7TR, STM32WB06CCF6TR, STM32WB06CCF7TR, STM32WB06CCV6TR, STM32WB06CCV7TR, STM32WB06KCV6TR, STM32WB06KCV7TR, STM32WB07CCF6TR, STM32WB07CCF7TR, STM32WB07CCV6TR, STM32WB07CCV7TR, STM32WB07KCV6TR, STM32WB07KCV7TR, STM32WB09KEV6TR, STM32WB09KEV7TR, STM32WB09TEF6TR, STM32WB09TEF7TR, STM32WB1MMCH6, STM32WBA50KGU6, STM32WBA50KGU6TR, STM32WBA52CEU6, STM32WBA52CEU6TR, STM32WBA52CEU7, STM32WBA52CEU7TR, STM32WBA52CGU6, STM32WBA52CGU6TR, STM32WBA52CGU6U, STM32WBA52CGU7, STM32WBA52CGU7TR, STM32WBA52KEU6, STM32WBA52KEU6TR, STM32WBA52KGU6, STM32WBA52KGU6TR, STM32WBA54CEU6, STM32WBA54CEU6TR, STM32WBA54CEU7, STM32WBA54CEU7TR, STM32WBA54CGU6, STM32WBA54CGU6TR, STM32WBA54CGU7, STM32WBA54CGU7TR, STM32WBA54KEU6, STM32WBA54KEU6TR, STM32WBA54KEU7, STM32WBA54KEU7TR, STM32WBA54KGU6, STM32WBA54KGU6TR, STM32WBA54KGU7, STM32WBA54KGU7TR, STM32WBA55CEU6, STM32WBA55CEU6TR, STM32WBA55CEU7, STM32WBA55CEU7TR, STM32WBA55CGU6, STM32WBA55CGU6TR, STM32WBA55CGU6U, STM32WBA55CGU7, STM32WBA55CGU7TR, STM32WBA55G-DK1, STM32WBA55HEF6, STM32WBA55HEF7, STM32WBA55HGF6, STM32WBA55HGF7, STM32WBA55UEI6, STM32WBA55UEI6TR, STM32WBA55UEI7, STM32WBA55UEI7TR, STM32WBA55UGI6, STM32WBA55UGI6TR, STM32WBA55UGI7, STM32WBA55UGI7TR, STM32WL5MOCH6, STM32WL5MOCH6TR]
2024-10-28 21:27:49,411 [INFO] DbMcus:218 - Found 4252 MCUs, 4252 are supported
2024-10-28 21:27:49,411 [INFO] ApiDb:423 - Load user favorites file /home/nakarin/.stm32cubeide/favorites.mcus.txt: 0 item(s)
2024-10-28 21:27:49,412 [INFO] ApiDb:427 - User favorites MCUs=[]
2024-10-28 21:27:49,412 [INFO] DbMcus:224 - Set 0 / 0 favorites MCUs
2024-10-28 21:27:49,778 [INFO] ApiDb:423 - Load user favorites file /home/nakarin/.stm32cubeide/favorites.boards.txt: 0 item(s)
2024-10-28 21:27:49,778 [INFO] ApiDb:427 - User favorites Boards=[]
2024-10-28 21:27:49,778 [INFO] DbBoards:198 - Set 0 / 0 favorites Boards
2024-10-28 21:27:49,838 [INFO] UtilMem:75 - End LoadConfig() Used Memory: 701876408 Bytes (1073741824)
2024-10-28 21:27:50,013 [WARN] ThirdParty:833 - waiting for thirdparty lock release [change project]
2024-10-28 21:27:50,013 [INFO] ThirdParty:835 - entering critical section [change project]
2024-10-28 21:27:50,014 [INFO] ThirdParty:1030 - CMSIS Pack Vendor :STMicroelectronics USBPD 4.1
2024-10-28 21:27:50,014 [INFO] ThirdParty:1030 - CMSIS Pack Vendor :STMicroelectronics X-CUBE-AZRTOS-H7 3.3.0
2024-10-28 21:27:50,014 [INFO] ThirdParty:1030 - CMSIS Pack Vendor :STMicroelectronics X-CUBE-NFC9 1.0.0
2024-10-28 21:27:50,014 [INFO] ThirdParty:1030 - CMSIS Pack Vendor :STMicroelectronics USB_HOST 2.0.0
2024-10-28 21:27:50,014 [INFO] ThirdParty:1030 - CMSIS Pack Vendor :STMicroelectronics FP-SNS-MOTENVWB1 1.4.0
2024-10-28 21:27:50,014 [INFO] ThirdParty:1030 - CMSIS Pack Vendor :STMicroelectronics X-CUBE-AZRTOS-F4 1.1.0
2024-10-28 21:27:50,014 [INFO] ThirdParty:1030 - CMSIS Pack Vendor :STMicroelectronics LIBJPEG 8.0.0
2024-10-28 21:27:50,014 [INFO] ThirdParty:1030 - CMSIS Pack Vendor :STMicroelectronics X-CUBE-SMBUS 2.1.0
2024-10-28 21:27:50,014 [INFO] ThirdParty:1030 - CMSIS Pack Vendor :STMicroelectronics X-CUBE-WB05N 1.1.0
2024-10-28 21:27:50,014 [INFO] ThirdParty:1030 - CMSIS Pack Vendor :STMicroelectronics USB_DEVICE 3.0.0
2024-10-28 21:27:50,014 [INFO] ThirdParty:1030 - CMSIS Pack Vendor :STMicroelectronics X-CUBE-TCPP 4.1.0
2024-10-28 21:27:50,014 [INFO] ThirdParty:1030 - CMSIS Pack Vendor :STMicroelectronics X-CUBE-ISPU 2.1.0
2024-10-28 21:27:50,014 [INFO] ThirdParty:1030 - CMSIS Pack Vendor :STMicroelectronics X-CUBE-FREERTOS 1.2.0
2024-10-28 21:27:50,014 [INFO] ThirdParty:1030 - CMSIS Pack Vendor :STMicroelectronics X-CUBE-IPS 3.0.0
2024-10-28 21:27:50,014 [INFO] ThirdParty:1030 - CMSIS Pack Vendor :STMicroelectronics X-CUBE-AZRTOS-WB 2.0.0
2024-10-28 21:27:50,014 [INFO] ThirdParty:1030 - CMSIS Pack Vendor :STMicroelectronics X-CUBE-GNSS1 7.0.0
2024-10-28 21:27:50,014 [INFO] ThirdParty:1030 - CMSIS Pack Vendor :STMicroelectronics X-CUBE-AZRTOS-F7 1.1.0
2024-10-28 21:27:50,014 [INFO] ThirdParty:1030 - CMSIS Pack Vendor :STMicroelectronics X-CUBE-AZRTOS-L5 2.0.0
2024-10-28 21:27:50,014 [INFO] ThirdParty:1030 - CMSIS Pack Vendor :STMicroelectronics USB_DEVICE 2.0.0
2024-10-28 21:27:50,014 [INFO] ThirdParty:1030 - CMSIS Pack Vendor :STMicroelectronics X-CUBE-NFC6 3.1.0
2024-10-28 21:27:50,014 [INFO] ThirdParty:1030 - CMSIS Pack Vendor :STMicroelectronics FP-SNS-STBOX1 2.0.0
2024-10-28 21:27:50,014 [INFO] ThirdParty:1030 - CMSIS Pack Vendor :STMicroelectronics X-CUBE-MEMS1 11.0.0
2024-10-28 21:27:50,015 [INFO] ThirdParty:1030 - CMSIS Pack Vendor :STMicroelectronics FreeRTOS 0.0.1
2024-10-28 21:27:50,015 [INFO] ThirdParty:1030 - CMSIS Pack Vendor :STMicroelectronics X-CUBE-AZRTOS-G0 1.1.0
2024-10-28 21:27:50,015 [INFO] ThirdParty:1030 - CMSIS Pack Vendor :STMicroelectronics X-CUBE-SAFEA1 1.2.2
2024-10-28 21:27:50,015 [INFO] ThirdParty:1030 - CMSIS Pack Vendor :STMicroelectronics X-CUBE-NFC4 3.0.0
2024-10-28 21:27:50,015 [INFO] ThirdParty:1030 - CMSIS Pack Vendor :STMicroelectronics X-CUBE-DPower 1.2.0
2024-10-28 21:27:50,015 [INFO] ThirdParty:1030 - CMSIS Pack Vendor :STMicroelectronics X-CUBE-SUBG2 5.0.0
2024-10-28 21:27:50,015 [INFO] ThirdParty:1030 - CMSIS Pack Vendor :STMicroelectronics STM32_WPAN 1.0.0
2024-10-28 21:27:50,015 [INFO] ThirdParty:1030 - CMSIS Pack Vendor :EmbeddedOffice I-CUBE-FS-RTOS 1.0.1
2024-10-28 21:27:50,015 [INFO] ThirdParty:1030 - CMSIS Pack Vendor :STMicroelectronics lwIP 2.0.3
2024-10-28 21:27:50,015 [INFO] ThirdParty:1030 - CMSIS Pack Vendor :STMicroelectronics FP-SNS-FLIGHT1 5.0.2
2024-10-28 21:27:50,015 [INFO] ThirdParty:1030 - CMSIS Pack Vendor :Cesanta I-CUBE-Mongoose 7.13.0
2024-10-28 21:27:50,015 [INFO] ThirdParty:1030 - CMSIS Pack Vendor :STMicroelectronics USB_HOST 1.0.0
2024-10-28 21:27:50,015 [INFO] ThirdParty:1030 - CMSIS Pack Vendor :STMicroelectronics X-CUBE-AZRTOS-G4 2.0.0
2024-10-28 21:27:50,015 [INFO] ThirdParty:1030 - CMSIS Pack Vendor :STMicroelectronics PDM2PCM 3.1.0
2024-10-28 21:27:50,016 [INFO] ThirdParty:1030 - CMSIS Pack Vendor :STMicroelectronics PDM2PCM 3.3.0
2024-10-28 21:27:50,016 [INFO] ThirdParty:1030 - CMSIS Pack Vendor :STMicroelectronics X-CUBE-DISPLAY 3.0.0
2024-10-28 21:27:50,016 [INFO] ThirdParty:1030 - CMSIS Pack Vendor :RealThread X-CUBE-RT-Thread_Nano 4.1.1
2024-10-28 21:27:50,016 [INFO] ThirdParty:1030 - CMSIS Pack Vendor :STMicroelectronics X-CUBE-BLE1 7.0.0
2024-10-28 21:27:50,016 [INFO] ThirdParty:1030 - CMSIS Pack Vendor :STMicroelectronics FP-ATR-SIGFOX1 3.2.0
2024-10-28 21:27:50,016 [INFO] ThirdParty:1030 - CMSIS Pack Vendor :STMicroelectronics X-CUBE-NFC10 1.0.0
2024-10-28 21:27:50,016 [INFO] ThirdParty:1030 - CMSIS Pack Vendor :wolfSSL I-CUBE-wolfSSL 5.7.2
2024-10-28 21:27:50,016 [INFO] ThirdParty:1030 - CMSIS Pack Vendor :STMicroelectronics X-CUBE-EEPRMA1 5.1.0
2024-10-28 21:27:50,016 [INFO] ThirdParty:1030 - CMSIS Pack Vendor :STMicroelectronics HAL Drivers 0.0.0
2024-10-28 21:27:50,016 [INFO] ThirdParty:1030 - CMSIS Pack Vendor :STMicroelectronics MBEDTLS 2.16.2
2024-10-28 21:27:50,016 [INFO] ThirdParty:1030 - CMSIS Pack Vendor :STMicroelectronics X-CUBE-ALS 1.0.2
2024-10-28 21:27:50,016 [INFO] ThirdParty:1030 - CMSIS Pack Vendor :emotas I-CUBE-CANOPEN 1.3.0
2024-10-28 21:27:50,016 [INFO] ThirdParty:1030 - CMSIS Pack Vendor :STMicroelectronics X-CUBE-NFC7 1.0.1
2024-10-28 21:27:50,016 [INFO] ThirdParty:1030 - CMSIS Pack Vendor :STMicroelectronics MBEDTLS 2.14.1
2024-10-28 21:27:50,016 [INFO] ThirdParty:1030 - CMSIS Pack Vendor :ITTIA_DB I-CUBE-ITTIADB 8.9.0
2024-10-28 21:27:50,016 [INFO] ThirdParty:1030 - CMSIS Pack Vendor :STMicroelectronics X-CUBE-TOUCHGFX 4.24.1
2024-10-28 21:27:50,016 [INFO] ThirdParty:1030 - CMSIS Pack Vendor :wolfSSL I-CUBE-wolfTPM 3.4.0
2024-10-28 21:27:50,016 [INFO] ThirdParty:1030 - CMSIS Pack Vendor :portGmbH I-Cube-SoM-uGOAL 1.1.0
2024-10-28 21:27:50,016 [INFO] ThirdParty:1030 - CMSIS Pack Vendor :STMicroelectronics X-CUBE-BLEMGR 3.1.0
2024-10-28 21:27:50,016 [INFO] ThirdParty:1030 - CMSIS Pack Vendor :STMicroelectronics ThreadX 1.0.0
2024-10-28 21:27:50,016 [INFO] ThirdParty:1030 - CMSIS Pack Vendor :STMicroelectronics FP-SNS-SMARTAG2 1.2.0
2024-10-28 21:27:50,016 [INFO] ThirdParty:1030 - CMSIS Pack Vendor :STMicroelectronics X-CUBE-AZRTOS-WL 2.0.0
2024-10-28 21:27:50,017 [INFO] ThirdParty:1030 - CMSIS Pack Vendor :SEGGER I-CUBE-embOS 1.3.1
2024-10-28 21:27:50,017 [INFO] ThirdParty:1030 - CMSIS Pack Vendor :STMicroelectronics X-CUBE-ALGOBUILD 1.4.0
2024-10-28 21:27:50,017 [INFO] ThirdParty:1030 - CMSIS Pack Vendor :STMicroelectronics FP-SNS-MOTENV1 5.0.0
2024-10-28 21:27:50,017 [INFO] ThirdParty:1030 - CMSIS Pack Vendor :STMicroelectronics USB_DEVICE 1.0.0
2024-10-28 21:27:50,017 [INFO] ThirdParty:1030 - CMSIS Pack Vendor :STMicroelectronics X-CUBE-AZRTOS-H7RS 1.0.0
2024-10-28 21:27:50,017 [INFO] ThirdParty:1030 - CMSIS Pack Vendor :wolfSSL I-CUBE-wolfMQTT 1.19.0
2024-10-28 21:27:50,017 [INFO] ThirdParty:1030 - CMSIS Pack Vendor :STMicroelectronics X-CUBE-AZRTOS-L4 2.0.0
2024-10-28 21:27:50,017 [INFO] ThirdParty:1030 - CMSIS Pack Vendor :STMicroelectronics ThreadX 0.0.2
2024-10-28 21:27:50,017 [INFO] ThirdParty:1030 - CMSIS Pack Vendor :WES I-CUBE-Cesium 1.3.0
2024-10-28 21:27:50,017 [INFO] ThirdParty:1030 - CMSIS Pack Vendor :STMicroelectronics FP-ATR-ASTRA1 2.0.0
2024-10-28 21:27:50,017 [INFO] ThirdParty:1030 - CMSIS Pack Vendor :STMicroelectronics lwIP 2.1.2
2024-10-28 21:27:50,017 [INFO] ThirdParty:1030 - CMSIS Pack Vendor :STMicroelectronics X-CUBE-SFXS2LP1 4.0.0
2024-10-28 21:27:50,017 [INFO] ThirdParty:1030 - CMSIS Pack Vendor :STMicroelectronics X-CUBE-BLE2 3.3.0
2024-10-28 21:27:50,017 [INFO] ThirdParty:1030 - CMSIS Pack Vendor :STMicroelectronics X-CUBE-TOF1 3.4.2
2024-10-28 21:27:50,018 [INFO] ThirdParty:1030 - CMSIS Pack Vendor :STMicroelectronics X-CUBE-AI 9.1.0
2024-10-28 21:27:50,018 [INFO] ThirdParty:1030 - CMSIS Pack Vendor :Infineon AIROC-Wi-Fi-Bluetooth-STM32 1.6.1
2024-10-28 21:27:50,018 [INFO] ThirdParty:1030 - CMSIS Pack Vendor :STMicroelectronics PDM2PCM 3.2.0
2024-10-28 21:27:50,018 [INFO] ThirdParty:1030 - CMSIS Pack Vendor :wolfSSL I-CUBE-wolfSSH 1.4.17
2024-10-28 21:27:50,018 [INFO] ThirdParty:841 - exiting critical section [change project]
2024-10-28 21:27:50,656 [INFO] PinOutPanel:1561 - setPackage(No Configuration,No Configuration)
2024-10-28 21:27:50,657 [INFO] PinOutPanel:1561 - setPackage(STM32G474RETx,LQFP64)
2024-10-28 21:27:51,447 [INFO] UtilMem:75 - Before build in PCC Used Memory: 837581152 Bytes (1073741824)
2024-10-28 21:27:52,539 [INFO] UtilMem:75 - After build in PCC Used Memory: 757895680 Bytes (1073741824)
2024-10-28 21:27:52,560 [INFO] ApiDbMcu:508 - Load IP Config File for FREERTOS
2024-10-28 21:27:52,617 [INFO] IPUIPlugin:80 - create IPUIPlugin
2024-10-28 21:27:52,617 [INFO] IPUIPlugin:80 - create IPUIPlugin
2024-10-28 21:27:52,617 [INFO] IPUIPlugin:80 - create IPUIPlugin
2024-10-28 21:27:52,617 [INFO] IPUIPlugin:80 - create IPUIPlugin
2024-10-28 21:27:52,618 [INFO] IPUIPlugin:80 - create IPUIPlugin
2024-10-28 21:27:52,618 [INFO] IPUIPlugin:80 - create IPUIPlugin
2024-10-28 21:27:52,618 [INFO] IPUIPlugin:80 - create IPUIPlugin
2024-10-28 21:27:52,618 [INFO] IPUIPlugin:80 - create IPUIPlugin
2024-10-28 21:27:52,618 [INFO] IPUIPlugin:80 - create IPUIPlugin
2024-10-28 21:27:52,618 [INFO] IPUIPlugin:80 - create IPUIPlugin
2024-10-28 21:27:52,618 [INFO] IPUIPlugin:80 - create IPUIPlugin
2024-10-28 21:27:52,618 [INFO] IPUIPlugin:80 - create IPUIPlugin
2024-10-28 21:27:52,619 [INFO] IPUIPlugin:80 - create IPUIPlugin
2024-10-28 21:27:52,619 [INFO] IPUIPlugin:80 - create IPUIPlugin
2024-10-28 21:27:52,619 [INFO] IPUIPlugin:80 - create IPUIPlugin
2024-10-28 21:27:52,620 [INFO] IPUIPlugin:80 - create IPUIPlugin
2024-10-28 21:27:52,620 [INFO] IPUIPlugin:80 - create IPUIPlugin
2024-10-28 21:27:52,621 [INFO] IPUIPlugin:80 - create IPUIPlugin
2024-10-28 21:27:52,621 [INFO] IPUIPlugin:80 - create IPUIPlugin
2024-10-28 21:27:52,621 [INFO] IPUIPlugin:80 - create IPUIPlugin
2024-10-28 21:27:52,621 [INFO] IPUIPlugin:80 - create IPUIPlugin
2024-10-28 21:27:52,622 [INFO] IPUIPlugin:80 - create IPUIPlugin
2024-10-28 21:27:52,622 [INFO] IPUIPlugin:80 - create IPUIPlugin
2024-10-28 21:27:52,622 [INFO] IPUIPlugin:80 - create IPUIPlugin
2024-10-28 21:27:52,623 [INFO] IPUIPlugin:80 - create IPUIPlugin
2024-10-28 21:27:52,623 [INFO] IPUIPlugin:80 - create IPUIPlugin
2024-10-28 21:27:52,624 [INFO] IPUIPlugin:80 - create IPUIPlugin
2024-10-28 21:27:52,624 [INFO] IPUIPlugin:80 - create IPUIPlugin
2024-10-28 21:27:52,624 [INFO] IPUIPlugin:80 - create IPUIPlugin
2024-10-28 21:27:52,625 [INFO] IPUIPlugin:80 - create IPUIPlugin
2024-10-28 21:27:52,625 [INFO] IPUIPlugin:80 - create IPUIPlugin
2024-10-28 21:27:52,625 [INFO] IPUIPlugin:80 - create IPUIPlugin
2024-10-28 21:27:52,626 [INFO] IPUIPlugin:80 - create IPUIPlugin
2024-10-28 21:27:52,626 [INFO] IPUIPlugin:80 - create IPUIPlugin
2024-10-28 21:27:52,626 [INFO] IPUIPlugin:80 - create IPUIPlugin
2024-10-28 21:27:52,627 [INFO] IPUIPlugin:80 - create IPUIPlugin
2024-10-28 21:27:52,627 [INFO] IPUIPlugin:80 - create IPUIPlugin
2024-10-28 21:27:52,628 [INFO] IPUIPlugin:80 - create IPUIPlugin
2024-10-28 21:27:52,628 [INFO] IPUIPlugin:80 - create IPUIPlugin
2024-10-28 21:27:52,629 [INFO] IPUIPlugin:80 - create IPUIPlugin
2024-10-28 21:27:52,629 [INFO] IPUIPlugin:80 - create IPUIPlugin
2024-10-28 21:27:52,629 [INFO] IPUIPlugin:80 - create IPUIPlugin
2024-10-28 21:27:52,630 [INFO] IPUIPlugin:80 - create IPUIPlugin
2024-10-28 21:27:52,630 [INFO] IPUIPlugin:80 - create IPUIPlugin
2024-10-28 21:27:52,631 [INFO] IPUIPlugin:80 - create IPUIPlugin
2024-10-28 21:27:52,631 [INFO] IPUIPlugin:80 - create IPUIPlugin
2024-10-28 21:27:52,631 [INFO] IPUIPlugin:80 - create IPUIPlugin
2024-10-28 21:27:52,632 [INFO] IPUIPlugin:80 - create IPUIPlugin
2024-10-28 21:27:52,633 [INFO] IPUIPlugin:80 - create IPUIPlugin
2024-10-28 21:27:52,634 [INFO] IPUIPlugin:80 - create IPUIPlugin
2024-10-28 21:27:52,634 [INFO] IPUIPlugin:80 - create IPUIPlugin
2024-10-28 21:27:52,635 [INFO] IPUIPlugin:80 - create IPUIPlugin
2024-10-28 21:27:52,635 [INFO] IPUIPlugin:80 - create IPUIPlugin
2024-10-28 21:27:52,635 [INFO] IPUIPlugin:80 - create IPUIPlugin
2024-10-28 21:27:52,636 [INFO] IPUIPlugin:80 - create IPUIPlugin
2024-10-28 21:27:52,636 [INFO] IPUIPlugin:80 - create IPUIPlugin
2024-10-28 21:27:52,637 [INFO] IPUIPlugin:80 - create IPUIPlugin
2024-10-28 21:27:52,637 [INFO] IPUIPlugin:80 - create IPUIPlugin
2024-10-28 21:27:52,637 [INFO] IPUIPlugin:80 - create IPUIPlugin
2024-10-28 21:27:52,637 [INFO] IPUIPlugin:80 - create IPUIPlugin
2024-10-28 21:27:52,637 [INFO] IPUIPlugin:80 - create IPUIPlugin
2024-10-28 21:27:52,637 [INFO] IPUIPlugin:80 - create IPUIPlugin
2024-10-28 21:27:52,638 [INFO] IPUIPlugin:80 - create IPUIPlugin
2024-10-28 21:27:52,638 [INFO] IPUIPlugin:80 - create IPUIPlugin
2024-10-28 21:27:52,638 [INFO] IPUIPlugin:80 - create IPUIPlugin
2024-10-28 21:27:52,638 [INFO] IPUIPlugin:80 - create IPUIPlugin
2024-10-28 21:27:52,638 [INFO] IPUIPlugin:80 - create IPUIPlugin
2024-10-28 21:27:52,639 [INFO] IPUIPlugin:80 - create IPUIPlugin
2024-10-28 21:27:52,640 [INFO] IPUIPlugin:80 - create IPUIPlugin
2024-10-28 21:27:52,640 [INFO] IPUIPlugin:80 - create IPUIPlugin
2024-10-28 21:27:52,640 [INFO] IPUIPlugin:80 - create IPUIPlugin
2024-10-28 21:27:52,641 [INFO] IPUIPlugin:80 - create IPUIPlugin
2024-10-28 21:27:52,642 [INFO] IPUIPlugin:80 - create IPUIPlugin
2024-10-28 21:27:52,642 [INFO] IPUIPlugin:80 - create IPUIPlugin
2024-10-28 21:27:52,643 [INFO] IPUIPlugin:80 - create IPUIPlugin
2024-10-28 21:27:52,644 [INFO] IPUIPlugin:80 - create IPUIPlugin
2024-10-28 21:27:52,645 [INFO] IPUIPlugin:80 - create IPUIPlugin
2024-10-28 21:27:52,646 [INFO] IPUIPlugin:80 - create IPUIPlugin
2024-10-28 21:27:52,696 [WARN] FreeRTOS:1023 - Null or empty value: should not occur! (nothing added to the table)
2024-10-28 21:27:52,894 [INFO] CADModel:165 - CPN selected for project levelSTM32G474RET6
2024-10-28 21:27:52,894 [INFO] CADModel:114 - Register for checkConnection events
2024-10-28 21:27:52,898 [INFO] RtosManager:697 - Active RTOS found at IOC load: FREERTOS [Cortex-M4NS]
2024-10-28 21:27:52,942 [INFO] OpenFileManager:363 - Restore cursor
2024-10-28 21:28:59,982 [INFO] WebApp:189 - Connection lost
2024-10-28 21:29:00,120 [INFO] WebApp:186 - Connection restablished
2024-10-28 21:30:20,287 [INFO] WebApp:189 - Connection lost
2024-10-28 21:30:20,421 [INFO] WebApp:186 - Connection restablished
2024-10-28 21:34:07,627 [INFO] WebApp:189 - Connection lost
2024-10-28 21:34:07,754 [INFO] WebApp:186 - Connection restablished
2024-10-28 21:35:15,300 [INFO] WebApp:189 - Connection lost
2024-10-28 21:35:15,435 [INFO] WebApp:186 - Connection restablished
2024-10-28 21:35:31,202 [INFO] WebApp:189 - Connection lost
2024-10-28 21:35:31,319 [INFO] WebApp:186 - Connection restablished
2024-10-28 21:37:02,116 [INFO] WebApp:189 - Connection lost
2024-10-28 21:37:02,250 [INFO] WebApp:186 - Connection restablished
2024-10-28 21:38:53,203 [INFO] WebApp:189 - Connection lost
2024-10-28 21:38:53,338 [INFO] WebApp:186 - Connection restablished
2024-10-28 21:39:27,526 [INFO] WebApp:189 - Connection lost
2024-10-28 21:39:27,671 [INFO] WebApp:186 - Connection restablished
2024-10-28 22:17:14,396 [INFO] WebApp:189 - Connection lost
2024-10-28 22:17:14,554 [INFO] WebApp:186 - Connection restablished
2024-10-28 22:17:32,664 [INFO] WebApp:189 - Connection lost
2024-10-28 22:17:32,777 [INFO] WebApp:186 - Connection restablished
2024-10-28 22:19:02,937 [INFO] WebApp:189 - Connection lost
2024-10-28 22:19:03,081 [INFO] WebApp:186 - Connection restablished
2024-10-28 22:21:33,227 [INFO] Activator:176 - 


2024-10-28 22:21:33,229 [INFO] Activator:177 - !SESSION log4j initialized
2024-10-28 22:21:37,561 [INFO] LogOutputStream:77 - [STDOUT_REDIRECT] 
2024-10-28 22:21:38,373 [INFO] ApplicationProperties:184 - Using Application install path: /opt/st/stm32cubeide_1.16.1/plugins/com.st.stm32cube.common.mx_6.12.1.202409122256
2024-10-28 22:21:38,394 [INFO] DbMcusXml:78 - Set database path to: /opt/st/stm32cubeide_1.16.1/plugins/com.st.stm32cube.common.mx_6.12.1.202409122256//db//mcu/
2024-10-28 22:21:38,395 [INFO] ApiDb:274 - Set plugin database path to: /opt/st/stm32cubeide_1.16.1/plugins/com.st.stm32cube.common.mx_6.12.1.202409122256//db//plugins/boardmanager/
2024-10-28 22:21:38,395 [WARN] ApiDb:259 - Overriding images path with different value:  => /opt/st/stm32cubeide_1.16.1/plugins/com.st.stm32cube.common.mx_6.12.1.202409122256//db//plugins/mcufinder/images/
2024-10-28 22:21:38,401 [INFO] ApiDb:250 - Set database path to: /home/nakarin/.stmcufinder/plugins/mcufinder//mcu/
2024-10-28 22:21:38,402 [INFO] DbMcusAds:125 - Set database path to: /home/nakarin/.stmcufinder/plugins/mcufinder//mcu/
2024-10-28 22:21:38,405 [INFO] CrossReferenceDbSqlite:203 - Set database path to: /home/nakarin/.stmcufinder/plugins/mcufinder//mcu/cs/
2024-10-28 22:21:38,548 [INFO] RulesReader:64 - Compatibility file has been processed (297 Rules)
2024-10-28 22:21:38,614 [INFO] DbMcusXml:78 - Set database path to: /opt/st/stm32cubeide_1.16.1/plugins/com.st.stm32cube.common.mx_6.12.1.202409122256//db//mcu/
2024-10-28 22:21:38,614 [INFO] ApiDb:274 - Set plugin database path to: /opt/st/stm32cubeide_1.16.1/plugins/com.st.stm32cube.common.mx_6.12.1.202409122256//db//plugins/boardmanager/
2024-10-28 22:21:38,614 [INFO] ApiDb:261 - Set plugin images path to: /opt/st/stm32cubeide_1.16.1/plugins/com.st.stm32cube.common.mx_6.12.1.202409122256//db//plugins/mcufinder/images/
2024-10-28 22:21:38,614 [WARN] DbFile:41 - Overriding database path with different value: /home/nakarin/.stmcufinder/plugins/mcufinder/ => /home/nakarin/.stmcufinder/plugins/mcufinder
2024-10-28 22:21:38,615 [INFO] ApiDb:250 - Set database path to: /home/nakarin/.stmcufinder/plugins/mcufinder//mcu/
2024-10-28 22:21:38,615 [WARN] DbFile:41 - Overriding database path with different value: /home/nakarin/.stmcufinder/plugins/mcufinder/ => /home/nakarin/.stmcufinder/plugins/mcufinder
2024-10-28 22:21:38,615 [INFO] DbMcusAds:125 - Set database path to: /home/nakarin/.stmcufinder/plugins/mcufinder//mcu/
2024-10-28 22:21:38,615 [WARN] DbFile:41 - Overriding database path with different value: /home/nakarin/.stmcufinder/plugins/mcufinder/ => /home/nakarin/.stmcufinder/plugins/mcufinder
2024-10-28 22:21:38,615 [WARN] DbFile:41 - Overriding database path with different value: /home/nakarin/.stmcufinder/plugins/mcufinder/ => /home/nakarin/.stmcufinder/plugins/mcufinder
2024-10-28 22:21:38,615 [INFO] CrossReferenceDbSqlite:203 - Set database path to: /home/nakarin/.stmcufinder/plugins/mcufinder//mcu/cs/
2024-10-28 22:21:38,694 [INFO] MainPanel:268 - HeapMemory: 268435456
2024-10-28 22:21:38,805 [INFO] DbMcusXml:78 - Set database path to: /opt/st/stm32cubeide_1.16.1/plugins/com.st.stm32cube.common.mx_6.12.1.202409122256//db//mcu/
2024-10-28 22:21:38,805 [INFO] ApiDb:274 - Set plugin database path to: /opt/st/stm32cubeide_1.16.1/plugins/com.st.stm32cube.common.mx_6.12.1.202409122256//db//plugins/boardmanager/
2024-10-28 22:21:38,805 [INFO] ApiDb:261 - Set plugin images path to: /opt/st/stm32cubeide_1.16.1/plugins/com.st.stm32cube.common.mx_6.12.1.202409122256//db//plugins/mcufinder/images/
2024-10-28 22:21:38,805 [WARN] DbFile:41 - Overriding database path with different value: /home/nakarin/.stmcufinder/plugins/mcufinder/ => /home/nakarin/.stmcufinder/plugins/mcufinder
2024-10-28 22:21:38,806 [INFO] ApiDb:250 - Set database path to: /home/nakarin/.stmcufinder/plugins/mcufinder//mcu/
2024-10-28 22:21:38,806 [WARN] DbFile:41 - Overriding database path with different value: /home/nakarin/.stmcufinder/plugins/mcufinder/ => /home/nakarin/.stmcufinder/plugins/mcufinder
2024-10-28 22:21:38,806 [INFO] DbMcusAds:125 - Set database path to: /home/nakarin/.stmcufinder/plugins/mcufinder//mcu/
2024-10-28 22:21:38,806 [WARN] DbFile:41 - Overriding database path with different value: /home/nakarin/.stmcufinder/plugins/mcufinder/ => /home/nakarin/.stmcufinder/plugins/mcufinder
2024-10-28 22:21:38,806 [WARN] DbFile:41 - Overriding database path with different value: /home/nakarin/.stmcufinder/plugins/mcufinder/ => /home/nakarin/.stmcufinder/plugins/mcufinder
2024-10-28 22:21:38,806 [INFO] CrossReferenceDbSqlite:203 - Set database path to: /home/nakarin/.stmcufinder/plugins/mcufinder//mcu/cs/
2024-10-28 22:21:38,820 [INFO] ApplicationProperties:184 - Using Application install path: /opt/st/stm32cubeide_1.16.1/plugins/com.st.stm32cube.common.mx_6.12.1.202409122256
2024-10-28 22:21:38,821 [INFO] PluginManage:196 - Search for loadable plugins [exclusion list=, ]
2024-10-28 22:21:38,822 [INFO] PluginManage:310 - Check plugin analytics
2024-10-28 22:21:38,978 [INFO] AnalyticsPlugin:253 - Accepted Software Licenses: 
2024-10-28 22:21:38,978 [INFO] AnalyticsPlugin:255 - Accepted CMSIS Pack Licenses: 
2024-10-28 22:21:38,979 [INFO] AnalyticsPlugin:257 - Accepted Firmware Licenses: FW.G4.1.6.0
2024-10-28 22:21:38,984 [INFO] PluginManage:359 - Loaded plugin analytics (category:tool,tabindex:-1)
2024-10-28 22:21:38,984 [INFO] PluginManage:310 - Check plugin cadmodel
2024-10-28 22:21:38,990 [INFO] CADModel:105 - Init CAD model plugin
2024-10-28 22:21:38,991 [INFO] PluginManage:359 - Loaded plugin cadmodel (category:power,tabindex:5)
2024-10-28 22:21:38,991 [INFO] PluginManage:310 - Check plugin clock
2024-10-28 22:21:39,001 [INFO] PluginManage:359 - Loaded plugin clock (category:base,tabindex:2)
2024-10-28 22:21:39,001 [INFO] PluginManage:310 - Check plugin ddr
2024-10-28 22:21:39,003 [INFO] PluginManage:359 - Loaded plugin ddr (category:tool,tabindex:6)
2024-10-28 22:21:39,003 [INFO] PluginManage:310 - Check plugin filemanager
2024-10-28 22:21:39,138 [INFO] PluginManage:359 - Loaded plugin filemanager (category:base,tabindex:10)
2024-10-28 22:21:39,138 [INFO] PluginManage:310 - Check plugin ipmanager
2024-10-28 22:21:39,142 [INFO] PluginManage:359 - Loaded plugin ipmanager (category:base,tabindex:5)
2024-10-28 22:21:39,143 [INFO] PluginManage:310 - Check plugin lpbam
2024-10-28 22:21:39,152 [INFO] PluginManage:359 - Loaded plugin lpbam (category:base,tabindex:0)
2024-10-28 22:21:39,152 [INFO] PluginManage:310 - Check plugin memorymap
2024-10-28 22:21:39,162 [INFO] PluginManage:359 - Loaded plugin memorymap (category:base,tabindex:4)
2024-10-28 22:21:39,162 [INFO] PluginManage:310 - Check plugin pinoutandconfiguration
2024-10-28 22:21:39,168 [INFO] PluginManage:359 - Loaded plugin pinoutandconfiguration (category:base,tabindex:1)
2024-10-28 22:21:39,168 [INFO] PluginManage:310 - Check plugin pinoutconfig
2024-10-28 22:21:39,243 [WARN] SupportedApi:132 - Cannot load RTOS API schema: s4s-elt-must-match.1: The content of 'definitions' must match (annotation?, (simpleType | complexType)?, (unique | key | keyref)*)). A problem was found starting at: attribute.
2024-10-28 22:21:39,390 [INFO] PluginManage:359 - Loaded plugin pinoutconfig (category:base,tabindex:0)
2024-10-28 22:21:39,391 [INFO] PluginManage:310 - Check plugin power
2024-10-28 22:21:39,398 [INFO] PluginManage:359 - Loaded plugin power (category:power,tabindex:4)
2024-10-28 22:21:39,398 [INFO] PluginManage:310 - Check plugin projectmanager
2024-10-28 22:21:39,417 [INFO] PluginManage:359 - Loaded plugin projectmanager (category:projectmanager,tabindex:4)
2024-10-28 22:21:39,418 [INFO] PluginManage:310 - Check plugin rif
2024-10-28 22:21:39,422 [INFO] PluginManage:359 - Loaded plugin rif (category:base,tabindex:3)
2024-10-28 22:21:39,423 [INFO] PluginManage:310 - Check plugin thirdparty
2024-10-28 22:21:39,541 [INFO] PluginManage:359 - Loaded plugin thirdparty (category:base,tabindex:-1)
2024-10-28 22:21:39,541 [WARN] IntegrityCheckThread:84 - waiting for thirdparty lock release [integrity check]
2024-10-28 22:21:39,541 [INFO] IntegrityCheckThread:86 - entering critical section [integrity check]
2024-10-28 22:21:39,541 [INFO] PluginManage:310 - Check plugin tools
2024-10-28 22:21:39,542 [INFO] ThirdPartyUpdaterWithRetryManager:70 - Updater plugin not ready yet. [1/15]
2024-10-28 22:21:39,543 [INFO] PluginManage:359 - Loaded plugin tools (category:base,tabindex:7)
2024-10-28 22:21:39,543 [INFO] PluginManage:310 - Check plugin tutovideos
2024-10-28 22:21:39,750 [INFO] PluginManage:359 - Loaded plugin tutovideos (category:base,tabindex:-1)
2024-10-28 22:21:39,751 [INFO] PluginManage:310 - Check plugin updater
2024-10-28 22:21:39,766 [INFO] PluginManage:359 - Loaded plugin updater (category:base,tabindex:12)
2024-10-28 22:21:39,766 [INFO] PluginManage:310 - Check plugin userauth
2024-10-28 22:21:39,770 [INFO] UserAuth:113 - Init User Auth plugin
2024-10-28 22:21:39,770 [INFO] PluginManage:359 - Loaded plugin userauth (category:base,tabindex:14)
2024-10-28 22:21:39,771 [INFO] PluginManage:283 - PluginManage : Loaded plugins [18]
2024-10-28 22:21:39,935 [INFO] PinOutPanel:1561 - setPackage(No Configuration,No Configuration)
2024-10-28 22:21:39,998 [INFO] CADModel:165 - CPN selected for project level
2024-10-28 22:21:39,999 [INFO] CADModel:114 - Register for checkConnection events
2024-10-28 22:21:40,008 [INFO] IPUIPlugin:80 - create IPUIPlugin
2024-10-28 22:21:40,009 [INFO] PluginManager:220 - loadIPPluginJar : add ipddr
2024-10-28 22:21:40,010 [INFO] IPUIPlugin:80 - create IPUIPlugin
2024-10-28 22:21:40,011 [INFO] PluginManager:220 - loadIPPluginJar : add radio
2024-10-28 22:21:40,013 [INFO] IPUIPlugin:80 - create IPUIPlugin
2024-10-28 22:21:40,013 [INFO] PluginManager:220 - loadIPPluginJar : add cryp
2024-10-28 22:21:40,015 [INFO] IPUIPlugin:80 - create IPUIPlugin
2024-10-28 22:21:40,015 [INFO] PluginManager:220 - loadIPPluginJar : add usbx
2024-10-28 22:21:40,017 [INFO] IPUIPlugin:80 - create IPUIPlugin
2024-10-28 22:21:40,017 [INFO] PluginManager:220 - loadIPPluginJar : add tim
2024-10-28 22:21:40,018 [INFO] IPUIPlugin:80 - create IPUIPlugin
2024-10-28 22:21:40,019 [INFO] PluginManager:220 - loadIPPluginJar : add comp
2024-10-28 22:21:40,020 [INFO] IPUIPlugin:80 - create IPUIPlugin
2024-10-28 22:21:40,020 [INFO] PluginManager:220 - loadIPPluginJar : add i2s
2024-10-28 22:21:40,023 [INFO] IPUIPlugin:80 - create IPUIPlugin
2024-10-28 22:21:40,023 [INFO] PluginManager:220 - loadIPPluginJar : add nvic
2024-10-28 22:21:40,024 [INFO] IPUIPlugin:80 - create IPUIPlugin
2024-10-28 22:21:40,024 [INFO] PluginManager:220 - loadIPPluginJar : add genericplugin
2024-10-28 22:21:40,026 [INFO] IPUIPlugin:80 - create IPUIPlugin
2024-10-28 22:21:40,027 [INFO] PluginManager:220 - loadIPPluginJar : add sai
2024-10-28 22:21:40,028 [INFO] IPUIPlugin:80 - create IPUIPlugin
2024-10-28 22:21:40,028 [INFO] PluginManager:220 - loadIPPluginJar : add dma3
2024-10-28 22:21:40,031 [INFO] IPUIPlugin:80 - create IPUIPlugin
2024-10-28 22:21:40,031 [INFO] PluginManager:220 - loadIPPluginJar : add extmemmanager
2024-10-28 22:21:40,033 [INFO] IPUIPlugin:80 - create IPUIPlugin
2024-10-28 22:21:40,033 [INFO] PluginManager:220 - loadIPPluginJar : add can
2024-10-28 22:21:40,034 [INFO] IPUIPlugin:80 - create IPUIPlugin
2024-10-28 22:21:40,035 [INFO] PluginManager:220 - loadIPPluginJar : add quadspi
2024-10-28 22:21:40,036 [INFO] IPUIPlugin:80 - create IPUIPlugin
2024-10-28 22:21:40,036 [INFO] PluginManager:220 - loadIPPluginJar : add tsc
2024-10-28 22:21:40,038 [INFO] IPUIPlugin:80 - create IPUIPlugin
2024-10-28 22:21:40,039 [INFO] PluginManager:220 - loadIPPluginJar : add gtzc
2024-10-28 22:21:40,041 [INFO] IPUIPlugin:80 - create IPUIPlugin
2024-10-28 22:21:40,041 [INFO] PluginManager:220 - loadIPPluginJar : add openamp
2024-10-28 22:21:40,045 [INFO] IPUIPlugin:80 - create IPUIPlugin
2024-10-28 22:21:40,047 [INFO] PluginManager:220 - loadIPPluginJar : add plateformsettings
2024-10-28 22:21:40,054 [INFO] IPUIPlugin:80 - create IPUIPlugin
2024-10-28 22:21:40,054 [INFO] PluginManager:220 - loadIPPluginJar : add linkedlist
2024-10-28 22:21:40,059 [INFO] IPUIPlugin:80 - create IPUIPlugin
2024-10-28 22:21:40,059 [INFO] PluginManager:220 - loadIPPluginJar : add stm32_wpan
2024-10-28 22:21:40,063 [INFO] IPUIPlugin:80 - create IPUIPlugin
2024-10-28 22:21:40,063 [INFO] PluginManager:220 - loadIPPluginJar : add adc
2024-10-28 22:21:40,068 [INFO] IPUIPlugin:80 - create IPUIPlugin
2024-10-28 22:21:40,068 [INFO] PluginManager:220 - loadIPPluginJar : add gic
2024-10-28 22:21:40,069 [INFO] IPUIPlugin:80 - create IPUIPlugin
2024-10-28 22:21:40,070 [INFO] PluginManager:220 - loadIPPluginJar : add ucpd
2024-10-28 22:21:40,071 [INFO] IPUIPlugin:80 - create IPUIPlugin
2024-10-28 22:21:40,071 [INFO] PluginManager:220 - loadIPPluginJar : add usart
2024-10-28 22:21:40,075 [INFO] IPUIPlugin:80 - create IPUIPlugin
2024-10-28 22:21:40,076 [INFO] PluginManager:220 - loadIPPluginJar : add mdma
2024-10-28 22:21:40,077 [INFO] IPUIPlugin:80 - create IPUIPlugin
2024-10-28 22:21:40,077 [INFO] PluginManager:220 - loadIPPluginJar : add spi
2024-10-28 22:21:40,078 [INFO] IPUIPlugin:80 - create IPUIPlugin
2024-10-28 22:21:40,078 [INFO] PluginManager:220 - loadIPPluginJar : add ltdc
2024-10-28 22:21:40,079 [INFO] IPUIPlugin:80 - create IPUIPlugin
2024-10-28 22:21:40,079 [INFO] PluginManager:220 - loadIPPluginJar : add gfxmmu
2024-10-28 22:21:40,082 [INFO] IPUIPlugin:80 - create IPUIPlugin
2024-10-28 22:21:40,082 [INFO] PluginManager:220 - loadIPPluginJar : add resmgrutility
2024-10-28 22:21:40,083 [INFO] IPUIPlugin:80 - create IPUIPlugin
2024-10-28 22:21:40,083 [INFO] PluginManager:220 - loadIPPluginJar : add aes
2024-10-28 22:21:40,085 [INFO] IPUIPlugin:80 - create IPUIPlugin
2024-10-28 22:21:40,085 [INFO] PluginManager:220 - loadIPPluginJar : add opamp
2024-10-28 22:21:40,088 [INFO] IPUIPlugin:80 - create IPUIPlugin
2024-10-28 22:21:40,088 [INFO] PluginManager:220 - loadIPPluginJar : add lorawan
2024-10-28 22:21:40,090 [INFO] IPUIPlugin:80 - create IPUIPlugin
2024-10-28 22:21:40,090 [INFO] PluginManager:220 - loadIPPluginJar : add i2c
2024-10-28 22:21:40,092 [INFO] IPUIPlugin:80 - create IPUIPlugin
2024-10-28 22:21:40,092 [INFO] PluginManager:220 - loadIPPluginJar : add i3c
2024-10-28 22:21:40,095 [INFO] IPUIPlugin:80 - create IPUIPlugin
2024-10-28 22:21:40,096 [INFO] PluginManager:220 - loadIPPluginJar : add fmc
2024-10-28 22:21:40,097 [INFO] IPUIPlugin:80 - create IPUIPlugin
2024-10-28 22:21:40,097 [INFO] PluginManager:220 - loadIPPluginJar : add hash
2024-10-28 22:21:40,099 [INFO] IPUIPlugin:80 - create IPUIPlugin
2024-10-28 22:21:40,099 [INFO] PluginManager:220 - loadIPPluginJar : add gpio
2024-10-28 22:21:40,101 [INFO] IPUIPlugin:80 - create IPUIPlugin
2024-10-28 22:21:40,101 [INFO] PluginManager:220 - loadIPPluginJar : add ddr_ctrl_phy
2024-10-28 22:21:40,105 [INFO] IPUIPlugin:80 - create IPUIPlugin
2024-10-28 22:21:40,105 [INFO] PluginManager:220 - loadIPPluginJar : add dma
2024-10-28 22:21:40,107 [INFO] IPUIPlugin:80 - create IPUIPlugin
2024-10-28 22:21:40,107 [INFO] PluginManager:220 - loadIPPluginJar : add pdm2pcm
2024-10-28 22:21:40,108 [INFO] IPUIPlugin:80 - create IPUIPlugin
2024-10-28 22:21:40,108 [INFO] PluginManager:220 - loadIPPluginJar : add tracer_emb
2024-10-28 22:21:40,110 [INFO] IPUIPlugin:80 - create IPUIPlugin
2024-10-28 22:21:40,110 [INFO] PluginManager:220 - loadIPPluginJar : add ts
2024-10-28 22:21:40,111 [INFO] IPUIPlugin:80 - create IPUIPlugin
2024-10-28 22:21:40,111 [INFO] PluginManager:220 - loadIPPluginJar : add dfsdm
2024-10-28 22:21:40,116 [INFO] IPUIPlugin:80 - create IPUIPlugin
2024-10-28 22:21:40,116 [INFO] PluginManager:220 - loadIPPluginJar : add freertos
2024-10-28 22:21:40,117 [INFO] IPUIPlugin:80 - create IPUIPlugin
2024-10-28 22:21:40,117 [INFO] PluginManager:220 - loadIPPluginJar : add fatfs
2024-10-28 22:21:40,119 [INFO] IPUIPlugin:80 - create IPUIPlugin
2024-10-28 22:21:40,120 [INFO] PluginManager:220 - loadIPPluginJar : add touchsensing
2024-10-28 22:21:40,229 [INFO] CADModel:165 - CPN selected for project level
2024-10-28 22:21:40,229 [INFO] CADModel:114 - Register for checkConnection events
2024-10-28 22:21:40,230 [FATAL] Updater:334 - Updater called before beeing initialized
2024-10-28 22:21:40,231 [ERROR] CADModel:125 - Updater not yet initialized, retry later 
2024-10-28 22:21:40,452 [INFO] CADModel:165 - CPN selected for project level
2024-10-28 22:21:40,452 [INFO] CADModel:114 - Register for checkConnection events
2024-10-28 22:21:40,453 [FATAL] Updater:334 - Updater called before beeing initialized
2024-10-28 22:21:40,453 [ERROR] CADModel:125 - Updater not yet initialized, retry later 
2024-10-28 22:21:40,456 [FATAL] Updater:334 - Updater called before beeing initialized
2024-10-28 22:21:40,550 [FATAL] Updater:334 - Updater called before beeing initialized
2024-10-28 22:21:40,554 [INFO] DbMcusAds:53 - JSON generation date=Fri Sep 20 20:04:38 ICT 2024 (1726837478367)
2024-10-28 22:21:40,555 [FATAL] Updater:334 - Updater called before beeing initialized
2024-10-28 22:21:40,588 [WARN] DetailPanel:346 - Failed to get advertising image, set to default
2024-10-28 22:21:40,670 [FATAL] Updater:334 - Updater called before beeing initialized
2024-10-28 22:21:40,672 [FATAL] Updater:334 - Updater called before beeing initialized
2024-10-28 22:21:40,672 [FATAL] Updater:334 - Updater called before beeing initialized
2024-10-28 22:21:40,672 [WARN] DetailPanel:346 - Failed to get advertising image, set to default
2024-10-28 22:21:40,673 [FATAL] Updater:334 - Updater called before beeing initialized
2024-10-28 22:21:40,709 [ERROR] Updater:1164 - MainUpdater not yet initialized. External WinMGr cannot be set.
2024-10-28 22:21:40,711 [INFO] Updater:1100 - Updater Version found : 6.12.1
2024-10-28 22:21:40,731 [INFO] ApplicationProperties:184 - Using Application install path: /opt/st/stm32cubeide_1.16.1/plugins/com.st.stm32cube.common.mx_6.12.1.202409122256
2024-10-28 22:21:41,018 [INFO] MainUpdater:2873 - connection check result : 10
2024-10-28 22:21:41,019 [INFO] MainUpdater:290 - Updater Check For Update Now.
2024-10-28 22:21:41,019 [INFO] MicroXplorer:498 - Change Database Version : DB.6.0.121
2024-10-28 22:21:41,025 [INFO] McuFinderGlobals:63 - Set McuFinder mode to 2 (CubeIDE integrated)
2024-10-28 22:21:41,025 [INFO] UserAuth:417 - Internet connection configuration mode: 1
2024-10-28 22:21:41,044 [INFO] JxBrowserEngine:152 - Initiate JxBrowser Engine with user profile folder
2024-10-28 22:21:41,227 [INFO] CheckServerUpdateThread:120 - End of CheckServer Thread
2024-10-28 22:21:41,656 [INFO] WebApp:167 - Instantiating new browser for Auth
2024-10-28 22:21:42,409 [INFO] WebApp:448 - Apply proxy settings
2024-10-28 22:21:42,410 [INFO] WebApp:533 - Chromium requires no authentication
2024-10-28 22:21:42,417 [INFO] WebApp:476 - Direct internet connection detected
2024-10-28 22:21:42,439 [INFO] WebApp:869 - Register for checkConnection events
2024-10-28 22:21:42,440 [INFO] WebApp:448 - Apply proxy settings
2024-10-28 22:21:42,440 [INFO] WebApp:533 - Chromium requires no authentication
2024-10-28 22:21:42,440 [INFO] WebApp:476 - Direct internet connection detected
2024-10-28 22:21:42,591 [INFO] WebApp:220 - Starting web application
2024-10-28 22:21:42,591 [INFO] WebApp:578 - Web application path used /opt/st/stm32cubeide_1.16.1/plugins/com.st.stm32cube.common.mx_6.12.1.202409122256/db/plugins/mcufinder/reactClient1/index.html
2024-10-28 22:21:42,696 [WARN] PackLoader:240 - Cannot read IP mode file for STMicroelectronics.FP-SNS-MOTENVWB1.1.4.0
2024-10-28 22:21:42,706 [WARN] PackLoader:240 - Cannot read IP mode file for STMicroelectronics.X-CUBE-SMBUS.2.1.0
2024-10-28 22:21:42,717 [WARN] PackLoader:240 - Cannot read IP mode file for STMicroelectronics.X-CUBE-WB05N.1.1.0
2024-10-28 22:21:42,778 [WARN] PackLoader:240 - Cannot read IP mode file for STMicroelectronics.X-CUBE-AZRTOS-F7.1.1.0
2024-10-28 22:21:42,895 [WARN] PackLoader:240 - Cannot read IP mode file for STMicroelectronics.X-CUBE-MEMS1.11.0.0
2024-10-28 22:21:42,906 [INFO] WebApp:186 - Connection restablished
2024-10-28 22:21:43,044 [INFO] UserAuth:417 - Internet connection configuration mode: 1
2024-10-28 22:21:43,218 [WARN] PackLoader:240 - Cannot read IP mode file for STMicroelectronics.FP-SNS-FLIGHT1.5.0.2
2024-10-28 22:21:43,230 [WARN] PackLoader:240 - Cannot read IP mode file for STMicroelectronics.X-CUBE-DISPLAY.3.0.0
2024-10-28 22:21:43,242 [WARN] PackLoader:240 - Cannot read IP mode file for STMicroelectronics.X-CUBE-BLE1.7.0.0
2024-10-28 22:21:43,266 [WARN] PackLoader:240 - Cannot read IP mode file for STMicroelectronics.X-CUBE-NFC10.1.0.0
2024-10-28 22:21:43,276 [WARN] PackLoader:240 - Cannot read IP mode file for emotas.I-CUBE-CANOPEN.1.3.0
2024-10-28 22:21:43,294 [WARN] PackLoader:240 - Cannot read IP mode file for STMicroelectronics.X-CUBE-BLEMGR.3.1.0
2024-10-28 22:21:43,302 [WARN] PackLoader:240 - Cannot read IP mode file for STMicroelectronics.FP-SNS-SMARTAG2.1.2.0
2024-10-28 22:21:43,317 [INFO] LogOutputStream:77 - [STDOUT_REDIRECT] 1 : Invalid condition id : UX_CORESTACK_Condition cause : null
2024-10-28 22:21:43,319 [INFO] LogOutputStream:77 - [STDOUT_REDIRECT] 1 : Invalid condition id : UX_CORESTACK_Condition cause : null
2024-10-28 22:21:43,319 [INFO] LogOutputStream:77 - [STDOUT_REDIRECT] 1 : Invalid condition id : UX_CORESTACK_Condition cause : null
2024-10-28 22:21:43,320 [INFO] LogOutputStream:77 - [STDOUT_REDIRECT] 1 : Invalid condition id : UX_CORESTACK_Condition cause : null
2024-10-28 22:21:43,320 [INFO] LogOutputStream:77 - [STDOUT_REDIRECT] 1 : Invalid condition id : UX_CORESTACK_Condition cause : null
2024-10-28 22:21:43,325 [WARN] PackLoader:240 - Cannot read IP mode file for STMicroelectronics.X-CUBE-AZRTOS-WL.2.0.0
2024-10-28 22:21:43,332 [WARN] PackLoader:240 - Cannot read IP mode file for STMicroelectronics.FP-SNS-MOTENV1.5.0.0
2024-10-28 22:21:43,338 [WARN] PackLoader:240 - Cannot read IP mode file for wolfSSL.I-CUBE-wolfMQTT.1.19.0
2024-10-28 22:21:43,345 [WARN] PackLoader:240 - Cannot read IP mode file for WES.I-CUBE-Cesium.1.3.0
2024-10-28 22:21:43,350 [WARN] PackLoader:240 - Cannot read IP mode file for STMicroelectronics.X-CUBE-BLE2.3.3.0
2024-10-28 22:21:43,357 [WARN] PackLoader:240 - Cannot read IP mode file for STMicroelectronics.X-CUBE-NFC9.1.0.0
2024-10-28 22:21:43,370 [WARN] PackLoader:240 - Cannot read IP mode file for STMicroelectronics.X-CUBE-TCPP.4.1.0
2024-10-28 22:21:43,395 [WARN] PackLoader:240 - Cannot read IP mode file for STMicroelectronics.X-CUBE-AZRTOS-G0.1.1.0
2024-10-28 22:21:43,405 [WARN] PackLoader:240 - Cannot read IP mode file for STMicroelectronics.X-CUBE-SAFEA1.1.2.2
2024-10-28 22:21:43,412 [WARN] PackLoader:240 - Cannot read IP mode file for STMicroelectronics.X-CUBE-NFC4.3.0.0
2024-10-28 22:21:43,425 [WARN] PackLoader:240 - Cannot read IP mode file for EmbeddedOffice.I-CUBE-FS-RTOS.1.0.1
2024-10-28 22:21:43,425 [ERROR] ConditionMgr:805 - Attr not supported : Dmpu
2024-10-28 22:21:43,425 [ERROR] ConditionMgr:805 - Attr not supported : Dmpu
2024-10-28 22:21:43,425 [ERROR] ConditionMgr:805 - Attr not supported : Dmpu
2024-10-28 22:21:43,425 [ERROR] ConditionMgr:805 - Attr not supported : Dmpu
2024-10-28 22:21:43,425 [ERROR] ConditionMgr:805 - Attr not supported : Dmpu
2024-10-28 22:21:43,425 [ERROR] ConditionMgr:805 - Attr not supported : Dmpu
2024-10-28 22:21:43,426 [ERROR] ConditionMgr:805 - Attr not supported : Dmpu
2024-10-28 22:21:43,426 [ERROR] ConditionMgr:805 - Attr not supported : Dmpu
2024-10-28 22:21:43,426 [ERROR] ConditionMgr:805 - Attr not supported : Dmpu
2024-10-28 22:21:43,426 [ERROR] ConditionMgr:805 - Attr not supported : Dmpu
2024-10-28 22:21:43,426 [ERROR] ConditionMgr:805 - Attr not supported : Dmpu
2024-10-28 22:21:43,426 [ERROR] ConditionMgr:805 - Attr not supported : Dmpu
2024-10-28 22:21:43,426 [ERROR] ConditionMgr:805 - Attr not supported : Dmpu
2024-10-28 22:21:43,426 [ERROR] ConditionMgr:805 - Attr not supported : Dmpu
2024-10-28 22:21:43,426 [ERROR] ConditionMgr:805 - Attr not supported : Dmpu
2024-10-28 22:21:43,426 [ERROR] ConditionMgr:805 - Attr not supported : Dmpu
2024-10-28 22:21:43,426 [ERROR] ConditionMgr:805 - Attr not supported : Dmpu
2024-10-28 22:21:43,427 [ERROR] ConditionMgr:805 - Attr not supported : Dmpu
2024-10-28 22:21:43,427 [ERROR] ConditionMgr:805 - Attr not supported : Dmpu
2024-10-28 22:21:43,427 [ERROR] ConditionMgr:805 - Attr not supported : Dmpu
2024-10-28 22:21:43,427 [ERROR] ConditionMgr:805 - Attr not supported : Dmpu
2024-10-28 22:21:43,427 [ERROR] ConditionMgr:805 - Attr not supported : Dmpu
2024-10-28 22:21:43,427 [ERROR] ConditionMgr:805 - Attr not supported : Dmpu
2024-10-28 22:21:43,427 [ERROR] ConditionMgr:805 - Attr not supported : Dmpu
2024-10-28 22:21:43,427 [ERROR] ConditionMgr:805 - Attr not supported : Dmpu
2024-10-28 22:21:43,427 [ERROR] ConditionMgr:805 - Attr not supported : Dmpu
2024-10-28 22:21:43,427 [ERROR] ConditionMgr:805 - Attr not supported : Dmpu
2024-10-28 22:21:43,427 [ERROR] ConditionMgr:805 - Attr not supported : Dmpu
2024-10-28 22:21:43,428 [ERROR] ConditionMgr:805 - Attr not supported : Dmpu
2024-10-28 22:21:43,428 [ERROR] ConditionMgr:805 - Attr not supported : Dmpu
2024-10-28 22:21:43,428 [ERROR] ConditionMgr:805 - Attr not supported : Dmpu
2024-10-28 22:21:43,428 [ERROR] ConditionMgr:805 - Attr not supported : Dmpu
2024-10-28 22:21:43,428 [ERROR] ConditionMgr:805 - Attr not supported : Dmpu
2024-10-28 22:21:43,428 [ERROR] ConditionMgr:805 - Attr not supported : Dmpu
2024-10-28 22:21:43,428 [ERROR] ConditionMgr:805 - Attr not supported : Dmpu
2024-10-28 22:21:43,428 [ERROR] ConditionMgr:805 - Attr not supported : Dmpu
2024-10-28 22:21:43,428 [ERROR] ConditionMgr:805 - Attr not supported : Dmpu
2024-10-28 22:21:43,428 [ERROR] ConditionMgr:805 - Attr not supported : Dmpu
2024-10-28 22:21:43,429 [ERROR] ConditionMgr:805 - Attr not supported : Dmpu
2024-10-28 22:21:43,429 [ERROR] ConditionMgr:805 - Attr not supported : Dmpu
2024-10-28 22:21:43,429 [ERROR] ConditionMgr:805 - Attr not supported : Dmpu
2024-10-28 22:21:43,429 [ERROR] ConditionMgr:805 - Attr not supported : Dmpu
2024-10-28 22:21:43,429 [ERROR] ConditionMgr:805 - Attr not supported : Dmpu
2024-10-28 22:21:43,429 [ERROR] ConditionMgr:805 - Attr not supported : Dmpu
2024-10-28 22:21:43,429 [ERROR] ConditionMgr:805 - Attr not supported : Dmpu
2024-10-28 22:21:43,429 [ERROR] ConditionMgr:805 - Attr not supported : Dmpu
2024-10-28 22:21:43,429 [ERROR] ConditionMgr:805 - Attr not supported : Dmpu
2024-10-28 22:21:43,429 [ERROR] ConditionMgr:805 - Attr not supported : Dmpu
2024-10-28 22:21:43,429 [ERROR] ConditionMgr:805 - Attr not supported : Dmpu
2024-10-28 22:21:43,437 [ERROR] ConditionMgr:805 - Attr not supported : Dmpu
2024-10-28 22:21:43,437 [ERROR] ConditionMgr:805 - Attr not supported : Dmpu
2024-10-28 22:21:43,437 [ERROR] ConditionMgr:805 - Attr not supported : Dmpu
2024-10-28 22:21:43,437 [ERROR] ConditionMgr:805 - Attr not supported : Dmpu
2024-10-28 22:21:43,437 [ERROR] ConditionMgr:805 - Attr not supported : Dmpu
2024-10-28 22:21:43,438 [ERROR] ConditionMgr:805 - Attr not supported : Dmpu
2024-10-28 22:21:43,438 [ERROR] ConditionMgr:805 - Attr not supported : Dmpu
2024-10-28 22:21:43,438 [ERROR] ConditionMgr:805 - Attr not supported : Dmpu
2024-10-28 22:21:43,438 [ERROR] ConditionMgr:805 - Attr not supported : Dmpu
2024-10-28 22:21:43,438 [ERROR] ConditionMgr:805 - Attr not supported : Dmpu
2024-10-28 22:21:43,438 [ERROR] ConditionMgr:805 - Attr not supported : Dmpu
2024-10-28 22:21:43,438 [ERROR] ConditionMgr:805 - Attr not supported : Dmpu
2024-10-28 22:21:43,438 [ERROR] ConditionMgr:805 - Attr not supported : Dmpu
2024-10-28 22:21:43,438 [ERROR] ConditionMgr:805 - Attr not supported : Dmpu
2024-10-28 22:21:43,438 [ERROR] ConditionMgr:805 - Attr not supported : Dmpu
2024-10-28 22:21:43,443 [WARN] PackLoader:240 - Cannot read IP mode file for RealThread.X-CUBE-RT-Thread_Nano.4.1.1
2024-10-28 22:21:43,447 [WARN] PackLoader:240 - Cannot read IP mode file for STMicroelectronics.FP-ATR-SIGFOX1.3.2.0
2024-10-28 22:21:43,451 [WARN] PackLoader:240 - Cannot read IP mode file for wolfSSL.I-CUBE-wolfSSL.5.7.2
2024-10-28 22:21:43,458 [WARN] PackLoader:240 - Cannot read IP mode file for STMicroelectronics.X-CUBE-EEPRMA1.5.1.0
2024-10-28 22:21:43,466 [WARN] PackLoader:240 - Cannot read IP mode file for ITTIA_DB.I-CUBE-ITTIADB.8.9.0
2024-10-28 22:21:43,509 [WARN] PackLoader:240 - Cannot read IP mode file for SEGGER.I-CUBE-embOS.1.3.1
2024-10-28 22:21:43,578 [WARN] PackLoader:240 - Cannot read IP mode file for STMicroelectronics.X-CUBE-ALGOBUILD.1.4.0
2024-10-28 22:21:43,580 [WARN] PackLoader:240 - Cannot read IP mode file for STMicroelectronics.X-CUBE-AI.9.1.0
2024-10-28 22:21:43,595 [WARN] PackLoader:240 - Cannot read IP mode file for STMicroelectronics.X-CUBE-AZRTOS-F4.1.1.0
2024-10-28 22:21:43,601 [WARN] PackLoader:240 - Cannot read IP mode file for STMicroelectronics.X-CUBE-ISPU.2.1.0
2024-10-28 22:21:43,605 [WARN] PackLoader:240 - Cannot read IP mode file for STMicroelectronics.X-CUBE-FREERTOS.1.2.0
2024-10-28 22:21:43,629 [WARN] PackLoader:240 - Cannot read IP mode file for STMicroelectronics.X-CUBE-AZRTOS-L5.2.0.0
2024-10-28 22:21:43,640 [WARN] PackLoader:240 - Cannot read IP mode file for STMicroelectronics.X-CUBE-NFC6.3.1.0
2024-10-28 22:21:43,654 [WARN] PackLoader:240 - Cannot read IP mode file for STMicroelectronics.X-CUBE-DPower.1.2.0
2024-10-28 22:21:43,659 [WARN] PackLoader:240 - Cannot read IP mode file for STMicroelectronics.X-CUBE-NFC7.1.0.1
2024-10-28 22:21:43,673 [WARN] ConditionMgr:438 - getConditionDescription Invalid condition id : LAN8742 Phy interface Condition cause : null
2024-10-28 22:21:43,673 [WARN] PackLoader:240 - Cannot read IP mode file for STMicroelectronics.X-CUBE-AZRTOS-L4.2.0.0
2024-10-28 22:21:43,674 [WARN] ConditionMgr:1039 - genDependencies : Invalid condition id : LAN8742 Phy interface Condition cause : null
2024-10-28 22:21:43,674 [WARN] ConditionMgr:1039 - genDependencies : Invalid condition id : LAN8742 Phy interface Condition cause : null
2024-10-28 22:21:43,675 [WARN] ConditionMgr:1039 - genDependencies : Invalid condition id : LAN8742 Phy interface Condition cause : null
2024-10-28 22:21:43,680 [WARN] PackLoader:240 - Cannot read IP mode file for STMicroelectronics.X-CUBE-SFXS2LP1.4.0.0
2024-10-28 22:21:43,700 [WARN] PackLoader:240 - Cannot read IP mode file for STMicroelectronics.X-CUBE-AZRTOS-H7.3.3.0
2024-10-28 22:21:43,717 [WARN] PackLoader:240 - Cannot read IP mode file for STMicroelectronics.X-CUBE-IPS.3.0.0
2024-10-28 22:21:43,734 [WARN] ConditionMgr:438 - getConditionDescription Invalid condition id : UX DEVICE CLASS RTOS Condition cause : null
2024-10-28 22:21:43,734 [WARN] ConditionMgr:438 - getConditionDescription Invalid condition id : UX DEVICE CLASS RTOS Condition cause : null
2024-10-28 22:21:43,736 [WARN] PackLoader:240 - Cannot read IP mode file for STMicroelectronics.X-CUBE-AZRTOS-WB.2.0.0
2024-10-28 22:21:43,736 [WARN] ConditionMgr:1039 - genDependencies : Invalid condition id : UX DEVICE CLASS RTOS Condition cause : null
2024-10-28 22:21:43,736 [WARN] ConditionMgr:1039 - genDependencies : Invalid condition id : UX DEVICE CLASS RTOS Condition cause : null
2024-10-28 22:21:43,737 [WARN] ConditionMgr:1039 - genDependencies : Invalid condition id : UX DEVICE CLASS RTOS Condition cause : null
2024-10-28 22:21:43,737 [WARN] ConditionMgr:1039 - genDependencies : Invalid condition id : UX DEVICE CLASS RTOS Condition cause : null
2024-10-28 22:21:43,737 [WARN] ConditionMgr:1039 - genDependencies : Invalid condition id : UX DEVICE CLASS RTOS Condition cause : null
2024-10-28 22:21:43,741 [WARN] PackLoader:240 - Cannot read IP mode file for STMicroelectronics.X-CUBE-GNSS1.7.0.0
2024-10-28 22:21:43,747 [WARN] PackLoader:240 - Cannot read IP mode file for STMicroelectronics.FP-SNS-STBOX1.2.0.0
2024-10-28 22:21:43,757 [WARN] PackLoader:240 - Cannot read IP mode file for STMicroelectronics.X-CUBE-SUBG2.5.0.0
2024-10-28 22:21:43,764 [WARN] PackLoader:240 - Cannot read IP mode file for Cesanta.I-CUBE-Mongoose.7.13.0
2024-10-28 22:21:43,783 [WARN] PackLoader:240 - Cannot read IP mode file for STMicroelectronics.X-CUBE-AZRTOS-G4.2.0.0
2024-10-28 22:21:43,790 [WARN] PackLoader:240 - Cannot read IP mode file for STMicroelectronics.X-CUBE-ALS.1.0.2
2024-10-28 22:21:43,795 [WARN] PackLoader:240 - Cannot read IP mode file for STMicroelectronics.X-CUBE-TOUCHGFX.4.24.1
2024-10-28 22:21:43,799 [WARN] PackLoader:240 - Cannot read IP mode file for wolfSSL.I-CUBE-wolfTPM.3.4.0
2024-10-28 22:21:43,803 [WARN] PackLoader:240 - Cannot read IP mode file for portGmbH.I-Cube-SoM-uGOAL.1.1.0
2024-10-28 22:21:43,825 [WARN] PackLoader:240 - Cannot read IP mode file for STMicroelectronics.X-CUBE-AZRTOS-H7RS.1.0.0
2024-10-28 22:21:43,829 [WARN] PackLoader:240 - Cannot read IP mode file for STMicroelectronics.FP-ATR-ASTRA1.2.0.0
2024-10-28 22:21:43,839 [WARN] PackLoader:240 - Cannot read IP mode file for STMicroelectronics.X-CUBE-TOF1.3.4.2
2024-10-28 22:21:43,867 [WARN] PackLoader:240 - Cannot read IP mode file for Infineon.AIROC-Wi-Fi-Bluetooth-STM32.1.6.1
2024-10-28 22:21:43,873 [WARN] PackLoader:240 - Cannot read IP mode file for wolfSSL.I-CUBE-wolfSSH.1.4.17
2024-10-28 22:21:43,874 [INFO] ThirdParty:978 - Integrity check success = true
2024-10-28 22:21:43,874 [INFO] IntegrityCheckThread:100 - exiting critical section [integrity check]
2024-10-28 22:21:43,874 [INFO] IntegrityCheckThread:103 - End integrity checks thread
2024-10-28 22:21:44,679 [ERROR] LogOutputStream:75 - [STDERR_REDIRECT] 22:21:44.678 ERROR Chromium process exit code: 133
2024-10-28 22:21:44,679 [ERROR] LogOutputStream:75 - [STDERR_REDIRECT] 
2024-10-28 22:21:44,680 [ERROR] LogOutputStream:75 - [STDERR_REDIRECT] 22:21:44.679 ERROR Crash dump dir: /home/nakarin/.config/jxbrowser/7.38.2/crash-reports
2024-10-28 22:21:44,680 [ERROR] LogOutputStream:75 - [STDERR_REDIRECT] 
2024-10-28 22:21:44,680 [ERROR] WebApp:397 - JxBrowser engine crashed! Exit code: 133
2024-10-28 23:00:36,018 [INFO] McuFinderGlobals:63 - Set McuFinder mode to 2 (CubeIDE integrated)
2024-10-28 23:00:36,022 [INFO] MainUpdater:2873 - connection check result : 10
2024-10-28 23:00:36,023 [INFO] MainUpdater:2873 - connection check result : 10
2024-10-28 23:00:36,064 [INFO] RulesReader:64 - Compatibility file has been processed (297 Rules)
2024-10-28 23:00:36,073 [INFO] RulesReader:64 - Compatibility file has been processed (297 Rules)
2024-10-28 23:00:36,075 [INFO] MicroXplorer:468 - Change Database Path : 
2024-10-28 23:00:36,075 [INFO] MicroXplorer:498 - Change Database Version : DB.6.0.121
2024-10-28 23:00:36,080 [WARN] ThirdParty:871 - waiting for thirdparty lock release [close project]
2024-10-28 23:00:36,080 [INFO] ThirdParty:873 - entering critical section [close project]
2024-10-28 23:00:36,081 [INFO] ThirdParty:883 - exiting critical section [close project]
2024-10-28 23:00:36,083 [INFO] PinOutPanel:1561 - setPackage(No Configuration,No Configuration)
2024-10-28 23:00:36,088 [INFO] UtilMem:75 - Begin LoadConfig() Used Memory: 290206080 Bytes (790626304)
2024-10-28 23:00:36,089 [INFO] MicroXplorer:468 - Change Database Path : 
2024-10-28 23:00:36,089 [INFO] MicroXplorer:498 - Change Database Version : DB.6.0.121
2024-10-28 23:00:36,089 [INFO] OpenFileManager:332 - Change cursor
2024-10-28 23:00:36,116 [INFO] Mcu:2032 - Initializing MCU STM32G474R(B-C-E)Tx STM32G474RETx STM32G474RET6
2024-10-28 23:00:40,499 [INFO] Context:742 - Trying to add GPIOservice into a context  which must be forbidden
2024-10-28 23:00:42,860 [INFO] ApiDbMcu:508 - Load IP Config File for NUCLEO-G474RE
2024-10-28 23:00:43,162 [INFO] RtosManager:555 - Registered RTOS mode: class=CMSIS, group=RTOS, mode=CMSIS_V1, owner=FREERTOS
2024-10-28 23:00:43,162 [INFO] RtosManager:555 - Registered RTOS mode: class=CMSIS, group=RTOS2, mode=CMSIS_V2, owner=FREERTOS
2024-10-28 23:00:43,162 [INFO] RtosManager:555 - Registered RTOS mode: class=RTOS, group=Core, mode=CMSIS_V1, owner=FREERTOS
2024-10-28 23:00:43,162 [INFO] RtosManager:555 - Registered RTOS mode: class=RTOS, group=Core, mode=CMSIS_V2, owner=FREERTOS
2024-10-28 23:00:43,163 [WARN] ModelIntegratedComponent:184 - Missing modes for component STMicroelectronics:FreeRTOS:0.0.1:STMicroelectronics:RTOS:FreeRTOS:Core:::10.2.0:
2024-10-28 23:00:43,173 [WARN] ModelIntegratedComponent:63 - No mode defined for component null
2024-10-28 23:00:43,173 [WARN] ModelIntegratedComponent:63 - No mode defined for component null
2024-10-28 23:00:43,173 [WARN] ModelIntegratedComponent:63 - No mode defined for component null
2024-10-28 23:00:43,173 [WARN] ModelIntegratedComponent:63 - No mode defined for component null
2024-10-28 23:00:43,173 [WARN] ModelIntegratedComponent:63 - No mode defined for component null
2024-10-28 23:00:43,173 [WARN] ModelIntegratedComponent:63 - No mode defined for component null
2024-10-28 23:00:43,173 [WARN] ModelIntegratedComponent:63 - No mode defined for component null
2024-10-28 23:00:43,173 [WARN] ModelIntegratedComponent:63 - No mode defined for component null
2024-10-28 23:00:43,173 [WARN] ModelIntegratedComponent:63 - No mode defined for component null
2024-10-28 23:00:43,173 [WARN] ModelIntegratedComponent:63 - No mode defined for component null
2024-10-28 23:00:43,173 [WARN] ModelIntegratedComponent:63 - No mode defined for component null
2024-10-28 23:00:43,173 [WARN] ModelIntegratedComponent:63 - No mode defined for component null
2024-10-28 23:00:43,173 [WARN] ModelIntegratedComponent:63 - No mode defined for component null
2024-10-28 23:00:43,173 [WARN] ModelIntegratedComponent:63 - No mode defined for component null
2024-10-28 23:00:43,173 [WARN] ModelIntegratedComponent:63 - No mode defined for component null
2024-10-28 23:00:43,174 [WARN] ModelIntegratedComponent:63 - No mode defined for component null
2024-10-28 23:00:43,174 [WARN] ModelIntegratedComponent:63 - No mode defined for component null
2024-10-28 23:00:43,174 [WARN] ModelIntegratedComponent:63 - No mode defined for component null
2024-10-28 23:00:43,174 [WARN] ModelIntegratedComponent:63 - No mode defined for component null
2024-10-28 23:00:43,174 [WARN] ModelIntegratedComponent:63 - No mode defined for component null
2024-10-28 23:00:43,174 [WARN] ModelIntegratedComponent:63 - No mode defined for component null
2024-10-28 23:00:43,174 [WARN] ModelIntegratedComponent:63 - No mode defined for component null
2024-10-28 23:00:43,174 [WARN] ModelIntegratedComponent:63 - No mode defined for component null
2024-10-28 23:00:43,174 [WARN] ModelIntegratedComponent:63 - No mode defined for component null
2024-10-28 23:00:43,174 [WARN] ModelIntegratedComponent:63 - No mode defined for component null
2024-10-28 23:00:43,174 [WARN] ModelIntegratedComponent:63 - No mode defined for component null
2024-10-28 23:00:43,174 [WARN] ModelIntegratedComponent:63 - No mode defined for component null
2024-10-28 23:00:43,174 [WARN] ModelIntegratedComponent:63 - No mode defined for component null
2024-10-28 23:00:43,174 [WARN] ModelIntegratedComponent:63 - No mode defined for component null
2024-10-28 23:00:43,174 [WARN] ModelIntegratedComponent:63 - No mode defined for component null
2024-10-28 23:00:43,174 [WARN] ModelIntegratedComponent:63 - No mode defined for component null
2024-10-28 23:00:43,174 [WARN] ModelIntegratedComponent:63 - No mode defined for component null
2024-10-28 23:00:43,174 [WARN] ModelIntegratedComponent:63 - No mode defined for component null
2024-10-28 23:00:43,174 [WARN] ModelIntegratedComponent:63 - No mode defined for component null
2024-10-28 23:00:43,174 [WARN] ModelIntegratedComponent:63 - No mode defined for component null
2024-10-28 23:00:43,175 [WARN] ModelPack:524 - Component already loaded: STMicroelectronics:HAL Drivers:0.0.0:STMicroelectronics:Device:STMicro_Driver:XSPI:HAL::0.0.1:HAL_XSPI
2024-10-28 23:00:43,205 [INFO] ThirdPartyModel:298 - Start build external matchings
2024-10-28 23:00:43,629 [INFO] ThirdPartyModel:316 - End build external matchings
2024-10-28 23:00:43,639 [INFO] RtosManager:919 - Current active RTOS is FREERTOS [Cortex-M4NS]
2024-10-28 23:00:43,651 [INFO] ImportTextPane:205 - (OptionalMessage_ERROR) IP (DMA) : Parameter (Instance) has Id (LPUART1_RX) currently not set
2024-10-28 23:00:43,651 [INFO] ImportTextPane:205 - (OptionalMessage_ERROR) IP (DMA) : Parameter (Request) has Id (LPUART1_RX) currently not set
2024-10-28 23:00:43,651 [INFO] ImportTextPane:205 - (OptionalMessage_ERROR) IP (DMA) : Parameter (Direction) has Id (LPUART1_RX) currently not set
2024-10-28 23:00:43,651 [INFO] ImportTextPane:205 - (OptionalMessage_ERROR) IP (DMA) : Parameter (PeriphInc) has Id (LPUART1_RX) currently not set
2024-10-28 23:00:43,651 [INFO] ImportTextPane:205 - (OptionalMessage_ERROR) IP (DMA) : Parameter (MemInc) has Id (LPUART1_RX) currently not set
2024-10-28 23:00:43,652 [INFO] ImportTextPane:205 - (OptionalMessage_ERROR) IP (DMA) : Parameter (PeriphDataAlignment) has Id (LPUART1_RX) currently not set
2024-10-28 23:00:43,652 [INFO] ImportTextPane:205 - (OptionalMessage_ERROR) IP (DMA) : Parameter (MemDataAlignment) has Id (LPUART1_RX) currently not set
2024-10-28 23:00:43,652 [INFO] ImportTextPane:205 - (OptionalMessage_ERROR) IP (DMA) : Parameter (Mode) has Id (LPUART1_RX) currently not set
2024-10-28 23:00:43,652 [INFO] ImportTextPane:205 - (OptionalMessage_ERROR) IP (DMA) : Parameter (Priority) has Id (LPUART1_RX) currently not set
2024-10-28 23:00:43,652 [INFO] ImportTextPane:205 - (OptionalMessage_ERROR) IP (DMA) : Parameter (SignalID) has Id (LPUART1_RX) currently not set
2024-10-28 23:00:43,652 [INFO] ImportTextPane:205 - (OptionalMessage_ERROR) IP (DMA) : Parameter (Polarity) has Id (LPUART1_RX) currently not set
2024-10-28 23:00:43,652 [INFO] ImportTextPane:205 - (OptionalMessage_ERROR) IP (DMA) : Parameter (RequestNumber) has Id (LPUART1_RX) currently not set
2024-10-28 23:00:43,652 [INFO] ImportTextPane:205 - (OptionalMessage_ERROR) IP (DMA) : Parameter (SyncSignalID) has Id (LPUART1_RX) currently not set
2024-10-28 23:00:43,653 [INFO] ImportTextPane:205 - (OptionalMessage_ERROR) IP (DMA) : Parameter (SyncPolarity) has Id (LPUART1_RX) currently not set
2024-10-28 23:00:43,653 [INFO] ImportTextPane:205 - (OptionalMessage_ERROR) IP (DMA) : Parameter (SyncEnable) has Id (LPUART1_RX) currently not set
2024-10-28 23:00:43,653 [INFO] ImportTextPane:205 - (OptionalMessage_ERROR) IP (DMA) : Parameter (EventEnable) has Id (LPUART1_RX) currently not set
2024-10-28 23:00:43,653 [INFO] ImportTextPane:205 - (OptionalMessage_ERROR) IP (DMA) : Parameter (SyncRequestNumber) has Id (LPUART1_RX) currently not set
2024-10-28 23:00:43,653 [INFO] ImportTextPane:205 - (OptionalMessage_ERROR) IP (DMA) : Parameter (Instance) has Id (LPUART1_TX) currently not set
2024-10-28 23:00:43,653 [INFO] ImportTextPane:205 - (OptionalMessage_ERROR) IP (DMA) : Parameter (Request) has Id (LPUART1_TX) currently not set
2024-10-28 23:00:43,653 [INFO] ImportTextPane:205 - (OptionalMessage_ERROR) IP (DMA) : Parameter (Direction) has Id (LPUART1_TX) currently not set
2024-10-28 23:00:43,653 [INFO] ImportTextPane:205 - (OptionalMessage_ERROR) IP (DMA) : Parameter (PeriphInc) has Id (LPUART1_TX) currently not set
2024-10-28 23:00:43,653 [INFO] ImportTextPane:205 - (OptionalMessage_ERROR) IP (DMA) : Parameter (MemInc) has Id (LPUART1_TX) currently not set
2024-10-28 23:00:43,653 [INFO] ImportTextPane:205 - (OptionalMessage_ERROR) IP (DMA) : Parameter (PeriphDataAlignment) has Id (LPUART1_TX) currently not set
2024-10-28 23:00:43,653 [INFO] ImportTextPane:205 - (OptionalMessage_ERROR) IP (DMA) : Parameter (MemDataAlignment) has Id (LPUART1_TX) currently not set
2024-10-28 23:00:43,653 [INFO] ImportTextPane:205 - (OptionalMessage_ERROR) IP (DMA) : Parameter (Mode) has Id (LPUART1_TX) currently not set
2024-10-28 23:00:43,653 [INFO] ImportTextPane:205 - (OptionalMessage_ERROR) IP (DMA) : Parameter (Priority) has Id (LPUART1_TX) currently not set
2024-10-28 23:00:43,653 [INFO] ImportTextPane:205 - (OptionalMessage_ERROR) IP (DMA) : Parameter (SignalID) has Id (LPUART1_TX) currently not set
2024-10-28 23:00:43,653 [INFO] ImportTextPane:205 - (OptionalMessage_ERROR) IP (DMA) : Parameter (Polarity) has Id (LPUART1_TX) currently not set
2024-10-28 23:00:43,653 [INFO] ImportTextPane:205 - (OptionalMessage_ERROR) IP (DMA) : Parameter (RequestNumber) has Id (LPUART1_TX) currently not set
2024-10-28 23:00:43,653 [INFO] ImportTextPane:205 - (OptionalMessage_ERROR) IP (DMA) : Parameter (SyncSignalID) has Id (LPUART1_TX) currently not set
2024-10-28 23:00:43,653 [INFO] ImportTextPane:205 - (OptionalMessage_ERROR) IP (DMA) : Parameter (SyncPolarity) has Id (LPUART1_TX) currently not set
2024-10-28 23:00:43,654 [INFO] ImportTextPane:205 - (OptionalMessage_ERROR) IP (DMA) : Parameter (SyncEnable) has Id (LPUART1_TX) currently not set
2024-10-28 23:00:43,654 [INFO] ImportTextPane:205 - (OptionalMessage_ERROR) IP (DMA) : Parameter (EventEnable) has Id (LPUART1_TX) currently not set
2024-10-28 23:00:43,654 [INFO] ImportTextPane:205 - (OptionalMessage_ERROR) IP (DMA) : Parameter (SyncRequestNumber) has Id (LPUART1_TX) currently not set
2024-10-28 23:00:43,662 [INFO] ImportTextPane:205 - (OptionalMessage_ERROR) IP (RCC) : Invalid parameter (FamilyName)
2024-10-28 23:00:43,663 [INFO] ImportTextPane:205 - (OptionalMessage_ERROR) IP (RCC) : Parameter (RNGFreq_Value) has invalid value (170000000)
2024-10-28 23:00:43,664 [INFO] ImportTextPane:205 - (OptionalMessage_ERROR) IP (RCC) : Parameter (USBFreq_Value) has invalid value (170000000)
2024-10-28 23:00:44,030 [INFO] ApiDb:581 - Connected to CubeFinder SQLite database (/home/nakarin/.stmcufinder/plugins/mcufinder/mcu/cube-finder-db.db)
2024-10-28 23:00:44,077 [INFO] ApiDb:668 - CubeFinder database Data Model version=2.1
2024-10-28 23:00:44,077 [INFO] ApiDb:669 - CubeFinder database Configuration version=3.0.39
2024-10-28 23:00:44,078 [INFO] ApiDb:670 - CubeFinder database generation date=2024-10-15 (1729006872)
2024-10-28 23:00:44,078 [INFO] ApiDb:671 - CubeFinder database FW Pack versions=[FP-ATR-ASTRA1_V2.0.0, FP-SNS-FLIGHT1_V5.0.2, FP-SNS-MOTENV1_V5.0.0, FP-SNS-MOTENVWB1_V1.4.0, FP-SNS-SMARTAG2_V1.2.0, FP-SNS-STBOX1_V2.0.0, STM32Cube_FW_C0_V1.2.0, STM32Cube_FW_F4_V1.28.1, STM32Cube_FW_F7_V1.17.2, STM32Cube_FW_G0_V1.6.2, STM32Cube_FW_G4_V1.6.0, STM32Cube_FW_H5_V1.3.0, STM32Cube_FW_H7RS_V1.1.0, STM32Cube_FW_H7_V1.11.2, STM32Cube_FW_L0_V1.12.2, STM32Cube_FW_L5_V1.5.1, STM32Cube_FW_U0_V1.1.0, STM32Cube_FW_U5_V1.6.0, STM32Cube_FW_WB0_V1.0.0, STM32Cube_FW_WBA_V1.4.1, STM32Cube_FW_WB_V1.20.0, STM32Cube_FW_WL_V1.3.0, X-CUBE-ALGOBUILD_V1.4.0, X-CUBE-ALS_V1.0.2, X-CUBE-AZRTOS-F4_V1.1.0, X-CUBE-AZRTOS-F7_V1.1.0, X-CUBE-AZRTOS-G0_V1.1.0, X-CUBE-AZRTOS-G4_V2.0.0, X-CUBE-AZRTOS-H7RS_V1.0.0, X-CUBE-AZRTOS-H7_V3.3.0, X-CUBE-AZRTOS-L4_V2.0.0, X-CUBE-AZRTOS-L5_V2.0.0, X-CUBE-AZRTOS-WB_V2.0.0, X-CUBE-AZRTOS-WL_V2.0.0, X-CUBE-BLE1_V7.0.0, X-CUBE-BLE2_V3.3.0, X-CUBE-BLEMGR_V3.1.0, X-CUBE-EEPRMA1_V5.1.0, X-CUBE-FREERTOS_V1.2.0, X-CUBE-GNSS1_V6.0.0, X-CUBE-MEMS1_V11.0.0, X-CUBE-NFC4_V3.0.0, X-CUBE-NFC7_V1.0.1, X-CUBE-SFXS2LP1_V4.0.0, X-CUBE-SUBG2_V5.0.0, X-CUBE-TOF1_V3.4.2]
2024-10-28 23:00:44,131 [INFO] DbBoardsSqlite:226 - include board P-NUCLEO-WB55-NUCLEO as a kit item of type 'Nucleo-64'
2024-10-28 23:00:44,131 [INFO] DbBoardsSqlite:226 - include board P-NUCLEO-WB55-USBDONGLE as a kit item of type 'Nucleo USB Dongle'
2024-10-28 23:00:44,131 [INFO] DbBoardsSqlite:226 - include board STEVAL-IDP005V1 as a kit item of type 'Evaluation Board'
2024-10-28 23:00:44,132 [INFO] DbBoardsSqlite:226 - include board STEVAL-IDP005V2 as a kit item of type 'Evaluation Board'
2024-10-28 23:00:44,167 [INFO] ApiDb:240 - Found 646 in-development CPN: [B-G473E-ZEST1S, B-WB1M-WPAN1, B-WL5M-SUBG1, NUCLEO-C031C6, NUCLEO-C071RB, NUCLEO-H503RB, NUCLEO-H533RE, NUCLEO-H563ZI, NUCLEO-H7S3L8, NUCLEO-U031R8, NUCLEO-U083RC, NUCLEO-U545RE-Q, NUCLEO-U5A5ZJ-Q, NUCLEO-WB05KZ, NUCLEO-WB07CC, NUCLEO-WB09KE, NUCLEO-WBA52CG, NUCLEO-WBA55CG, STEVAL-PROTEUS1, STEVAL-SMARTAG2, STEVAL-STWINBX1, STM320518-EVAL, STM32C0116-DK, STM32C011D6Y3TR, STM32C011D6Y6TR, STM32C011F4P3, STM32C011F4P6, STM32C011F4U3, STM32C011F4U6TR, STM32C011F6P3, STM32C011F6P6, STM32C011F6U3, STM32C011F6U6TR, STM32C011J4M3, STM32C011J4M6, STM32C011J6M3, STM32C011J6M6, STM32C0316-DK, STM32C031C4T3, STM32C031C4T6, STM32C031C4U3, STM32C031C4U6, STM32C031C6T3, STM32C031C6T6, STM32C031C6U3, STM32C031C6U6, STM32C031F4P3, STM32C031F4P6, STM32C031F6P3, STM32C031F6P6, STM32C031G4U3, STM32C031G4U6, STM32C031G6U3, STM32C031G6U6, STM32C031K4T3, STM32C031K4T6, STM32C031K4U3, STM32C031K4U6, STM32C031K6T3, STM32C031K6T6, STM32C031K6U3, STM32C031K6U6, STM32C071C8T6, STM32C071C8T6N, STM32C071C8U6, STM32C071C8U6N, STM32C071CBT6, STM32C071CBT6N, STM32C071CBU6, STM32C071CBU6N, STM32C071F8P6, STM32C071F8P6N, STM32C071FBP6, STM32C071FBP6N, STM32C071FBY6TR, STM32C071G8U6, STM32C071G8U6N, STM32C071GBU6, STM32C071GBU6N, STM32C071K8T6, STM32C071K8T6N, STM32C071K8U6, STM32C071K8U6N, STM32C071KBT6, STM32C071KBT6N, STM32C071KBU6, STM32C071KBU6N, STM32C071R8T6, STM32C071R8T6N, STM32C071RBI6N, STM32C071RBT6, STM32C071RBT6N, STM32G071K8TXN, STM32G071K8UXN, STM32G081GBU6N, STM32G081KBT6N, STM32G081KBUXN, STM32G0B1CCT6N, STM32G0B1KCT6, STM32G0B1NEY6TR, STM32G0B1RCT6N, STM32G0C1CCT6, STM32G0C1CCT6N, STM32G0C1CCU6N, STM32G0C1CET6N, STM32G0C1CEU6N, STM32G0C1KCT6, STM32G0C1NEY6TR, STM32G0C1RCI6N, STM32G0C1RCT6N, STM32G0C1REI6N, STM32G0C1RET6N, STM32G0C1VCI6, STM32G0C1VEI6, STM32G411C6T3, STM32G411C6T6, STM32G411C6U3, STM32G411C6U6, STM32G411C8T3, STM32G411C8T6, STM32G411C8U3, STM32G411C8U6, STM32G411CBT3, STM32G411CBT6, STM32G411CBU3, STM32G411CBU6, STM32G411K6T3, STM32G411K6T6, STM32G411K6U3, STM32G411K6U6, STM32G411K8T3, STM32G411K8T6, STM32G411K8U3, STM32G411K8U6, STM32G411KBT3, STM32G411KBT6, STM32G411KBU3, STM32G411KBU6, STM32G411M6T3, STM32G411M6T6, STM32G411M8T3, STM32G411M8T6, STM32G411MBT3, STM32G411MBT6, STM32G411R6T3, STM32G411R6T6, STM32G411R8T3, STM32G411R8T6, STM32G411RBT3, STM32G411RBT6, STM32G414CBT3, STM32G414CBT6, STM32G414CBU3, STM32G414CBU6, STM32G414CCT3, STM32G414CCT6, STM32G414CCU3, STM32G414CCU6, STM32G414MBT3, STM32G414MBT6, STM32G414MCT3, STM32G414MCT6, STM32G414RBT3, STM32G414RBT6, STM32G414RCT3, STM32G414RCT6, STM32G414VBT3, STM32G414VBT6, STM32G414VCT3, STM32G414VCT6, STM32G431CBT3Z, STM32G431RBT3Z, STM32G471CCT6, STM32G471CCU6, STM32G471CET3, STM32G471CET6, STM32G471CEU3, STM32G471CEU6, STM32G471MCT6, STM32G471MET3, STM32G471MET6, STM32G471MEY6TR, STM32G471QCT6, STM32G471QET3, STM32G471RCT6, STM32G471RET3, STM32G471RET6, STM32G471VCH6, STM32G471VCI6, STM32G471VCT6, STM32G471VEH3, STM32G471VEH6, STM32G471VEI3, STM32G471VEI6, STM32G471VET3, STM32G471VET6, STM32G473QET3Z, STM32G473RET3Z, STM32G474CCT6, STM32G491RET3Z, STM32H503CBT6, STM32H503CBU6, STM32H503EBY6TR, STM32H503KBU6, STM32H503RBT6, STM32H523CCT6, STM32H523CCU6, STM32H523CET6, STM32H523CEU6, STM32H523HEY6TR, STM32H523RCT6, STM32H523RET6, STM32H523VCI6, STM32H523VCT6, STM32H523VEI6, STM32H523VET6, STM32H523ZCJ6, STM32H523ZCT6, STM32H523ZEJ6, STM32H523ZET6, STM32H533CET6, STM32H533CEU6, STM32H533HEY6TR, STM32H533RET6, STM32H533VEI6, STM32H533VET6, STM32H533ZEJ6, STM32H533ZET6, STM32H562AGI6, STM32H562AII6, STM32H562IGK6, STM32H562IGT6, STM32H562IIK6, STM32H562IIT6, STM32H562RGT6, STM32H562RGV6, STM32H562RIT6, STM32H562RIV6, STM32H562VGT6, STM32H562VIT6, STM32H562ZGT6, STM32H562ZIT6, STM32H563AGI6, STM32H563AII3Q, STM32H563AII6, STM32H563IGK6, STM32H563IGT6, STM32H563IIK3Q, STM32H563IIK6, STM32H563IIT3Q, STM32H563IIT6, STM32H563MIY3QTR, STM32H563RGT6, STM32H563RGV6, STM32H563RIT6, STM32H563RIV6, STM32H563VGT6, STM32H563VIT3Q, STM32H563VIT6, STM32H563ZGT6, STM32H563ZIT3Q, STM32H563ZIT6, STM32H573AII3Q, STM32H573AII6, STM32H573I-DK, STM32H573IIK3Q, STM32H573IIK6, STM32H573IIT3Q, STM32H573IIT6, STM32H573MIY3QTR, STM32H573RIT6, STM32H573RIV6, STM32H573VIT3Q, STM32H573VIT6, STM32H573ZIT3Q, STM32H573ZIT6, STM32H7R3A8I6, STM32H7R3I8K6, STM32H7R3I8T6, STM32H7R3L8H6, STM32H7R3L8H6H, STM32H7R3R8V6, STM32H7R3V8H6, STM32H7R3V8T6, STM32H7R3V8Y6TR, STM32H7R3Z8J6, STM32H7R3Z8T6, STM32H7R7A8I6, STM32H7R7I8K6, STM32H7R7I8T6, STM32H7R7L8H6, STM32H7R7L8H6H, STM32H7R7Z8J6, STM32H7S3A8I6, STM32H7S3I8K6, STM32H7S3I8T6, STM32H7S3L8H6, STM32H7S3L8H6H, STM32H7S3R8V6, STM32H7S3V8H6, STM32H7S3V8T6, STM32H7S3V8Y6TR, STM32H7S3Z8J6, STM32H7S3Z8T6, STM32H7S78-DK, STM32H7S7A8I6, STM32H7S7I8K6, STM32H7S7I8T6, STM32H7S7L8H6, STM32H7S7L8H6H, STM32H7S7Z8J6, STM32L4R5QGI6STR, STM32MP131AAE3, STM32MP131AAF3, STM32MP131AAG3, STM32MP131CAE3, STM32MP131CAF3, STM32MP131CAG3, STM32MP131DAE7, STM32MP131DAF7, STM32MP131DAG7, STM32MP131FAE7, STM32MP131FAF7, STM32MP131FAG7, STM32MP133AAE3, STM32MP133AAF3, STM32MP133AAG3, STM32MP133CAE3, STM32MP133CAF3, STM32MP133CAG3, STM32MP133DAE7, STM32MP133DAF7, STM32MP133DAG7, STM32MP133FAE7, STM32MP133FAF7, STM32MP133FAG7, STM32MP135AAE3, STM32MP135AAF3, STM32MP135AAG3, STM32MP135CAE3, STM32MP135CAF3, STM32MP135CAG3, STM32MP135DAE7, STM32MP135DAF7, STM32MP135DAG7, STM32MP135F-DK, STM32MP135FAE7, STM32MP135FAF7, STM32MP135FAF7T, STM32MP135FAF7U, STM32MP135FAG7, STM32MP251AAI3, STM32MP251AAK3, STM32MP251AAL3, STM32MP251CAI3, STM32MP251CAK3, STM32MP251CAL3, STM32MP251DAI3, STM32MP251DAK3, STM32MP251DAL3, STM32MP251FAI3, STM32MP251FAK3, STM32MP251FAL3, STM32MP253AAI3, STM32MP253AAK3, STM32MP253AAL3, STM32MP253CAI3, STM32MP253CAK3, STM32MP253CAL3, STM32MP253DAI3, STM32MP253DAK3, STM32MP253DAL3, STM32MP253FAI3, STM32MP253FAK3, STM32MP253FAL3, STM32MP255AAI3, STM32MP255AAK3, STM32MP255AAL3, STM32MP255CAI3, STM32MP255CAK3, STM32MP255CAL3, STM32MP255DAI3, STM32MP255DAK3, STM32MP255DAL3, STM32MP255FAI3, STM32MP255FAK3, STM32MP255FAL3, STM32MP257AAI3, STM32MP257AAK3, STM32MP257AAL3, STM32MP257CAI3, STM32MP257CAK3, STM32MP257CAL3, STM32MP257DAI3, STM32MP257DAK3, STM32MP257DAL3, STM32MP257F-DK, STM32MP257F-EV1, STM32MP257FAI3, STM32MP257FAK3, STM32MP257FAL3, STM32U031C6T6, STM32U031C6U6, STM32U031C8T6, STM32U031C8U6, STM32U031F4P6, STM32U031F6P6, STM32U031F8P6, STM32U031G6Y6TR, STM32U031G8Y6TR, STM32U031K4U6, STM32U031K6U6, STM32U031K8U6, STM32U031R6I6, STM32U031R6T6, STM32U031R8I6, STM32U031R8T6, STM32U073C8T6, STM32U073C8U6, STM32U073CBT6, STM32U073CBU6, STM32U073CCT6, STM32U073CCU6, STM32U073H8Y6TR, STM32U073HBY6TR, STM32U073HCY6TR, STM32U073K8U6, STM32U073KBU6, STM32U073KCU6, STM32U073M8I6, STM32U073M8T6, STM32U073MBI6, STM32U073MBT6, STM32U073MCI6, STM32U073MCT6, STM32U073R8I6, STM32U073R8T6, STM32U073RBI6, STM32U073RBT6, STM32U073RCI6, STM32U073RCT6, STM32U083C-DK, STM32U083CCT6, STM32U083CCU6, STM32U083HCY6TR, STM32U083KCU6, STM32U083MCI6, STM32U083MCT6, STM32U083RCI6, STM32U083RCT6, STM32U535CBT6, STM32U535CBT6Q, STM32U535CBU6, STM32U535CBU6Q, STM32U535CCT6, STM32U535CCT6Q, STM32U535CCU6, STM32U535CCU6Q, STM32U535CET6, STM32U535CET6Q, STM32U535CEU6, STM32U535CEU6Q, STM32U535JEY6QTR, STM32U535NCY6QTR, STM32U535NEY6QTR, STM32U535RBI6, STM32U535RBI6Q, STM32U535RBT6, STM32U535RBT6Q, STM32U535RCI6, STM32U535RCI6Q, STM32U535RCT6, STM32U535RCT6Q, STM32U535REI6, STM32U535REI6Q, STM32U535RET6, STM32U535RET6Q, STM32U535VCI6, STM32U535VCI6Q, STM32U535VCT6, STM32U535VCT6Q, STM32U535VEI6, STM32U535VEI6Q, STM32U535VET6, STM32U535VET6Q, STM32U545CET6, STM32U545CET6Q, STM32U545CEU6, STM32U545CEU6Q, STM32U545JEY6QTR, STM32U545NEY6QTR, STM32U545REI6, STM32U545REI6Q, STM32U545RET6, STM32U545RET6Q, STM32U545VEI6, STM32U545VEI6Q, STM32U545VET6, STM32U545VET6Q, STM32U595AIH6, STM32U595AIH6Q, STM32U595AJH6, STM32U595AJH6Q, STM32U595QII6, STM32U595QII6Q, STM32U595QJI6, STM32U595QJI6Q, STM32U595RIT6, STM32U595RIT6Q, STM32U595RJT6, STM32U595RJT6Q, STM32U595VIT6, STM32U595VIT6Q, STM32U595VJT6, STM32U595VJT6Q, STM32U595ZIT6, STM32U595ZIT6Q, STM32U595ZIY6QTR, STM32U595ZJT6, STM32U595ZJT6Q, STM32U595ZJY6QTR, STM32U599BJY6QTR, STM32U599NIH6Q, STM32U599NJH6Q, STM32U599VIT6Q, STM32U599VJT6, STM32U599VJT6Q, STM32U599ZIT6Q, STM32U599ZIY6QTR, STM32U599ZJT6Q, STM32U599ZJY6QTR, STM32U5A5AJH6, STM32U5A5AJH6Q, STM32U5A5QII3Q , STM32U5A5QJI6, STM32U5A5QJI6Q, STM32U5A5RJT6, STM32U5A5RJT6Q, STM32U5A5VJT6, STM32U5A5VJT6Q, STM32U5A5ZJT6, STM32U5A5ZJT6Q, STM32U5A5ZJY6QTR, STM32U5A9BJY6QTR, STM32U5A9J-DK, STM32U5A9NJH6Q, STM32U5A9VJT6Q, STM32U5A9ZJT6Q, STM32U5A9ZJY6QTR, STM32U5F7VIT6, STM32U5F7VIT6Q, STM32U5F7VJT6, STM32U5F7VJT6Q, STM32U5F9BJY6QTR, STM32U5F9NJH6Q, STM32U5F9VIT6Q, STM32U5F9VJT6Q, STM32U5F9ZIJ6QTR, STM32U5F9ZIT6Q, STM32U5F9ZJJ6QTR, STM32U5F9ZJT6Q, STM32U5G7VJT6, STM32U5G7VJT6Q, STM32U5G9BJY6QTR, STM32U5G9J-DK1, STM32U5G9J-DK2, STM32U5G9NJH6Q, STM32U5G9VJT6Q, STM32U5G9ZJJ6QTR, STM32U5G9ZJT6Q, STM32WB05KZV6TR, STM32WB05KZV7TR, STM32WB05TZF6TR, STM32WB05TZF7TR, STM32WB06CCF6TR, STM32WB06CCF7TR, STM32WB06CCV6TR, STM32WB06CCV7TR, STM32WB06KCV6TR, STM32WB06KCV7TR, STM32WB07CCF6TR, STM32WB07CCF7TR, STM32WB07CCV6TR, STM32WB07CCV7TR, STM32WB07KCV6TR, STM32WB07KCV7TR, STM32WB09KEV6TR, STM32WB09KEV7TR, STM32WB09TEF6TR, STM32WB09TEF7TR, STM32WB1MMCH6, STM32WBA50KGU6, STM32WBA50KGU6TR, STM32WBA52CEU6, STM32WBA52CEU6TR, STM32WBA52CEU7, STM32WBA52CEU7TR, STM32WBA52CGU6, STM32WBA52CGU6TR, STM32WBA52CGU6U, STM32WBA52CGU7, STM32WBA52CGU7TR, STM32WBA52KEU6, STM32WBA52KEU6TR, STM32WBA52KGU6, STM32WBA52KGU6TR, STM32WBA54CEU6, STM32WBA54CEU6TR, STM32WBA54CEU7, STM32WBA54CEU7TR, STM32WBA54CGU6, STM32WBA54CGU6TR, STM32WBA54CGU7, STM32WBA54CGU7TR, STM32WBA54KEU6, STM32WBA54KEU6TR, STM32WBA54KEU7, STM32WBA54KEU7TR, STM32WBA54KGU6, STM32WBA54KGU6TR, STM32WBA54KGU7, STM32WBA54KGU7TR, STM32WBA55CEU6, STM32WBA55CEU6TR, STM32WBA55CEU7, STM32WBA55CEU7TR, STM32WBA55CGU6, STM32WBA55CGU6TR, STM32WBA55CGU6U, STM32WBA55CGU7, STM32WBA55CGU7TR, STM32WBA55G-DK1, STM32WBA55HEF6, STM32WBA55HEF7, STM32WBA55HGF6, STM32WBA55HGF7, STM32WBA55UEI6, STM32WBA55UEI6TR, STM32WBA55UEI7, STM32WBA55UEI7TR, STM32WBA55UGI6, STM32WBA55UGI6TR, STM32WBA55UGI7, STM32WBA55UGI7TR, STM32WL5MOCH6, STM32WL5MOCH6TR]
2024-10-28 23:00:44,249 [INFO] BoardInfo:889 - No configuration file found for board P-NUCLEO-WB55
2024-10-28 23:00:44,250 [INFO] DbBoards:161 - Kit is not supported: P-NUCLEO-WB55
2024-10-28 23:00:44,253 [INFO] BoardInfo:889 - No configuration file found for board STEVAL-BFA001V1B
2024-10-28 23:00:44,253 [INFO] DbBoards:161 - Kit is not supported: STEVAL-BFA001V1B
2024-10-28 23:00:44,254 [INFO] BoardInfo:889 - No configuration file found for board STEVAL-BFA001V2B
2024-10-28 23:00:44,254 [INFO] DbBoards:161 - Kit is not supported: STEVAL-BFA001V2B
2024-10-28 23:00:44,336 [INFO] DbBoards:168 - Found 201 boards, 198 are supported
2024-10-28 23:00:44,336 [INFO] DbBoards:169 - Found 201 boards, 25 of them is supported for  Bsp
2024-10-28 23:00:44,339 [INFO] ApiDb:668 - CubeFinder database Data Model version=2.1
2024-10-28 23:00:44,339 [INFO] ApiDb:669 - CubeFinder database Configuration version=3.0.39
2024-10-28 23:00:44,339 [INFO] ApiDb:670 - CubeFinder database generation date=2024-10-15 (1729006872)
2024-10-28 23:00:44,339 [INFO] ApiDb:671 - CubeFinder database FW Pack versions=[FP-ATR-ASTRA1_V2.0.0, FP-SNS-FLIGHT1_V5.0.2, FP-SNS-MOTENV1_V5.0.0, FP-SNS-MOTENVWB1_V1.4.0, FP-SNS-SMARTAG2_V1.2.0, FP-SNS-STBOX1_V2.0.0, STM32Cube_FW_C0_V1.2.0, STM32Cube_FW_F4_V1.28.1, STM32Cube_FW_F7_V1.17.2, STM32Cube_FW_G0_V1.6.2, STM32Cube_FW_G4_V1.6.0, STM32Cube_FW_H5_V1.3.0, STM32Cube_FW_H7RS_V1.1.0, STM32Cube_FW_H7_V1.11.2, STM32Cube_FW_L0_V1.12.2, STM32Cube_FW_L5_V1.5.1, STM32Cube_FW_U0_V1.1.0, STM32Cube_FW_U5_V1.6.0, STM32Cube_FW_WB0_V1.0.0, STM32Cube_FW_WBA_V1.4.1, STM32Cube_FW_WB_V1.20.0, STM32Cube_FW_WL_V1.3.0, X-CUBE-ALGOBUILD_V1.4.0, X-CUBE-ALS_V1.0.2, X-CUBE-AZRTOS-F4_V1.1.0, X-CUBE-AZRTOS-F7_V1.1.0, X-CUBE-AZRTOS-G0_V1.1.0, X-CUBE-AZRTOS-G4_V2.0.0, X-CUBE-AZRTOS-H7RS_V1.0.0, X-CUBE-AZRTOS-H7_V3.3.0, X-CUBE-AZRTOS-L4_V2.0.0, X-CUBE-AZRTOS-L5_V2.0.0, X-CUBE-AZRTOS-WB_V2.0.0, X-CUBE-AZRTOS-WL_V2.0.0, X-CUBE-BLE1_V7.0.0, X-CUBE-BLE2_V3.3.0, X-CUBE-BLEMGR_V3.1.0, X-CUBE-EEPRMA1_V5.1.0, X-CUBE-FREERTOS_V1.2.0, X-CUBE-GNSS1_V6.0.0, X-CUBE-MEMS1_V11.0.0, X-CUBE-NFC4_V3.0.0, X-CUBE-NFC7_V1.0.1, X-CUBE-SFXS2LP1_V4.0.0, X-CUBE-SUBG2_V5.0.0, X-CUBE-TOF1_V3.4.2]
2024-10-28 23:00:46,442 [INFO] ApiDb:240 - Found 646 in-development CPN: [B-G473E-ZEST1S, B-WB1M-WPAN1, B-WL5M-SUBG1, NUCLEO-C031C6, NUCLEO-C071RB, NUCLEO-H503RB, NUCLEO-H533RE, NUCLEO-H563ZI, NUCLEO-H7S3L8, NUCLEO-U031R8, NUCLEO-U083RC, NUCLEO-U545RE-Q, NUCLEO-U5A5ZJ-Q, NUCLEO-WB05KZ, NUCLEO-WB07CC, NUCLEO-WB09KE, NUCLEO-WBA52CG, NUCLEO-WBA55CG, STEVAL-PROTEUS1, STEVAL-SMARTAG2, STEVAL-STWINBX1, STM320518-EVAL, STM32C0116-DK, STM32C011D6Y3TR, STM32C011D6Y6TR, STM32C011F4P3, STM32C011F4P6, STM32C011F4U3, STM32C011F4U6TR, STM32C011F6P3, STM32C011F6P6, STM32C011F6U3, STM32C011F6U6TR, STM32C011J4M3, STM32C011J4M6, STM32C011J6M3, STM32C011J6M6, STM32C0316-DK, STM32C031C4T3, STM32C031C4T6, STM32C031C4U3, STM32C031C4U6, STM32C031C6T3, STM32C031C6T6, STM32C031C6U3, STM32C031C6U6, STM32C031F4P3, STM32C031F4P6, STM32C031F6P3, STM32C031F6P6, STM32C031G4U3, STM32C031G4U6, STM32C031G6U3, STM32C031G6U6, STM32C031K4T3, STM32C031K4T6, STM32C031K4U3, STM32C031K4U6, STM32C031K6T3, STM32C031K6T6, STM32C031K6U3, STM32C031K6U6, STM32C071C8T6, STM32C071C8T6N, STM32C071C8U6, STM32C071C8U6N, STM32C071CBT6, STM32C071CBT6N, STM32C071CBU6, STM32C071CBU6N, STM32C071F8P6, STM32C071F8P6N, STM32C071FBP6, STM32C071FBP6N, STM32C071FBY6TR, STM32C071G8U6, STM32C071G8U6N, STM32C071GBU6, STM32C071GBU6N, STM32C071K8T6, STM32C071K8T6N, STM32C071K8U6, STM32C071K8U6N, STM32C071KBT6, STM32C071KBT6N, STM32C071KBU6, STM32C071KBU6N, STM32C071R8T6, STM32C071R8T6N, STM32C071RBI6N, STM32C071RBT6, STM32C071RBT6N, STM32G071K8TXN, STM32G071K8UXN, STM32G081GBU6N, STM32G081KBT6N, STM32G081KBUXN, STM32G0B1CCT6N, STM32G0B1KCT6, STM32G0B1NEY6TR, STM32G0B1RCT6N, STM32G0C1CCT6, STM32G0C1CCT6N, STM32G0C1CCU6N, STM32G0C1CET6N, STM32G0C1CEU6N, STM32G0C1KCT6, STM32G0C1NEY6TR, STM32G0C1RCI6N, STM32G0C1RCT6N, STM32G0C1REI6N, STM32G0C1RET6N, STM32G0C1VCI6, STM32G0C1VEI6, STM32G411C6T3, STM32G411C6T6, STM32G411C6U3, STM32G411C6U6, STM32G411C8T3, STM32G411C8T6, STM32G411C8U3, STM32G411C8U6, STM32G411CBT3, STM32G411CBT6, STM32G411CBU3, STM32G411CBU6, STM32G411K6T3, STM32G411K6T6, STM32G411K6U3, STM32G411K6U6, STM32G411K8T3, STM32G411K8T6, STM32G411K8U3, STM32G411K8U6, STM32G411KBT3, STM32G411KBT6, STM32G411KBU3, STM32G411KBU6, STM32G411M6T3, STM32G411M6T6, STM32G411M8T3, STM32G411M8T6, STM32G411MBT3, STM32G411MBT6, STM32G411R6T3, STM32G411R6T6, STM32G411R8T3, STM32G411R8T6, STM32G411RBT3, STM32G411RBT6, STM32G414CBT3, STM32G414CBT6, STM32G414CBU3, STM32G414CBU6, STM32G414CCT3, STM32G414CCT6, STM32G414CCU3, STM32G414CCU6, STM32G414MBT3, STM32G414MBT6, STM32G414MCT3, STM32G414MCT6, STM32G414RBT3, STM32G414RBT6, STM32G414RCT3, STM32G414RCT6, STM32G414VBT3, STM32G414VBT6, STM32G414VCT3, STM32G414VCT6, STM32G431CBT3Z, STM32G431RBT3Z, STM32G471CCT6, STM32G471CCU6, STM32G471CET3, STM32G471CET6, STM32G471CEU3, STM32G471CEU6, STM32G471MCT6, STM32G471MET3, STM32G471MET6, STM32G471MEY6TR, STM32G471QCT6, STM32G471QET3, STM32G471RCT6, STM32G471RET3, STM32G471RET6, STM32G471VCH6, STM32G471VCI6, STM32G471VCT6, STM32G471VEH3, STM32G471VEH6, STM32G471VEI3, STM32G471VEI6, STM32G471VET3, STM32G471VET6, STM32G473QET3Z, STM32G473RET3Z, STM32G474CCT6, STM32G491RET3Z, STM32H503CBT6, STM32H503CBU6, STM32H503EBY6TR, STM32H503KBU6, STM32H503RBT6, STM32H523CCT6, STM32H523CCU6, STM32H523CET6, STM32H523CEU6, STM32H523HEY6TR, STM32H523RCT6, STM32H523RET6, STM32H523VCI6, STM32H523VCT6, STM32H523VEI6, STM32H523VET6, STM32H523ZCJ6, STM32H523ZCT6, STM32H523ZEJ6, STM32H523ZET6, STM32H533CET6, STM32H533CEU6, STM32H533HEY6TR, STM32H533RET6, STM32H533VEI6, STM32H533VET6, STM32H533ZEJ6, STM32H533ZET6, STM32H562AGI6, STM32H562AII6, STM32H562IGK6, STM32H562IGT6, STM32H562IIK6, STM32H562IIT6, STM32H562RGT6, STM32H562RGV6, STM32H562RIT6, STM32H562RIV6, STM32H562VGT6, STM32H562VIT6, STM32H562ZGT6, STM32H562ZIT6, STM32H563AGI6, STM32H563AII3Q, STM32H563AII6, STM32H563IGK6, STM32H563IGT6, STM32H563IIK3Q, STM32H563IIK6, STM32H563IIT3Q, STM32H563IIT6, STM32H563MIY3QTR, STM32H563RGT6, STM32H563RGV6, STM32H563RIT6, STM32H563RIV6, STM32H563VGT6, STM32H563VIT3Q, STM32H563VIT6, STM32H563ZGT6, STM32H563ZIT3Q, STM32H563ZIT6, STM32H573AII3Q, STM32H573AII6, STM32H573I-DK, STM32H573IIK3Q, STM32H573IIK6, STM32H573IIT3Q, STM32H573IIT6, STM32H573MIY3QTR, STM32H573RIT6, STM32H573RIV6, STM32H573VIT3Q, STM32H573VIT6, STM32H573ZIT3Q, STM32H573ZIT6, STM32H7R3A8I6, STM32H7R3I8K6, STM32H7R3I8T6, STM32H7R3L8H6, STM32H7R3L8H6H, STM32H7R3R8V6, STM32H7R3V8H6, STM32H7R3V8T6, STM32H7R3V8Y6TR, STM32H7R3Z8J6, STM32H7R3Z8T6, STM32H7R7A8I6, STM32H7R7I8K6, STM32H7R7I8T6, STM32H7R7L8H6, STM32H7R7L8H6H, STM32H7R7Z8J6, STM32H7S3A8I6, STM32H7S3I8K6, STM32H7S3I8T6, STM32H7S3L8H6, STM32H7S3L8H6H, STM32H7S3R8V6, STM32H7S3V8H6, STM32H7S3V8T6, STM32H7S3V8Y6TR, STM32H7S3Z8J6, STM32H7S3Z8T6, STM32H7S78-DK, STM32H7S7A8I6, STM32H7S7I8K6, STM32H7S7I8T6, STM32H7S7L8H6, STM32H7S7L8H6H, STM32H7S7Z8J6, STM32L4R5QGI6STR, STM32MP131AAE3, STM32MP131AAF3, STM32MP131AAG3, STM32MP131CAE3, STM32MP131CAF3, STM32MP131CAG3, STM32MP131DAE7, STM32MP131DAF7, STM32MP131DAG7, STM32MP131FAE7, STM32MP131FAF7, STM32MP131FAG7, STM32MP133AAE3, STM32MP133AAF3, STM32MP133AAG3, STM32MP133CAE3, STM32MP133CAF3, STM32MP133CAG3, STM32MP133DAE7, STM32MP133DAF7, STM32MP133DAG7, STM32MP133FAE7, STM32MP133FAF7, STM32MP133FAG7, STM32MP135AAE3, STM32MP135AAF3, STM32MP135AAG3, STM32MP135CAE3, STM32MP135CAF3, STM32MP135CAG3, STM32MP135DAE7, STM32MP135DAF7, STM32MP135DAG7, STM32MP135F-DK, STM32MP135FAE7, STM32MP135FAF7, STM32MP135FAF7T, STM32MP135FAF7U, STM32MP135FAG7, STM32MP251AAI3, STM32MP251AAK3, STM32MP251AAL3, STM32MP251CAI3, STM32MP251CAK3, STM32MP251CAL3, STM32MP251DAI3, STM32MP251DAK3, STM32MP251DAL3, STM32MP251FAI3, STM32MP251FAK3, STM32MP251FAL3, STM32MP253AAI3, STM32MP253AAK3, STM32MP253AAL3, STM32MP253CAI3, STM32MP253CAK3, STM32MP253CAL3, STM32MP253DAI3, STM32MP253DAK3, STM32MP253DAL3, STM32MP253FAI3, STM32MP253FAK3, STM32MP253FAL3, STM32MP255AAI3, STM32MP255AAK3, STM32MP255AAL3, STM32MP255CAI3, STM32MP255CAK3, STM32MP255CAL3, STM32MP255DAI3, STM32MP255DAK3, STM32MP255DAL3, STM32MP255FAI3, STM32MP255FAK3, STM32MP255FAL3, STM32MP257AAI3, STM32MP257AAK3, STM32MP257AAL3, STM32MP257CAI3, STM32MP257CAK3, STM32MP257CAL3, STM32MP257DAI3, STM32MP257DAK3, STM32MP257DAL3, STM32MP257F-DK, STM32MP257F-EV1, STM32MP257FAI3, STM32MP257FAK3, STM32MP257FAL3, STM32U031C6T6, STM32U031C6U6, STM32U031C8T6, STM32U031C8U6, STM32U031F4P6, STM32U031F6P6, STM32U031F8P6, STM32U031G6Y6TR, STM32U031G8Y6TR, STM32U031K4U6, STM32U031K6U6, STM32U031K8U6, STM32U031R6I6, STM32U031R6T6, STM32U031R8I6, STM32U031R8T6, STM32U073C8T6, STM32U073C8U6, STM32U073CBT6, STM32U073CBU6, STM32U073CCT6, STM32U073CCU6, STM32U073H8Y6TR, STM32U073HBY6TR, STM32U073HCY6TR, STM32U073K8U6, STM32U073KBU6, STM32U073KCU6, STM32U073M8I6, STM32U073M8T6, STM32U073MBI6, STM32U073MBT6, STM32U073MCI6, STM32U073MCT6, STM32U073R8I6, STM32U073R8T6, STM32U073RBI6, STM32U073RBT6, STM32U073RCI6, STM32U073RCT6, STM32U083C-DK, STM32U083CCT6, STM32U083CCU6, STM32U083HCY6TR, STM32U083KCU6, STM32U083MCI6, STM32U083MCT6, STM32U083RCI6, STM32U083RCT6, STM32U535CBT6, STM32U535CBT6Q, STM32U535CBU6, STM32U535CBU6Q, STM32U535CCT6, STM32U535CCT6Q, STM32U535CCU6, STM32U535CCU6Q, STM32U535CET6, STM32U535CET6Q, STM32U535CEU6, STM32U535CEU6Q, STM32U535JEY6QTR, STM32U535NCY6QTR, STM32U535NEY6QTR, STM32U535RBI6, STM32U535RBI6Q, STM32U535RBT6, STM32U535RBT6Q, STM32U535RCI6, STM32U535RCI6Q, STM32U535RCT6, STM32U535RCT6Q, STM32U535REI6, STM32U535REI6Q, STM32U535RET6, STM32U535RET6Q, STM32U535VCI6, STM32U535VCI6Q, STM32U535VCT6, STM32U535VCT6Q, STM32U535VEI6, STM32U535VEI6Q, STM32U535VET6, STM32U535VET6Q, STM32U545CET6, STM32U545CET6Q, STM32U545CEU6, STM32U545CEU6Q, STM32U545JEY6QTR, STM32U545NEY6QTR, STM32U545REI6, STM32U545REI6Q, STM32U545RET6, STM32U545RET6Q, STM32U545VEI6, STM32U545VEI6Q, STM32U545VET6, STM32U545VET6Q, STM32U595AIH6, STM32U595AIH6Q, STM32U595AJH6, STM32U595AJH6Q, STM32U595QII6, STM32U595QII6Q, STM32U595QJI6, STM32U595QJI6Q, STM32U595RIT6, STM32U595RIT6Q, STM32U595RJT6, STM32U595RJT6Q, STM32U595VIT6, STM32U595VIT6Q, STM32U595VJT6, STM32U595VJT6Q, STM32U595ZIT6, STM32U595ZIT6Q, STM32U595ZIY6QTR, STM32U595ZJT6, STM32U595ZJT6Q, STM32U595ZJY6QTR, STM32U599BJY6QTR, STM32U599NIH6Q, STM32U599NJH6Q, STM32U599VIT6Q, STM32U599VJT6, STM32U599VJT6Q, STM32U599ZIT6Q, STM32U599ZIY6QTR, STM32U599ZJT6Q, STM32U599ZJY6QTR, STM32U5A5AJH6, STM32U5A5AJH6Q, STM32U5A5QII3Q , STM32U5A5QJI6, STM32U5A5QJI6Q, STM32U5A5RJT6, STM32U5A5RJT6Q, STM32U5A5VJT6, STM32U5A5VJT6Q, STM32U5A5ZJT6, STM32U5A5ZJT6Q, STM32U5A5ZJY6QTR, STM32U5A9BJY6QTR, STM32U5A9J-DK, STM32U5A9NJH6Q, STM32U5A9VJT6Q, STM32U5A9ZJT6Q, STM32U5A9ZJY6QTR, STM32U5F7VIT6, STM32U5F7VIT6Q, STM32U5F7VJT6, STM32U5F7VJT6Q, STM32U5F9BJY6QTR, STM32U5F9NJH6Q, STM32U5F9VIT6Q, STM32U5F9VJT6Q, STM32U5F9ZIJ6QTR, STM32U5F9ZIT6Q, STM32U5F9ZJJ6QTR, STM32U5F9ZJT6Q, STM32U5G7VJT6, STM32U5G7VJT6Q, STM32U5G9BJY6QTR, STM32U5G9J-DK1, STM32U5G9J-DK2, STM32U5G9NJH6Q, STM32U5G9VJT6Q, STM32U5G9ZJJ6QTR, STM32U5G9ZJT6Q, STM32WB05KZV6TR, STM32WB05KZV7TR, STM32WB05TZF6TR, STM32WB05TZF7TR, STM32WB06CCF6TR, STM32WB06CCF7TR, STM32WB06CCV6TR, STM32WB06CCV7TR, STM32WB06KCV6TR, STM32WB06KCV7TR, STM32WB07CCF6TR, STM32WB07CCF7TR, STM32WB07CCV6TR, STM32WB07CCV7TR, STM32WB07KCV6TR, STM32WB07KCV7TR, STM32WB09KEV6TR, STM32WB09KEV7TR, STM32WB09TEF6TR, STM32WB09TEF7TR, STM32WB1MMCH6, STM32WBA50KGU6, STM32WBA50KGU6TR, STM32WBA52CEU6, STM32WBA52CEU6TR, STM32WBA52CEU7, STM32WBA52CEU7TR, STM32WBA52CGU6, STM32WBA52CGU6TR, STM32WBA52CGU6U, STM32WBA52CGU7, STM32WBA52CGU7TR, STM32WBA52KEU6, STM32WBA52KEU6TR, STM32WBA52KGU6, STM32WBA52KGU6TR, STM32WBA54CEU6, STM32WBA54CEU6TR, STM32WBA54CEU7, STM32WBA54CEU7TR, STM32WBA54CGU6, STM32WBA54CGU6TR, STM32WBA54CGU7, STM32WBA54CGU7TR, STM32WBA54KEU6, STM32WBA54KEU6TR, STM32WBA54KEU7, STM32WBA54KEU7TR, STM32WBA54KGU6, STM32WBA54KGU6TR, STM32WBA54KGU7, STM32WBA54KGU7TR, STM32WBA55CEU6, STM32WBA55CEU6TR, STM32WBA55CEU7, STM32WBA55CEU7TR, STM32WBA55CGU6, STM32WBA55CGU6TR, STM32WBA55CGU6U, STM32WBA55CGU7, STM32WBA55CGU7TR, STM32WBA55G-DK1, STM32WBA55HEF6, STM32WBA55HEF7, STM32WBA55HGF6, STM32WBA55HGF7, STM32WBA55UEI6, STM32WBA55UEI6TR, STM32WBA55UEI7, STM32WBA55UEI7TR, STM32WBA55UGI6, STM32WBA55UGI6TR, STM32WBA55UGI7, STM32WBA55UGI7TR, STM32WL5MOCH6, STM32WL5MOCH6TR]
2024-10-28 23:00:46,445 [INFO] DbMcus:218 - Found 4252 MCUs, 4252 are supported
2024-10-28 23:00:46,445 [INFO] ApiDb:423 - Load user favorites file /home/nakarin/.stm32cubeide/favorites.mcus.txt: 0 item(s)
2024-10-28 23:00:46,445 [INFO] ApiDb:427 - User favorites MCUs=[]
2024-10-28 23:00:46,445 [INFO] DbMcus:224 - Set 0 / 0 favorites MCUs
2024-10-28 23:00:46,744 [INFO] ApiDb:423 - Load user favorites file /home/nakarin/.stm32cubeide/favorites.boards.txt: 0 item(s)
2024-10-28 23:00:46,745 [INFO] ApiDb:427 - User favorites Boards=[]
2024-10-28 23:00:46,745 [INFO] DbBoards:198 - Set 0 / 0 favorites Boards
2024-10-28 23:00:46,788 [INFO] UtilMem:75 - End LoadConfig() Used Memory: 280898400 Bytes (869269504)
2024-10-28 23:00:46,915 [WARN] ThirdParty:833 - waiting for thirdparty lock release [change project]
2024-10-28 23:00:46,915 [INFO] ThirdParty:835 - entering critical section [change project]
2024-10-28 23:00:46,916 [INFO] ThirdParty:1030 - CMSIS Pack Vendor :STMicroelectronics USBPD 4.1
2024-10-28 23:00:46,916 [INFO] ThirdParty:1030 - CMSIS Pack Vendor :STMicroelectronics X-CUBE-AZRTOS-H7 3.3.0
2024-10-28 23:00:46,916 [INFO] ThirdParty:1030 - CMSIS Pack Vendor :STMicroelectronics X-CUBE-NFC9 1.0.0
2024-10-28 23:00:46,916 [INFO] ThirdParty:1030 - CMSIS Pack Vendor :STMicroelectronics USB_HOST 2.0.0
2024-10-28 23:00:46,916 [INFO] ThirdParty:1030 - CMSIS Pack Vendor :STMicroelectronics FP-SNS-MOTENVWB1 1.4.0
2024-10-28 23:00:46,916 [INFO] ThirdParty:1030 - CMSIS Pack Vendor :STMicroelectronics X-CUBE-AZRTOS-F4 1.1.0
2024-10-28 23:00:46,916 [INFO] ThirdParty:1030 - CMSIS Pack Vendor :STMicroelectronics LIBJPEG 8.0.0
2024-10-28 23:00:46,916 [INFO] ThirdParty:1030 - CMSIS Pack Vendor :STMicroelectronics X-CUBE-SMBUS 2.1.0
2024-10-28 23:00:46,916 [INFO] ThirdParty:1030 - CMSIS Pack Vendor :STMicroelectronics X-CUBE-WB05N 1.1.0
2024-10-28 23:00:46,916 [INFO] ThirdParty:1030 - CMSIS Pack Vendor :STMicroelectronics USB_DEVICE 3.0.0
2024-10-28 23:00:46,916 [INFO] ThirdParty:1030 - CMSIS Pack Vendor :STMicroelectronics X-CUBE-TCPP 4.1.0
2024-10-28 23:00:46,916 [INFO] ThirdParty:1030 - CMSIS Pack Vendor :STMicroelectronics X-CUBE-ISPU 2.1.0
2024-10-28 23:00:46,916 [INFO] ThirdParty:1030 - CMSIS Pack Vendor :STMicroelectronics X-CUBE-FREERTOS 1.2.0
2024-10-28 23:00:46,916 [INFO] ThirdParty:1030 - CMSIS Pack Vendor :STMicroelectronics X-CUBE-IPS 3.0.0
2024-10-28 23:00:46,916 [INFO] ThirdParty:1030 - CMSIS Pack Vendor :STMicroelectronics X-CUBE-AZRTOS-WB 2.0.0
2024-10-28 23:00:46,916 [INFO] ThirdParty:1030 - CMSIS Pack Vendor :STMicroelectronics X-CUBE-GNSS1 7.0.0
2024-10-28 23:00:46,916 [INFO] ThirdParty:1030 - CMSIS Pack Vendor :STMicroelectronics X-CUBE-AZRTOS-F7 1.1.0
2024-10-28 23:00:46,916 [INFO] ThirdParty:1030 - CMSIS Pack Vendor :STMicroelectronics X-CUBE-AZRTOS-L5 2.0.0
2024-10-28 23:00:46,916 [INFO] ThirdParty:1030 - CMSIS Pack Vendor :STMicroelectronics USB_DEVICE 2.0.0
2024-10-28 23:00:46,916 [INFO] ThirdParty:1030 - CMSIS Pack Vendor :STMicroelectronics X-CUBE-NFC6 3.1.0
2024-10-28 23:00:46,916 [INFO] ThirdParty:1030 - CMSIS Pack Vendor :STMicroelectronics FP-SNS-STBOX1 2.0.0
2024-10-28 23:00:46,916 [INFO] ThirdParty:1030 - CMSIS Pack Vendor :STMicroelectronics X-CUBE-MEMS1 11.0.0
2024-10-28 23:00:46,917 [INFO] ThirdParty:1030 - CMSIS Pack Vendor :STMicroelectronics FreeRTOS 0.0.1
2024-10-28 23:00:46,917 [INFO] ThirdParty:1030 - CMSIS Pack Vendor :STMicroelectronics X-CUBE-AZRTOS-G0 1.1.0
2024-10-28 23:00:46,917 [INFO] ThirdParty:1030 - CMSIS Pack Vendor :STMicroelectronics X-CUBE-SAFEA1 1.2.2
2024-10-28 23:00:46,917 [INFO] ThirdParty:1030 - CMSIS Pack Vendor :STMicroelectronics X-CUBE-NFC4 3.0.0
2024-10-28 23:00:46,917 [INFO] ThirdParty:1030 - CMSIS Pack Vendor :STMicroelectronics X-CUBE-DPower 1.2.0
2024-10-28 23:00:46,917 [INFO] ThirdParty:1030 - CMSIS Pack Vendor :STMicroelectronics X-CUBE-SUBG2 5.0.0
2024-10-28 23:00:46,917 [INFO] ThirdParty:1030 - CMSIS Pack Vendor :STMicroelectronics STM32_WPAN 1.0.0
2024-10-28 23:00:46,917 [INFO] ThirdParty:1030 - CMSIS Pack Vendor :EmbeddedOffice I-CUBE-FS-RTOS 1.0.1
2024-10-28 23:00:46,917 [INFO] ThirdParty:1030 - CMSIS Pack Vendor :STMicroelectronics lwIP 2.0.3
2024-10-28 23:00:46,917 [INFO] ThirdParty:1030 - CMSIS Pack Vendor :STMicroelectronics FP-SNS-FLIGHT1 5.0.2
2024-10-28 23:00:46,917 [INFO] ThirdParty:1030 - CMSIS Pack Vendor :Cesanta I-CUBE-Mongoose 7.13.0
2024-10-28 23:00:46,917 [INFO] ThirdParty:1030 - CMSIS Pack Vendor :STMicroelectronics USB_HOST 1.0.0
2024-10-28 23:00:46,917 [INFO] ThirdParty:1030 - CMSIS Pack Vendor :STMicroelectronics X-CUBE-AZRTOS-G4 2.0.0
2024-10-28 23:00:46,917 [INFO] ThirdParty:1030 - CMSIS Pack Vendor :STMicroelectronics PDM2PCM 3.1.0
2024-10-28 23:00:46,917 [INFO] ThirdParty:1030 - CMSIS Pack Vendor :STMicroelectronics PDM2PCM 3.3.0
2024-10-28 23:00:46,917 [INFO] ThirdParty:1030 - CMSIS Pack Vendor :STMicroelectronics X-CUBE-DISPLAY 3.0.0
2024-10-28 23:00:46,917 [INFO] ThirdParty:1030 - CMSIS Pack Vendor :RealThread X-CUBE-RT-Thread_Nano 4.1.1
2024-10-28 23:00:46,918 [INFO] ThirdParty:1030 - CMSIS Pack Vendor :STMicroelectronics X-CUBE-BLE1 7.0.0
2024-10-28 23:00:46,918 [INFO] ThirdParty:1030 - CMSIS Pack Vendor :STMicroelectronics FP-ATR-SIGFOX1 3.2.0
2024-10-28 23:00:46,918 [INFO] ThirdParty:1030 - CMSIS Pack Vendor :STMicroelectronics X-CUBE-NFC10 1.0.0
2024-10-28 23:00:46,918 [INFO] ThirdParty:1030 - CMSIS Pack Vendor :wolfSSL I-CUBE-wolfSSL 5.7.2
2024-10-28 23:00:46,918 [INFO] ThirdParty:1030 - CMSIS Pack Vendor :STMicroelectronics X-CUBE-EEPRMA1 5.1.0
2024-10-28 23:00:46,918 [INFO] ThirdParty:1030 - CMSIS Pack Vendor :STMicroelectronics HAL Drivers 0.0.0
2024-10-28 23:00:46,918 [INFO] ThirdParty:1030 - CMSIS Pack Vendor :STMicroelectronics MBEDTLS 2.16.2
2024-10-28 23:00:46,918 [INFO] ThirdParty:1030 - CMSIS Pack Vendor :STMicroelectronics X-CUBE-ALS 1.0.2
2024-10-28 23:00:46,918 [INFO] ThirdParty:1030 - CMSIS Pack Vendor :emotas I-CUBE-CANOPEN 1.3.0
2024-10-28 23:00:46,918 [INFO] ThirdParty:1030 - CMSIS Pack Vendor :STMicroelectronics X-CUBE-NFC7 1.0.1
2024-10-28 23:00:46,918 [INFO] ThirdParty:1030 - CMSIS Pack Vendor :STMicroelectronics MBEDTLS 2.14.1
2024-10-28 23:00:46,918 [INFO] ThirdParty:1030 - CMSIS Pack Vendor :ITTIA_DB I-CUBE-ITTIADB 8.9.0
2024-10-28 23:00:46,918 [INFO] ThirdParty:1030 - CMSIS Pack Vendor :STMicroelectronics X-CUBE-TOUCHGFX 4.24.1
2024-10-28 23:00:46,918 [INFO] ThirdParty:1030 - CMSIS Pack Vendor :wolfSSL I-CUBE-wolfTPM 3.4.0
2024-10-28 23:00:46,918 [INFO] ThirdParty:1030 - CMSIS Pack Vendor :portGmbH I-Cube-SoM-uGOAL 1.1.0
2024-10-28 23:00:46,918 [INFO] ThirdParty:1030 - CMSIS Pack Vendor :STMicroelectronics X-CUBE-BLEMGR 3.1.0
2024-10-28 23:00:46,918 [INFO] ThirdParty:1030 - CMSIS Pack Vendor :STMicroelectronics ThreadX 1.0.0
2024-10-28 23:00:46,918 [INFO] ThirdParty:1030 - CMSIS Pack Vendor :STMicroelectronics FP-SNS-SMARTAG2 1.2.0
2024-10-28 23:00:46,918 [INFO] ThirdParty:1030 - CMSIS Pack Vendor :STMicroelectronics X-CUBE-AZRTOS-WL 2.0.0
2024-10-28 23:00:46,918 [INFO] ThirdParty:1030 - CMSIS Pack Vendor :SEGGER I-CUBE-embOS 1.3.1
2024-10-28 23:00:46,918 [INFO] ThirdParty:1030 - CMSIS Pack Vendor :STMicroelectronics X-CUBE-ALGOBUILD 1.4.0
2024-10-28 23:00:46,918 [INFO] ThirdParty:1030 - CMSIS Pack Vendor :STMicroelectronics FP-SNS-MOTENV1 5.0.0
2024-10-28 23:00:46,918 [INFO] ThirdParty:1030 - CMSIS Pack Vendor :STMicroelectronics USB_DEVICE 1.0.0
2024-10-28 23:00:46,918 [INFO] ThirdParty:1030 - CMSIS Pack Vendor :STMicroelectronics X-CUBE-AZRTOS-H7RS 1.0.0
2024-10-28 23:00:46,919 [INFO] ThirdParty:1030 - CMSIS Pack Vendor :wolfSSL I-CUBE-wolfMQTT 1.19.0
2024-10-28 23:00:46,919 [INFO] ThirdParty:1030 - CMSIS Pack Vendor :STMicroelectronics X-CUBE-AZRTOS-L4 2.0.0
2024-10-28 23:00:46,919 [INFO] ThirdParty:1030 - CMSIS Pack Vendor :STMicroelectronics ThreadX 0.0.2
2024-10-28 23:00:46,919 [INFO] ThirdParty:1030 - CMSIS Pack Vendor :WES I-CUBE-Cesium 1.3.0
2024-10-28 23:00:46,919 [INFO] ThirdParty:1030 - CMSIS Pack Vendor :STMicroelectronics FP-ATR-ASTRA1 2.0.0
2024-10-28 23:00:46,919 [INFO] ThirdParty:1030 - CMSIS Pack Vendor :STMicroelectronics lwIP 2.1.2
2024-10-28 23:00:46,919 [INFO] ThirdParty:1030 - CMSIS Pack Vendor :STMicroelectronics X-CUBE-SFXS2LP1 4.0.0
2024-10-28 23:00:46,919 [INFO] ThirdParty:1030 - CMSIS Pack Vendor :STMicroelectronics X-CUBE-BLE2 3.3.0
2024-10-28 23:00:46,919 [INFO] ThirdParty:1030 - CMSIS Pack Vendor :STMicroelectronics X-CUBE-TOF1 3.4.2
2024-10-28 23:00:46,919 [INFO] ThirdParty:1030 - CMSIS Pack Vendor :STMicroelectronics X-CUBE-AI 9.1.0
2024-10-28 23:00:46,919 [INFO] ThirdParty:1030 - CMSIS Pack Vendor :Infineon AIROC-Wi-Fi-Bluetooth-STM32 1.6.1
2024-10-28 23:00:46,919 [INFO] ThirdParty:1030 - CMSIS Pack Vendor :STMicroelectronics PDM2PCM 3.2.0
2024-10-28 23:00:46,919 [INFO] ThirdParty:1030 - CMSIS Pack Vendor :wolfSSL I-CUBE-wolfSSH 1.4.17
2024-10-28 23:00:46,919 [INFO] ThirdParty:841 - exiting critical section [change project]
2024-10-28 23:00:47,552 [INFO] PinOutPanel:1561 - setPackage(No Configuration,No Configuration)
2024-10-28 23:00:47,553 [INFO] PinOutPanel:1561 - setPackage(STM32G474RETx,LQFP64)
2024-10-28 23:00:48,327 [INFO] UtilMem:75 - Before build in PCC Used Memory: 413231544 Bytes (869269504)
2024-10-28 23:00:48,972 [INFO] UtilMem:75 - After build in PCC Used Memory: 581523952 Bytes (869269504)
2024-10-28 23:00:48,992 [INFO] ApiDbMcu:508 - Load IP Config File for FREERTOS
2024-10-28 23:00:49,029 [INFO] IPUIPlugin:80 - create IPUIPlugin
2024-10-28 23:00:49,029 [INFO] IPUIPlugin:80 - create IPUIPlugin
2024-10-28 23:00:49,030 [INFO] IPUIPlugin:80 - create IPUIPlugin
2024-10-28 23:00:49,030 [INFO] IPUIPlugin:80 - create IPUIPlugin
2024-10-28 23:00:49,030 [INFO] IPUIPlugin:80 - create IPUIPlugin
2024-10-28 23:00:49,030 [INFO] IPUIPlugin:80 - create IPUIPlugin
2024-10-28 23:00:49,030 [INFO] IPUIPlugin:80 - create IPUIPlugin
2024-10-28 23:00:49,030 [INFO] IPUIPlugin:80 - create IPUIPlugin
2024-10-28 23:00:49,030 [INFO] IPUIPlugin:80 - create IPUIPlugin
2024-10-28 23:00:49,030 [INFO] IPUIPlugin:80 - create IPUIPlugin
2024-10-28 23:00:49,030 [INFO] IPUIPlugin:80 - create IPUIPlugin
2024-10-28 23:00:49,031 [INFO] IPUIPlugin:80 - create IPUIPlugin
2024-10-28 23:00:49,031 [INFO] IPUIPlugin:80 - create IPUIPlugin
2024-10-28 23:00:49,031 [INFO] IPUIPlugin:80 - create IPUIPlugin
2024-10-28 23:00:49,031 [INFO] IPUIPlugin:80 - create IPUIPlugin
2024-10-28 23:00:49,032 [INFO] IPUIPlugin:80 - create IPUIPlugin
2024-10-28 23:00:49,032 [INFO] IPUIPlugin:80 - create IPUIPlugin
2024-10-28 23:00:49,032 [INFO] IPUIPlugin:80 - create IPUIPlugin
2024-10-28 23:00:49,033 [INFO] IPUIPlugin:80 - create IPUIPlugin
2024-10-28 23:00:49,033 [INFO] IPUIPlugin:80 - create IPUIPlugin
2024-10-28 23:00:49,033 [INFO] IPUIPlugin:80 - create IPUIPlugin
2024-10-28 23:00:49,033 [INFO] IPUIPlugin:80 - create IPUIPlugin
2024-10-28 23:00:49,033 [INFO] IPUIPlugin:80 - create IPUIPlugin
2024-10-28 23:00:49,033 [INFO] IPUIPlugin:80 - create IPUIPlugin
2024-10-28 23:00:49,034 [INFO] IPUIPlugin:80 - create IPUIPlugin
2024-10-28 23:00:49,034 [INFO] IPUIPlugin:80 - create IPUIPlugin
2024-10-28 23:00:49,034 [INFO] IPUIPlugin:80 - create IPUIPlugin
2024-10-28 23:00:49,034 [INFO] IPUIPlugin:80 - create IPUIPlugin
2024-10-28 23:00:49,034 [INFO] IPUIPlugin:80 - create IPUIPlugin
2024-10-28 23:00:49,034 [INFO] IPUIPlugin:80 - create IPUIPlugin
2024-10-28 23:00:49,035 [INFO] IPUIPlugin:80 - create IPUIPlugin
2024-10-28 23:00:49,035 [INFO] IPUIPlugin:80 - create IPUIPlugin
2024-10-28 23:00:49,035 [INFO] IPUIPlugin:80 - create IPUIPlugin
2024-10-28 23:00:49,035 [INFO] IPUIPlugin:80 - create IPUIPlugin
2024-10-28 23:00:49,035 [INFO] IPUIPlugin:80 - create IPUIPlugin
2024-10-28 23:00:49,035 [INFO] IPUIPlugin:80 - create IPUIPlugin
2024-10-28 23:00:49,036 [INFO] IPUIPlugin:80 - create IPUIPlugin
2024-10-28 23:00:49,036 [INFO] IPUIPlugin:80 - create IPUIPlugin
2024-10-28 23:00:49,036 [INFO] IPUIPlugin:80 - create IPUIPlugin
2024-10-28 23:00:49,036 [INFO] IPUIPlugin:80 - create IPUIPlugin
2024-10-28 23:00:49,036 [INFO] IPUIPlugin:80 - create IPUIPlugin
2024-10-28 23:00:49,036 [INFO] IPUIPlugin:80 - create IPUIPlugin
2024-10-28 23:00:49,037 [INFO] IPUIPlugin:80 - create IPUIPlugin
2024-10-28 23:00:49,037 [INFO] IPUIPlugin:80 - create IPUIPlugin
2024-10-28 23:00:49,037 [INFO] IPUIPlugin:80 - create IPUIPlugin
2024-10-28 23:00:49,037 [INFO] IPUIPlugin:80 - create IPUIPlugin
2024-10-28 23:00:49,037 [INFO] IPUIPlugin:80 - create IPUIPlugin
2024-10-28 23:00:49,038 [INFO] IPUIPlugin:80 - create IPUIPlugin
2024-10-28 23:00:49,038 [INFO] IPUIPlugin:80 - create IPUIPlugin
2024-10-28 23:00:49,038 [INFO] IPUIPlugin:80 - create IPUIPlugin
2024-10-28 23:00:49,038 [INFO] IPUIPlugin:80 - create IPUIPlugin
2024-10-28 23:00:49,039 [INFO] IPUIPlugin:80 - create IPUIPlugin
2024-10-28 23:00:49,039 [INFO] IPUIPlugin:80 - create IPUIPlugin
2024-10-28 23:00:49,039 [INFO] IPUIPlugin:80 - create IPUIPlugin
2024-10-28 23:00:49,039 [INFO] IPUIPlugin:80 - create IPUIPlugin
2024-10-28 23:00:49,039 [INFO] IPUIPlugin:80 - create IPUIPlugin
2024-10-28 23:00:49,039 [INFO] IPUIPlugin:80 - create IPUIPlugin
2024-10-28 23:00:49,040 [INFO] IPUIPlugin:80 - create IPUIPlugin
2024-10-28 23:00:49,040 [INFO] IPUIPlugin:80 - create IPUIPlugin
2024-10-28 23:00:49,040 [INFO] IPUIPlugin:80 - create IPUIPlugin
2024-10-28 23:00:49,040 [INFO] IPUIPlugin:80 - create IPUIPlugin
2024-10-28 23:00:49,040 [INFO] IPUIPlugin:80 - create IPUIPlugin
2024-10-28 23:00:49,040 [INFO] IPUIPlugin:80 - create IPUIPlugin
2024-10-28 23:00:49,040 [INFO] IPUIPlugin:80 - create IPUIPlugin
2024-10-28 23:00:49,040 [INFO] IPUIPlugin:80 - create IPUIPlugin
2024-10-28 23:00:49,040 [INFO] IPUIPlugin:80 - create IPUIPlugin
2024-10-28 23:00:49,040 [INFO] IPUIPlugin:80 - create IPUIPlugin
2024-10-28 23:00:49,041 [INFO] IPUIPlugin:80 - create IPUIPlugin
2024-10-28 23:00:49,041 [INFO] IPUIPlugin:80 - create IPUIPlugin
2024-10-28 23:00:49,041 [INFO] IPUIPlugin:80 - create IPUIPlugin
2024-10-28 23:00:49,041 [INFO] IPUIPlugin:80 - create IPUIPlugin
2024-10-28 23:00:49,041 [INFO] IPUIPlugin:80 - create IPUIPlugin
2024-10-28 23:00:49,042 [INFO] IPUIPlugin:80 - create IPUIPlugin
2024-10-28 23:00:49,042 [INFO] IPUIPlugin:80 - create IPUIPlugin
2024-10-28 23:00:49,042 [INFO] IPUIPlugin:80 - create IPUIPlugin
2024-10-28 23:00:49,043 [INFO] IPUIPlugin:80 - create IPUIPlugin
2024-10-28 23:00:49,043 [INFO] IPUIPlugin:80 - create IPUIPlugin
2024-10-28 23:00:49,044 [INFO] IPUIPlugin:80 - create IPUIPlugin
2024-10-28 23:00:49,078 [WARN] FreeRTOS:1023 - Null or empty value: should not occur! (nothing added to the table)
2024-10-28 23:00:49,247 [INFO] CADModel:165 - CPN selected for project levelSTM32G474RET6
2024-10-28 23:00:49,247 [INFO] CADModel:114 - Register for checkConnection events
2024-10-28 23:00:49,250 [INFO] RtosManager:697 - Active RTOS found at IOC load: FREERTOS [Cortex-M4NS]
2024-10-28 23:00:49,292 [INFO] OpenFileManager:363 - Restore cursor
2024-10-28 23:34:19,486 [INFO] MainUpdater:2873 - connection check result : 10
2024-10-28 23:34:19,486 [INFO] MainUpdater:2873 - connection check result : 10
2024-10-28 23:34:19,644 [INFO] I2cTimingTraitement:330 - 0x40621236
2024-10-28 23:34:19,648 [INFO] MicroXplorer:468 - Change Database Path : 
2024-10-28 23:34:19,648 [INFO] MicroXplorer:498 - Change Database Version : DB.6.0.121
2024-10-28 23:34:19,656 [ERROR] ProjectManagerView:394 - 
java.lang.NullPointerException: Cannot invoke "javax.swing.JTextField.getText()" because the return value of "java.util.List.get(int)" is null
	at com.st.microxplorer.plugins.projectmanager.gui.ProjectChoiceTab$10.caretUpdate(ProjectChoiceTab.java:2622) ~[filemanager.jar:?]
	at javax.swing.text.JTextComponent.fireCaretUpdate(JTextComponent.java:412) ~[?:?]
	at javax.swing.text.JTextComponent$MutableCaretEvent.fire(JTextComponent.java:4491) ~[?:?]
	at javax.swing.text.JTextComponent$MutableCaretEvent.stateChanged(JTextComponent.java:4513) ~[?:?]
	at javax.swing.text.DefaultCaret.fireStateChanged(DefaultCaret.java:842) ~[?:?]
	at javax.swing.text.DefaultCaret.changeCaretPosition(DefaultCaret.java:1313) ~[?:?]
	at javax.swing.text.DefaultCaret.handleSetDot(DefaultCaret.java:1212) ~[?:?]
	at javax.swing.text.DefaultCaret.setDot(DefaultCaret.java:1193) ~[?:?]
	at javax.swing.text.DefaultCaret$Handler.insertUpdate(DefaultCaret.java:1789) ~[?:?]
	at javax.swing.text.AbstractDocument.fireInsertUpdate(AbstractDocument.java:226) ~[?:?]
	at javax.swing.text.AbstractDocument.handleInsertString(AbstractDocument.java:780) ~[?:?]
	at javax.swing.text.AbstractDocument.insertString(AbstractDocument.java:739) ~[?:?]
	at javax.swing.text.PlainDocument.insertString(PlainDocument.java:131) ~[?:?]
	at javax.swing.text.AbstractDocument.replace(AbstractDocument.java:698) ~[?:?]
	at javax.swing.text.JTextComponent.setText(JTextComponent.java:1729) ~[?:?]
	at com.st.microxplorer.plugins.projectmanager.gui.ProjectChoiceTab.createHeapStackFields(ProjectChoiceTab.java:972) ~[filemanager.jar:?]
	at com.st.microxplorer.plugins.projectmanager.gui.ProjectChoiceTab.buildLinkSettingsPanel(ProjectChoiceTab.java:3597) ~[filemanager.jar:?]
	at com.st.microxplorer.plugins.projectmanager.gui.ProjectChoiceTab.defineWindowsFields(ProjectChoiceTab.java:1940) ~[filemanager.jar:?]
	at com.st.microxplorer.plugins.projectmanager.gui.ProjectChoiceTab.updateSettings(ProjectChoiceTab.java:550) ~[filemanager.jar:?]
	at com.st.microxplorer.plugins.projectmanager.gui.ProjectSettingsPanel.UpdateDialog(ProjectSettingsPanel.java:245) ~[filemanager.jar:?]
	at com.st.microxplorer.plugins.projectmanager.ProjectManagerView.propertyChange(ProjectManagerView.java:391) ~[filemanager.jar:?]
	at java.beans.PropertyChangeSupport.fire(PropertyChangeSupport.java:343) ~[?:?]
	at java.beans.PropertyChangeSupport.firePropertyChange(PropertyChangeSupport.java:335) ~[?:?]
	at java.beans.PropertyChangeSupport.firePropertyChange(PropertyChangeSupport.java:268) ~[?:?]
	at com.st.microxplorer.util.MXPropertyChangeSupport.firePropertyChange(MXPropertyChangeSupport.java:54) ~[STM32CubeMX.jar:?]
	at com.st.microxplorer.mxsystem.MxSystem.closeConfig(MxSystem.java:900) ~[STM32CubeMX.jar:?]
	at com.st.microxplorer.maingui.MainPanel.closeConfig(MainPanel.java:781) ~[STM32CubeMX.jar:?]
	at com.st.microxplorer.plugins.filemanager.engine.OpenFileManager.loadConfigurationFile(OpenFileManager.java:265) ~[filemanager.jar:?]
	at com.st.microxplorer.plugins.filemanager.engine.MainFileManager.userLoadConfig(MainFileManager.java:352) ~[filemanager.jar:?]
	at com.st.microxplorer.plugins.filemanager.engine.MainFileManager.userLoadConfig(MainFileManager.java:330) ~[filemanager.jar:?]
	at com.st.microxplorer.plugins.filemanager.FileManagerView.getSpecificTask(FileManagerView.java:246) ~[filemanager.jar:?]
	at com.st.stm32cube.common.mx.editor.CubeMxEditor.getMxTabbedPaneInstance(CubeMxEditor.java:1198) ~[com.st.stm32cube.common.mx_6.12.1.202409122256/:?]
	at com.st.stm32cube.common.mx.editor.CubeMxEditor$12$1.createSwingComponent(CubeMxEditor.java:1068) ~[com.st.stm32cube.common.mx_6.12.1.202409122256/:?]
	at com.st.stm32cube.common.mx.oss.core.awtswtbridge.EmbeddedSwingComposite.doComponentCreation(EmbeddedSwingComposite.java:492) ~[com.st.stm32cube.common.mx.oss_6.12.1.202409122256/:?]
	at com.st.stm32cube.common.mx.oss.core.awtswtbridge.EmbeddedSwingComposite$4.run(EmbeddedSwingComposite.java:291) ~[com.st.stm32cube.common.mx.oss_6.12.1.202409122256/:?]
	at com.st.stm32cube.common.mx.oss.core.awtswtbridge.AwtEnvironment$2.run(AwtEnvironment.java:166) ~[com.st.stm32cube.common.mx.oss_6.12.1.202409122256/:?]
	at java.awt.event.InvocationEvent.dispatch(InvocationEvent.java:318) ~[?:?]
	at java.awt.EventQueue.dispatchEventImpl(EventQueue.java:773) ~[?:?]
	at java.awt.EventQueue$4.run(EventQueue.java:720) ~[?:?]
	at java.awt.EventQueue$4.run(EventQueue.java:714) ~[?:?]
	at java.security.AccessController.doPrivileged(AccessController.java:399) ~[?:?]
	at java.security.ProtectionDomain$JavaSecurityAccessImpl.doIntersectionPrivilege(ProtectionDomain.java:86) ~[?:?]
	at java.awt.EventQueue.dispatchEvent(EventQueue.java:742) ~[?:?]
	at java.awt.EventDispatchThread.pumpOneEventForFilters(EventDispatchThread.java:203) ~[?:?]
	at java.awt.EventDispatchThread.pumpEventsForFilter(EventDispatchThread.java:124) ~[?:?]
	at java.awt.EventDispatchThread.pumpEventsForHierarchy(EventDispatchThread.java:113) ~[?:?]
	at java.awt.EventDispatchThread.pumpEvents(EventDispatchThread.java:109) ~[?:?]
	at java.awt.EventDispatchThread.pumpEvents(EventDispatchThread.java:101) ~[?:?]
	at java.awt.EventDispatchThread.run(EventDispatchThread.java:90) ~[?:?]
2024-10-28 23:34:19,660 [WARN] ThirdParty:871 - waiting for thirdparty lock release [close project]
2024-10-28 23:34:19,660 [INFO] ThirdParty:873 - entering critical section [close project]
2024-10-28 23:34:19,660 [INFO] ThirdParty:883 - exiting critical section [close project]
2024-10-28 23:34:19,663 [INFO] PinOutPanel:1561 - setPackage(No Configuration,No Configuration)
2024-10-28 23:34:19,676 [INFO] UtilMem:75 - Begin LoadConfig() Used Memory: 366058496 Bytes (1031798784)
2024-10-28 23:34:19,676 [INFO] MicroXplorer:468 - Change Database Path : 
2024-10-28 23:34:19,676 [INFO] MicroXplorer:498 - Change Database Version : DB.6.0.121
2024-10-28 23:34:19,677 [INFO] OpenFileManager:332 - Change cursor
2024-10-28 23:34:19,686 [INFO] Mcu:2032 - Initializing MCU STM32G474R(B-C-E)Tx STM32G474RETx STM32G474RET6
2024-10-28 23:34:23,560 [INFO] Context:742 - Trying to add GPIOservice into a context  which must be forbidden
2024-10-28 23:34:25,080 [INFO] ApiDbMcu:508 - Load IP Config File for NUCLEO-G474RE
2024-10-28 23:34:25,279 [INFO] RtosManager:555 - Registered RTOS mode: class=CMSIS, group=RTOS, mode=CMSIS_V1, owner=FREERTOS
2024-10-28 23:34:25,279 [INFO] RtosManager:555 - Registered RTOS mode: class=CMSIS, group=RTOS2, mode=CMSIS_V2, owner=FREERTOS
2024-10-28 23:34:25,279 [INFO] RtosManager:555 - Registered RTOS mode: class=RTOS, group=Core, mode=CMSIS_V1, owner=FREERTOS
2024-10-28 23:34:25,279 [INFO] RtosManager:555 - Registered RTOS mode: class=RTOS, group=Core, mode=CMSIS_V2, owner=FREERTOS
2024-10-28 23:34:25,279 [WARN] ModelIntegratedComponent:184 - Missing modes for component STMicroelectronics:FreeRTOS:0.0.1:STMicroelectronics:RTOS:FreeRTOS:Core:::10.2.0:
2024-10-28 23:34:25,285 [WARN] ModelIntegratedComponent:63 - No mode defined for component null
2024-10-28 23:34:25,285 [WARN] ModelIntegratedComponent:63 - No mode defined for component null
2024-10-28 23:34:25,285 [WARN] ModelIntegratedComponent:63 - No mode defined for component null
2024-10-28 23:34:25,285 [WARN] ModelIntegratedComponent:63 - No mode defined for component null
2024-10-28 23:34:25,285 [WARN] ModelIntegratedComponent:63 - No mode defined for component null
2024-10-28 23:34:25,285 [WARN] ModelIntegratedComponent:63 - No mode defined for component null
2024-10-28 23:34:25,285 [WARN] ModelIntegratedComponent:63 - No mode defined for component null
2024-10-28 23:34:25,285 [WARN] ModelIntegratedComponent:63 - No mode defined for component null
2024-10-28 23:34:25,285 [WARN] ModelIntegratedComponent:63 - No mode defined for component null
2024-10-28 23:34:25,285 [WARN] ModelIntegratedComponent:63 - No mode defined for component null
2024-10-28 23:34:25,285 [WARN] ModelIntegratedComponent:63 - No mode defined for component null
2024-10-28 23:34:25,285 [WARN] ModelIntegratedComponent:63 - No mode defined for component null
2024-10-28 23:34:25,285 [WARN] ModelIntegratedComponent:63 - No mode defined for component null
2024-10-28 23:34:25,285 [WARN] ModelIntegratedComponent:63 - No mode defined for component null
2024-10-28 23:34:25,285 [WARN] ModelIntegratedComponent:63 - No mode defined for component null
2024-10-28 23:34:25,285 [WARN] ModelIntegratedComponent:63 - No mode defined for component null
2024-10-28 23:34:25,285 [WARN] ModelIntegratedComponent:63 - No mode defined for component null
2024-10-28 23:34:25,285 [WARN] ModelIntegratedComponent:63 - No mode defined for component null
2024-10-28 23:34:25,285 [WARN] ModelIntegratedComponent:63 - No mode defined for component null
2024-10-28 23:34:25,285 [WARN] ModelIntegratedComponent:63 - No mode defined for component null
2024-10-28 23:34:25,285 [WARN] ModelIntegratedComponent:63 - No mode defined for component null
2024-10-28 23:34:25,286 [WARN] ModelIntegratedComponent:63 - No mode defined for component null
2024-10-28 23:34:25,286 [WARN] ModelIntegratedComponent:63 - No mode defined for component null
2024-10-28 23:34:25,286 [WARN] ModelIntegratedComponent:63 - No mode defined for component null
2024-10-28 23:34:25,286 [WARN] ModelIntegratedComponent:63 - No mode defined for component null
2024-10-28 23:34:25,286 [WARN] ModelIntegratedComponent:63 - No mode defined for component null
2024-10-28 23:34:25,286 [WARN] ModelIntegratedComponent:63 - No mode defined for component null
2024-10-28 23:34:25,286 [WARN] ModelIntegratedComponent:63 - No mode defined for component null
2024-10-28 23:34:25,286 [WARN] ModelIntegratedComponent:63 - No mode defined for component null
2024-10-28 23:34:25,286 [WARN] ModelIntegratedComponent:63 - No mode defined for component null
2024-10-28 23:34:25,286 [WARN] ModelIntegratedComponent:63 - No mode defined for component null
2024-10-28 23:34:25,286 [WARN] ModelIntegratedComponent:63 - No mode defined for component null
2024-10-28 23:34:25,286 [WARN] ModelIntegratedComponent:63 - No mode defined for component null
2024-10-28 23:34:25,286 [WARN] ModelIntegratedComponent:63 - No mode defined for component null
2024-10-28 23:34:25,286 [WARN] ModelIntegratedComponent:63 - No mode defined for component null
2024-10-28 23:34:25,286 [WARN] ModelPack:524 - Component already loaded: STMicroelectronics:HAL Drivers:0.0.0:STMicroelectronics:Device:STMicro_Driver:XSPI:HAL::0.0.1:HAL_XSPI
2024-10-28 23:34:25,310 [INFO] ThirdPartyModel:298 - Start build external matchings
2024-10-28 23:34:25,737 [INFO] ThirdPartyModel:316 - End build external matchings
2024-10-28 23:34:25,746 [INFO] RtosManager:919 - Current active RTOS is FREERTOS [Cortex-M4NS]
2024-10-28 23:34:25,752 [INFO] ImportTextPane:205 - (OptionalMessage_ERROR) IP (DMA) : Parameter (Instance) has Id (LPUART1_RX) currently not set
2024-10-28 23:34:25,752 [INFO] ImportTextPane:205 - (OptionalMessage_ERROR) IP (DMA) : Parameter (Request) has Id (LPUART1_RX) currently not set
2024-10-28 23:34:25,753 [INFO] ImportTextPane:205 - (OptionalMessage_ERROR) IP (DMA) : Parameter (Direction) has Id (LPUART1_RX) currently not set
2024-10-28 23:34:25,753 [INFO] ImportTextPane:205 - (OptionalMessage_ERROR) IP (DMA) : Parameter (PeriphInc) has Id (LPUART1_RX) currently not set
2024-10-28 23:34:25,753 [INFO] ImportTextPane:205 - (OptionalMessage_ERROR) IP (DMA) : Parameter (MemInc) has Id (LPUART1_RX) currently not set
2024-10-28 23:34:25,753 [INFO] ImportTextPane:205 - (OptionalMessage_ERROR) IP (DMA) : Parameter (PeriphDataAlignment) has Id (LPUART1_RX) currently not set
2024-10-28 23:34:25,754 [INFO] ImportTextPane:205 - (OptionalMessage_ERROR) IP (DMA) : Parameter (MemDataAlignment) has Id (LPUART1_RX) currently not set
2024-10-28 23:34:25,754 [INFO] ImportTextPane:205 - (OptionalMessage_ERROR) IP (DMA) : Parameter (Mode) has Id (LPUART1_RX) currently not set
2024-10-28 23:34:25,754 [INFO] ImportTextPane:205 - (OptionalMessage_ERROR) IP (DMA) : Parameter (Priority) has Id (LPUART1_RX) currently not set
2024-10-28 23:34:25,754 [INFO] ImportTextPane:205 - (OptionalMessage_ERROR) IP (DMA) : Parameter (SignalID) has Id (LPUART1_RX) currently not set
2024-10-28 23:34:25,754 [INFO] ImportTextPane:205 - (OptionalMessage_ERROR) IP (DMA) : Parameter (Polarity) has Id (LPUART1_RX) currently not set
2024-10-28 23:34:25,754 [INFO] ImportTextPane:205 - (OptionalMessage_ERROR) IP (DMA) : Parameter (RequestNumber) has Id (LPUART1_RX) currently not set
2024-10-28 23:34:25,754 [INFO] ImportTextPane:205 - (OptionalMessage_ERROR) IP (DMA) : Parameter (SyncSignalID) has Id (LPUART1_RX) currently not set
2024-10-28 23:34:25,754 [INFO] ImportTextPane:205 - (OptionalMessage_ERROR) IP (DMA) : Parameter (SyncPolarity) has Id (LPUART1_RX) currently not set
2024-10-28 23:34:25,755 [INFO] ImportTextPane:205 - (OptionalMessage_ERROR) IP (DMA) : Parameter (SyncEnable) has Id (LPUART1_RX) currently not set
2024-10-28 23:34:25,755 [INFO] ImportTextPane:205 - (OptionalMessage_ERROR) IP (DMA) : Parameter (EventEnable) has Id (LPUART1_RX) currently not set
2024-10-28 23:34:25,755 [INFO] ImportTextPane:205 - (OptionalMessage_ERROR) IP (DMA) : Parameter (SyncRequestNumber) has Id (LPUART1_RX) currently not set
2024-10-28 23:34:25,755 [INFO] ImportTextPane:205 - (OptionalMessage_ERROR) IP (DMA) : Parameter (Instance) has Id (LPUART1_TX) currently not set
2024-10-28 23:34:25,755 [INFO] ImportTextPane:205 - (OptionalMessage_ERROR) IP (DMA) : Parameter (Request) has Id (LPUART1_TX) currently not set
2024-10-28 23:34:25,755 [INFO] ImportTextPane:205 - (OptionalMessage_ERROR) IP (DMA) : Parameter (Direction) has Id (LPUART1_TX) currently not set
2024-10-28 23:34:25,755 [INFO] ImportTextPane:205 - (OptionalMessage_ERROR) IP (DMA) : Parameter (PeriphInc) has Id (LPUART1_TX) currently not set
2024-10-28 23:34:25,755 [INFO] ImportTextPane:205 - (OptionalMessage_ERROR) IP (DMA) : Parameter (MemInc) has Id (LPUART1_TX) currently not set
2024-10-28 23:34:25,755 [INFO] ImportTextPane:205 - (OptionalMessage_ERROR) IP (DMA) : Parameter (PeriphDataAlignment) has Id (LPUART1_TX) currently not set
2024-10-28 23:34:25,755 [INFO] ImportTextPane:205 - (OptionalMessage_ERROR) IP (DMA) : Parameter (MemDataAlignment) has Id (LPUART1_TX) currently not set
2024-10-28 23:34:25,755 [INFO] ImportTextPane:205 - (OptionalMessage_ERROR) IP (DMA) : Parameter (Mode) has Id (LPUART1_TX) currently not set
2024-10-28 23:34:25,755 [INFO] ImportTextPane:205 - (OptionalMessage_ERROR) IP (DMA) : Parameter (Priority) has Id (LPUART1_TX) currently not set
2024-10-28 23:34:25,755 [INFO] ImportTextPane:205 - (OptionalMessage_ERROR) IP (DMA) : Parameter (SignalID) has Id (LPUART1_TX) currently not set
2024-10-28 23:34:25,755 [INFO] ImportTextPane:205 - (OptionalMessage_ERROR) IP (DMA) : Parameter (Polarity) has Id (LPUART1_TX) currently not set
2024-10-28 23:34:25,755 [INFO] ImportTextPane:205 - (OptionalMessage_ERROR) IP (DMA) : Parameter (RequestNumber) has Id (LPUART1_TX) currently not set
2024-10-28 23:34:25,755 [INFO] ImportTextPane:205 - (OptionalMessage_ERROR) IP (DMA) : Parameter (SyncSignalID) has Id (LPUART1_TX) currently not set
2024-10-28 23:34:25,755 [INFO] ImportTextPane:205 - (OptionalMessage_ERROR) IP (DMA) : Parameter (SyncPolarity) has Id (LPUART1_TX) currently not set
2024-10-28 23:34:25,756 [INFO] ImportTextPane:205 - (OptionalMessage_ERROR) IP (DMA) : Parameter (SyncEnable) has Id (LPUART1_TX) currently not set
2024-10-28 23:34:25,756 [INFO] ImportTextPane:205 - (OptionalMessage_ERROR) IP (DMA) : Parameter (EventEnable) has Id (LPUART1_TX) currently not set
2024-10-28 23:34:25,756 [INFO] ImportTextPane:205 - (OptionalMessage_ERROR) IP (DMA) : Parameter (SyncRequestNumber) has Id (LPUART1_TX) currently not set
2024-10-28 23:34:25,761 [INFO] ImportTextPane:205 - (OptionalMessage_ERROR) IP (RCC) : Invalid parameter (FamilyName)
2024-10-28 23:34:25,762 [INFO] ImportTextPane:205 - (OptionalMessage_ERROR) IP (RCC) : Parameter (RNGFreq_Value) has invalid value (170000000)
2024-10-28 23:34:25,762 [INFO] ImportTextPane:205 - (OptionalMessage_ERROR) IP (RCC) : Parameter (USBFreq_Value) has invalid value (170000000)
2024-10-28 23:34:26,049 [INFO] UtilMem:75 - End LoadConfig() Used Memory: 555057520 Bytes (1047527424)
2024-10-28 23:34:26,059 [WARN] ThirdParty:833 - waiting for thirdparty lock release [change project]
2024-10-28 23:34:26,059 [INFO] ThirdParty:835 - entering critical section [change project]
2024-10-28 23:34:26,059 [INFO] ThirdParty:1030 - CMSIS Pack Vendor :STMicroelectronics USBPD 4.1
2024-10-28 23:34:26,059 [INFO] ThirdParty:1030 - CMSIS Pack Vendor :STMicroelectronics X-CUBE-AZRTOS-H7 3.3.0
2024-10-28 23:34:26,059 [INFO] ThirdParty:1030 - CMSIS Pack Vendor :STMicroelectronics X-CUBE-NFC9 1.0.0
2024-10-28 23:34:26,059 [INFO] ThirdParty:1030 - CMSIS Pack Vendor :STMicroelectronics USB_HOST 2.0.0
2024-10-28 23:34:26,059 [INFO] ThirdParty:1030 - CMSIS Pack Vendor :STMicroelectronics FP-SNS-MOTENVWB1 1.4.0
2024-10-28 23:34:26,059 [INFO] ThirdParty:1030 - CMSIS Pack Vendor :STMicroelectronics X-CUBE-AZRTOS-F4 1.1.0
2024-10-28 23:34:26,059 [INFO] ThirdParty:1030 - CMSIS Pack Vendor :STMicroelectronics LIBJPEG 8.0.0
2024-10-28 23:34:26,059 [INFO] ThirdParty:1030 - CMSIS Pack Vendor :STMicroelectronics X-CUBE-SMBUS 2.1.0
2024-10-28 23:34:26,059 [INFO] ThirdParty:1030 - CMSIS Pack Vendor :STMicroelectronics X-CUBE-WB05N 1.1.0
2024-10-28 23:34:26,059 [INFO] ThirdParty:1030 - CMSIS Pack Vendor :STMicroelectronics USB_DEVICE 3.0.0
2024-10-28 23:34:26,059 [INFO] ThirdParty:1030 - CMSIS Pack Vendor :STMicroelectronics X-CUBE-TCPP 4.1.0
2024-10-28 23:34:26,059 [INFO] ThirdParty:1030 - CMSIS Pack Vendor :STMicroelectronics X-CUBE-ISPU 2.1.0
2024-10-28 23:34:26,059 [INFO] ThirdParty:1030 - CMSIS Pack Vendor :STMicroelectronics X-CUBE-FREERTOS 1.2.0
2024-10-28 23:34:26,059 [INFO] ThirdParty:1030 - CMSIS Pack Vendor :STMicroelectronics X-CUBE-IPS 3.0.0
2024-10-28 23:34:26,059 [INFO] ThirdParty:1030 - CMSIS Pack Vendor :STMicroelectronics X-CUBE-AZRTOS-WB 2.0.0
2024-10-28 23:34:26,059 [INFO] ThirdParty:1030 - CMSIS Pack Vendor :STMicroelectronics X-CUBE-GNSS1 7.0.0
2024-10-28 23:34:26,059 [INFO] ThirdParty:1030 - CMSIS Pack Vendor :STMicroelectronics X-CUBE-AZRTOS-F7 1.1.0
2024-10-28 23:34:26,059 [INFO] ThirdParty:1030 - CMSIS Pack Vendor :STMicroelectronics X-CUBE-AZRTOS-L5 2.0.0
2024-10-28 23:34:26,059 [INFO] ThirdParty:1030 - CMSIS Pack Vendor :STMicroelectronics USB_DEVICE 2.0.0
2024-10-28 23:34:26,059 [INFO] ThirdParty:1030 - CMSIS Pack Vendor :STMicroelectronics X-CUBE-NFC6 3.1.0
2024-10-28 23:34:26,060 [INFO] ThirdParty:1030 - CMSIS Pack Vendor :STMicroelectronics FP-SNS-STBOX1 2.0.0
2024-10-28 23:34:26,060 [INFO] ThirdParty:1030 - CMSIS Pack Vendor :STMicroelectronics X-CUBE-MEMS1 11.0.0
2024-10-28 23:34:26,060 [INFO] ThirdParty:1030 - CMSIS Pack Vendor :STMicroelectronics FreeRTOS 0.0.1
2024-10-28 23:34:26,060 [INFO] ThirdParty:1030 - CMSIS Pack Vendor :STMicroelectronics X-CUBE-AZRTOS-G0 1.1.0
2024-10-28 23:34:26,060 [INFO] ThirdParty:1030 - CMSIS Pack Vendor :STMicroelectronics X-CUBE-SAFEA1 1.2.2
2024-10-28 23:34:26,060 [INFO] ThirdParty:1030 - CMSIS Pack Vendor :STMicroelectronics X-CUBE-NFC4 3.0.0
2024-10-28 23:34:26,060 [INFO] ThirdParty:1030 - CMSIS Pack Vendor :STMicroelectronics X-CUBE-DPower 1.2.0
2024-10-28 23:34:26,060 [INFO] ThirdParty:1030 - CMSIS Pack Vendor :STMicroelectronics X-CUBE-SUBG2 5.0.0
2024-10-28 23:34:26,060 [INFO] ThirdParty:1030 - CMSIS Pack Vendor :STMicroelectronics STM32_WPAN 1.0.0
2024-10-28 23:34:26,060 [INFO] ThirdParty:1030 - CMSIS Pack Vendor :EmbeddedOffice I-CUBE-FS-RTOS 1.0.1
2024-10-28 23:34:26,060 [INFO] ThirdParty:1030 - CMSIS Pack Vendor :STMicroelectronics lwIP 2.0.3
2024-10-28 23:34:26,060 [INFO] ThirdParty:1030 - CMSIS Pack Vendor :STMicroelectronics FP-SNS-FLIGHT1 5.0.2
2024-10-28 23:34:26,060 [INFO] ThirdParty:1030 - CMSIS Pack Vendor :Cesanta I-CUBE-Mongoose 7.13.0
2024-10-28 23:34:26,060 [INFO] ThirdParty:1030 - CMSIS Pack Vendor :STMicroelectronics USB_HOST 1.0.0
2024-10-28 23:34:26,060 [INFO] ThirdParty:1030 - CMSIS Pack Vendor :STMicroelectronics X-CUBE-AZRTOS-G4 2.0.0
2024-10-28 23:34:26,060 [INFO] ThirdParty:1030 - CMSIS Pack Vendor :STMicroelectronics PDM2PCM 3.1.0
2024-10-28 23:34:26,060 [INFO] ThirdParty:1030 - CMSIS Pack Vendor :STMicroelectronics PDM2PCM 3.3.0
2024-10-28 23:34:26,060 [INFO] ThirdParty:1030 - CMSIS Pack Vendor :STMicroelectronics X-CUBE-DISPLAY 3.0.0
2024-10-28 23:34:26,060 [INFO] ThirdParty:1030 - CMSIS Pack Vendor :RealThread X-CUBE-RT-Thread_Nano 4.1.1
2024-10-28 23:34:26,060 [INFO] ThirdParty:1030 - CMSIS Pack Vendor :STMicroelectronics X-CUBE-BLE1 7.0.0
2024-10-28 23:34:26,060 [INFO] ThirdParty:1030 - CMSIS Pack Vendor :STMicroelectronics FP-ATR-SIGFOX1 3.2.0
2024-10-28 23:34:26,060 [INFO] ThirdParty:1030 - CMSIS Pack Vendor :STMicroelectronics X-CUBE-NFC10 1.0.0
2024-10-28 23:34:26,060 [INFO] ThirdParty:1030 - CMSIS Pack Vendor :wolfSSL I-CUBE-wolfSSL 5.7.2
2024-10-28 23:34:26,060 [INFO] ThirdParty:1030 - CMSIS Pack Vendor :STMicroelectronics X-CUBE-EEPRMA1 5.1.0
2024-10-28 23:34:26,060 [INFO] ThirdParty:1030 - CMSIS Pack Vendor :STMicroelectronics HAL Drivers 0.0.0
2024-10-28 23:34:26,060 [INFO] ThirdParty:1030 - CMSIS Pack Vendor :STMicroelectronics MBEDTLS 2.16.2
2024-10-28 23:34:26,060 [INFO] ThirdParty:1030 - CMSIS Pack Vendor :STMicroelectronics X-CUBE-ALS 1.0.2
2024-10-28 23:34:26,060 [INFO] ThirdParty:1030 - CMSIS Pack Vendor :emotas I-CUBE-CANOPEN 1.3.0
2024-10-28 23:34:26,061 [INFO] ThirdParty:1030 - CMSIS Pack Vendor :STMicroelectronics X-CUBE-NFC7 1.0.1
2024-10-28 23:34:26,061 [INFO] ThirdParty:1030 - CMSIS Pack Vendor :STMicroelectronics MBEDTLS 2.14.1
2024-10-28 23:34:26,061 [INFO] ThirdParty:1030 - CMSIS Pack Vendor :ITTIA_DB I-CUBE-ITTIADB 8.9.0
2024-10-28 23:34:26,061 [INFO] ThirdParty:1030 - CMSIS Pack Vendor :STMicroelectronics X-CUBE-TOUCHGFX 4.24.1
2024-10-28 23:34:26,061 [INFO] ThirdParty:1030 - CMSIS Pack Vendor :wolfSSL I-CUBE-wolfTPM 3.4.0
2024-10-28 23:34:26,061 [INFO] ThirdParty:1030 - CMSIS Pack Vendor :portGmbH I-Cube-SoM-uGOAL 1.1.0
2024-10-28 23:34:26,061 [INFO] ThirdParty:1030 - CMSIS Pack Vendor :STMicroelectronics X-CUBE-BLEMGR 3.1.0
2024-10-28 23:34:26,061 [INFO] ThirdParty:1030 - CMSIS Pack Vendor :STMicroelectronics ThreadX 1.0.0
2024-10-28 23:34:26,061 [INFO] ThirdParty:1030 - CMSIS Pack Vendor :STMicroelectronics FP-SNS-SMARTAG2 1.2.0
2024-10-28 23:34:26,061 [INFO] ThirdParty:1030 - CMSIS Pack Vendor :STMicroelectronics X-CUBE-AZRTOS-WL 2.0.0
2024-10-28 23:34:26,061 [INFO] ThirdParty:1030 - CMSIS Pack Vendor :SEGGER I-CUBE-embOS 1.3.1
2024-10-28 23:34:26,061 [INFO] ThirdParty:1030 - CMSIS Pack Vendor :STMicroelectronics X-CUBE-ALGOBUILD 1.4.0
2024-10-28 23:34:26,061 [INFO] ThirdParty:1030 - CMSIS Pack Vendor :STMicroelectronics FP-SNS-MOTENV1 5.0.0
2024-10-28 23:34:26,061 [INFO] ThirdParty:1030 - CMSIS Pack Vendor :STMicroelectronics USB_DEVICE 1.0.0
2024-10-28 23:34:26,061 [INFO] ThirdParty:1030 - CMSIS Pack Vendor :STMicroelectronics X-CUBE-AZRTOS-H7RS 1.0.0
2024-10-28 23:34:26,061 [INFO] ThirdParty:1030 - CMSIS Pack Vendor :wolfSSL I-CUBE-wolfMQTT 1.19.0
2024-10-28 23:34:26,061 [INFO] ThirdParty:1030 - CMSIS Pack Vendor :STMicroelectronics X-CUBE-AZRTOS-L4 2.0.0
2024-10-28 23:34:26,061 [INFO] ThirdParty:1030 - CMSIS Pack Vendor :STMicroelectronics ThreadX 0.0.2
2024-10-28 23:34:26,061 [INFO] ThirdParty:1030 - CMSIS Pack Vendor :WES I-CUBE-Cesium 1.3.0
2024-10-28 23:34:26,061 [INFO] ThirdParty:1030 - CMSIS Pack Vendor :STMicroelectronics FP-ATR-ASTRA1 2.0.0
2024-10-28 23:34:26,061 [INFO] ThirdParty:1030 - CMSIS Pack Vendor :STMicroelectronics lwIP 2.1.2
2024-10-28 23:34:26,061 [INFO] ThirdParty:1030 - CMSIS Pack Vendor :STMicroelectronics X-CUBE-SFXS2LP1 4.0.0
2024-10-28 23:34:26,061 [INFO] ThirdParty:1030 - CMSIS Pack Vendor :STMicroelectronics X-CUBE-BLE2 3.3.0
2024-10-28 23:34:26,061 [INFO] ThirdParty:1030 - CMSIS Pack Vendor :STMicroelectronics X-CUBE-TOF1 3.4.2
2024-10-28 23:34:26,061 [INFO] ThirdParty:1030 - CMSIS Pack Vendor :STMicroelectronics X-CUBE-AI 9.1.0
2024-10-28 23:34:26,061 [INFO] ThirdParty:1030 - CMSIS Pack Vendor :Infineon AIROC-Wi-Fi-Bluetooth-STM32 1.6.1
2024-10-28 23:34:26,061 [INFO] ThirdParty:1030 - CMSIS Pack Vendor :STMicroelectronics PDM2PCM 3.2.0
2024-10-28 23:34:26,061 [INFO] ThirdParty:1030 - CMSIS Pack Vendor :wolfSSL I-CUBE-wolfSSH 1.4.17
2024-10-28 23:34:26,062 [INFO] ThirdParty:841 - exiting critical section [change project]
2024-10-28 23:34:26,677 [INFO] PinOutPanel:1561 - setPackage(No Configuration,No Configuration)
2024-10-28 23:34:26,678 [INFO] PinOutPanel:1561 - setPackage(STM32G474RETx,LQFP64)
2024-10-28 23:34:27,103 [INFO] UtilMem:75 - Before build in PCC Used Memory: 630527160 Bytes (1047527424)
2024-10-28 23:34:27,360 [INFO] UtilMem:75 - After build in PCC Used Memory: 730141864 Bytes (1047527424)
2024-10-28 23:34:27,366 [INFO] ApiDbMcu:508 - Load IP Config File for FREERTOS
2024-10-28 23:34:27,393 [INFO] IPUIPlugin:80 - create IPUIPlugin
2024-10-28 23:34:27,393 [INFO] IPUIPlugin:80 - create IPUIPlugin
2024-10-28 23:34:27,394 [INFO] IPUIPlugin:80 - create IPUIPlugin
2024-10-28 23:34:27,394 [INFO] IPUIPlugin:80 - create IPUIPlugin
2024-10-28 23:34:27,394 [INFO] IPUIPlugin:80 - create IPUIPlugin
2024-10-28 23:34:27,394 [INFO] IPUIPlugin:80 - create IPUIPlugin
2024-10-28 23:34:27,394 [INFO] IPUIPlugin:80 - create IPUIPlugin
2024-10-28 23:34:27,394 [INFO] IPUIPlugin:80 - create IPUIPlugin
2024-10-28 23:34:27,394 [INFO] IPUIPlugin:80 - create IPUIPlugin
2024-10-28 23:34:27,394 [INFO] IPUIPlugin:80 - create IPUIPlugin
2024-10-28 23:34:27,394 [INFO] IPUIPlugin:80 - create IPUIPlugin
2024-10-28 23:34:27,394 [INFO] IPUIPlugin:80 - create IPUIPlugin
2024-10-28 23:34:27,394 [INFO] IPUIPlugin:80 - create IPUIPlugin
2024-10-28 23:34:27,394 [INFO] IPUIPlugin:80 - create IPUIPlugin
2024-10-28 23:34:27,394 [INFO] IPUIPlugin:80 - create IPUIPlugin
2024-10-28 23:34:27,395 [INFO] IPUIPlugin:80 - create IPUIPlugin
2024-10-28 23:34:27,395 [INFO] IPUIPlugin:80 - create IPUIPlugin
2024-10-28 23:34:27,395 [INFO] IPUIPlugin:80 - create IPUIPlugin
2024-10-28 23:34:27,395 [INFO] IPUIPlugin:80 - create IPUIPlugin
2024-10-28 23:34:27,395 [INFO] IPUIPlugin:80 - create IPUIPlugin
2024-10-28 23:34:27,395 [INFO] IPUIPlugin:80 - create IPUIPlugin
2024-10-28 23:34:27,395 [INFO] IPUIPlugin:80 - create IPUIPlugin
2024-10-28 23:34:27,395 [INFO] IPUIPlugin:80 - create IPUIPlugin
2024-10-28 23:34:27,396 [INFO] IPUIPlugin:80 - create IPUIPlugin
2024-10-28 23:34:27,396 [INFO] IPUIPlugin:80 - create IPUIPlugin
2024-10-28 23:34:27,396 [INFO] IPUIPlugin:80 - create IPUIPlugin
2024-10-28 23:34:27,396 [INFO] IPUIPlugin:80 - create IPUIPlugin
2024-10-28 23:34:27,396 [INFO] IPUIPlugin:80 - create IPUIPlugin
2024-10-28 23:34:27,397 [INFO] IPUIPlugin:80 - create IPUIPlugin
2024-10-28 23:34:27,397 [INFO] IPUIPlugin:80 - create IPUIPlugin
2024-10-28 23:34:27,397 [INFO] IPUIPlugin:80 - create IPUIPlugin
2024-10-28 23:34:27,397 [INFO] IPUIPlugin:80 - create IPUIPlugin
2024-10-28 23:34:27,397 [INFO] IPUIPlugin:80 - create IPUIPlugin
2024-10-28 23:34:27,397 [INFO] IPUIPlugin:80 - create IPUIPlugin
2024-10-28 23:34:27,397 [INFO] IPUIPlugin:80 - create IPUIPlugin
2024-10-28 23:34:27,398 [INFO] IPUIPlugin:80 - create IPUIPlugin
2024-10-28 23:34:27,398 [INFO] IPUIPlugin:80 - create IPUIPlugin
2024-10-28 23:34:27,398 [INFO] IPUIPlugin:80 - create IPUIPlugin
2024-10-28 23:34:27,398 [INFO] IPUIPlugin:80 - create IPUIPlugin
2024-10-28 23:34:27,398 [INFO] IPUIPlugin:80 - create IPUIPlugin
2024-10-28 23:34:27,399 [INFO] IPUIPlugin:80 - create IPUIPlugin
2024-10-28 23:34:27,399 [INFO] IPUIPlugin:80 - create IPUIPlugin
2024-10-28 23:34:27,399 [INFO] IPUIPlugin:80 - create IPUIPlugin
2024-10-28 23:34:27,399 [INFO] IPUIPlugin:80 - create IPUIPlugin
2024-10-28 23:34:27,399 [INFO] IPUIPlugin:80 - create IPUIPlugin
2024-10-28 23:34:27,400 [INFO] IPUIPlugin:80 - create IPUIPlugin
2024-10-28 23:34:27,400 [INFO] IPUIPlugin:80 - create IPUIPlugin
2024-10-28 23:34:27,400 [INFO] IPUIPlugin:80 - create IPUIPlugin
2024-10-28 23:34:27,400 [INFO] IPUIPlugin:80 - create IPUIPlugin
2024-10-28 23:34:27,401 [INFO] IPUIPlugin:80 - create IPUIPlugin
2024-10-28 23:34:27,401 [INFO] IPUIPlugin:80 - create IPUIPlugin
2024-10-28 23:34:27,401 [INFO] IPUIPlugin:80 - create IPUIPlugin
2024-10-28 23:34:27,401 [INFO] IPUIPlugin:80 - create IPUIPlugin
2024-10-28 23:34:27,402 [INFO] IPUIPlugin:80 - create IPUIPlugin
2024-10-28 23:34:27,402 [INFO] IPUIPlugin:80 - create IPUIPlugin
2024-10-28 23:34:27,402 [INFO] IPUIPlugin:80 - create IPUIPlugin
2024-10-28 23:34:27,402 [INFO] IPUIPlugin:80 - create IPUIPlugin
2024-10-28 23:34:27,402 [INFO] IPUIPlugin:80 - create IPUIPlugin
2024-10-28 23:34:27,402 [INFO] IPUIPlugin:80 - create IPUIPlugin
2024-10-28 23:34:27,402 [INFO] IPUIPlugin:80 - create IPUIPlugin
2024-10-28 23:34:27,402 [INFO] IPUIPlugin:80 - create IPUIPlugin
2024-10-28 23:34:27,402 [INFO] IPUIPlugin:80 - create IPUIPlugin
2024-10-28 23:34:27,402 [INFO] IPUIPlugin:80 - create IPUIPlugin
2024-10-28 23:34:27,402 [INFO] IPUIPlugin:80 - create IPUIPlugin
2024-10-28 23:34:27,403 [INFO] IPUIPlugin:80 - create IPUIPlugin
2024-10-28 23:34:27,403 [INFO] IPUIPlugin:80 - create IPUIPlugin
2024-10-28 23:34:27,403 [INFO] IPUIPlugin:80 - create IPUIPlugin
2024-10-28 23:34:27,403 [INFO] IPUIPlugin:80 - create IPUIPlugin
2024-10-28 23:34:27,403 [INFO] IPUIPlugin:80 - create IPUIPlugin
2024-10-28 23:34:27,404 [INFO] IPUIPlugin:80 - create IPUIPlugin
2024-10-28 23:34:27,404 [INFO] IPUIPlugin:80 - create IPUIPlugin
2024-10-28 23:34:27,404 [INFO] IPUIPlugin:80 - create IPUIPlugin
2024-10-28 23:34:27,404 [INFO] IPUIPlugin:80 - create IPUIPlugin
2024-10-28 23:34:27,404 [INFO] IPUIPlugin:80 - create IPUIPlugin
2024-10-28 23:34:27,405 [INFO] IPUIPlugin:80 - create IPUIPlugin
2024-10-28 23:34:27,405 [INFO] IPUIPlugin:80 - create IPUIPlugin
2024-10-28 23:34:27,406 [INFO] IPUIPlugin:80 - create IPUIPlugin
2024-10-28 23:34:27,406 [INFO] IPUIPlugin:80 - create IPUIPlugin
2024-10-28 23:34:27,415 [WARN] FreeRTOS:1023 - Null or empty value: should not occur! (nothing added to the table)
2024-10-28 23:34:27,480 [INFO] CADModel:165 - CPN selected for project levelSTM32G474RET6
2024-10-28 23:34:27,480 [INFO] CADModel:114 - Register for checkConnection events
2024-10-28 23:34:27,483 [INFO] RtosManager:697 - Active RTOS found at IOC load: FREERTOS [Cortex-M4NS]
2024-10-28 23:34:27,524 [INFO] OpenFileManager:363 - Restore cursor
